10 1 14.935236 5.307078
20 1 14.494732 5.329273
30 1 14.054229 5.351469
40 1 13.613725 5.373664
50 1 13.172590 5.393711
60 1 12.726404 5.393711
70 1 12.280218 5.393711
80 1 11.834032 5.393711
90 1 11.387846 5.393711
100 1 10.956182 5.397769
110 1 10.654165 5.439295
120 1 10.352147 5.480822
130 1 10.000881 5.497767
140 1 9.637408 5.508745
150 1 9.193537 5.499915
160 1 8.695997 5.478436
170 1 8.198668 5.456718
180 1 7.700708 5.427124
190 1 7.201485 5.379392
200 1 6.702472 5.331660
210 1 6.203249 5.283928
220 1 5.715391 5.300873
230 1 5.230058 5.334047
240 1 4.744725 5.367220
250 1 4.262550 5.386790
260 1 3.792160 5.351707
270 1 3.321560 5.316386
280 1 2.851171 5.281303
290 1 2.401617 5.290372
300 1 1.957326 5.310181
310 1 1.513034 5.329989
320 1 1.074845 5.369845
330 1 0.661492 5.489175
340 1 0.248138 5.608505
350 1 -0.165426 5.727835
10 2 15.182111 5.824970
20 2 14.828740 5.816378
30 2 14.475580 5.808025
40 2 14.122209 5.799433
50 2 13.688440 5.871747
60 2 13.254882 5.944061
70 2 12.821114 6.016375
80 2 12.358301 6.062914
90 2 11.882650 6.098235
100 2 11.407209 6.133557
110 2 10.933662 6.123533
120 2 10.460116 6.113748
130 2 9.994778 6.114941
140 2 9.534911 6.123772
150 2 9.075045 6.132602
160 2 8.582136 6.139046
170 2 8.085649 6.145251
180 2 7.589161 6.151218
190 2 7.092674 6.157423
200 2 6.606500 6.123294
210 2 6.120536 6.089166
220 2 5.634361 6.055038
230 2 5.148398 6.021148
240 2 4.683901 6.002771
250 2 4.224666 5.988213
260 2 3.765431 5.973655
270 2 3.328295 5.989168
280 2 2.913048 6.034274
290 2 2.497800 6.079381
300 2 2.082552 6.124488
310 2 1.655729 6.168640
320 2 1.226380 6.212553
330 2 0.796821 6.256228
340 2 0.367262 6.300141
350 2 -0.062298 6.344055
80 3 4.038194 0.128876
90 3 4.430922 0.940320
100 3 4.846170 1.607374
110 3 5.276360 2.178009
120 3 5.736647 2.730984
130 3 6.267861 3.242432
140 3 6.792972 3.715217
150 3 7.294089 4.033351
160 3 7.812675 4.343608
170 3 8.489321 4.582268
180 3 9.153338 4.835486
190 3 9.812304 5.094909
200 3 10.466009 5.309703
210 3 11.111926 5.457911
220 3 11.757844 5.606119
230 3 12.396395 5.835232
240 3 13.027790 6.145490
250 3 13.606569 6.476034
260 3 14.132732 6.827102
270 3 14.658895 7.177932
280 3 15.185058 7.529001
220 4 -0.027571 6.827580
230 4 0.531003 6.818272
240 4 1.089578 6.809203
250 4 1.655729 6.790587
260 4 2.251977 6.734980
270 4 2.848224 6.679372
280 4 3.448681 6.614934
290 4 4.065555 6.516129
300 4 4.682428 6.417562
310 4 5.297196 6.328065
320 4 5.907124 6.260763
330 4 6.516842 6.193460
340 4 7.126770 6.126158
350 4 7.745116 6.064346
360 4 8.376511 6.010647
370 4 9.007907 5.956949
380 4 9.639302 5.903250
390 4 10.270697 5.886305
400 4 10.902093 5.924252
410 4 11.533488 5.962199
420 4 12.164883 6.000146
430 4 12.796279 6.038093
440 4 13.421991 6.005874
450 4 14.047704 5.973655
460 4 14.673417 5.941436
470 4 15.299130 5.908978
210 5 7.291143 0.194030
220 5 6.961765 0.941036
230 5 6.632387 1.688279
240 5 6.244500 2.435285
250 5 5.841880 3.182528
260 5 5.461991 3.846480
270 5 5.105252 4.427617
280 5 4.727888 4.982978
290 5 4.269495 5.434522
300 5 3.810892 5.886305
310 5 3.372493 6.342623
320 5 2.963770 6.806100
330 5 2.555257 7.269339
340 5 2.146744 7.732578
350 5 1.725814 8.095340
360 5 1.304884 8.458103
370 5 0.974243 8.827071
380 5 0.733681 9.202006
390 5 0.493120 9.577179
400 5 0.252558 9.952114
210 6 6.692790 0.095464
220 6 6.328475 0.820512
230 6 5.964160 1.545800
240 6 5.591006 2.230276
250 6 5.203960 2.853894
260 6 4.816915 3.477512
270 6 4.426502 4.070104
280 6 4.028092 4.589905
290 6 3.629681 5.109945
300 6 3.204542 5.586310
310 6 2.752463 6.019477
320 6 2.300384 6.452645
330 6 1.884715 6.914452
340 6 1.478307 7.383657
350 6 1.071899 7.852623
360 6 0.723369 8.266698
370 6 0.381363 8.674329
380 6 0.160164 9.070027
390 6 0.059562 9.454031
400 6 -0.041251 9.838034
330 7 0.001894 7.691289
340 7 0.308121 7.420172
350 7 0.614137 7.149054
360 7 0.962036 6.922805
370 7 1.337927 6.726865
380 7 1.713817 6.530687
390 7 2.115595 6.416369
400 7 2.523687 6.322337
410 7 2.931779 6.228305
420 7 3.339871 6.177470
430 7 3.747542 6.170072
440 7 4.155423 6.162673
450 7 4.573196 6.154082
460 7 5.014121 6.142626
470 7 5.455045 6.131170
480 7 5.895970 6.119953
490 7 6.337315 6.105872
500 7 6.780344 6.068164
510 7 7.188857 6.035706
520 7 7.459515 6.024489
530 7 7.698182 6.005397
540 7 7.650196 5.916615
550 7 7.602000 5.828072
560 7 7.553803 5.739530
570 7 7.604736 5.449319
580 7 7.721754 5.025221
590 7 7.969682 4.579643
600 7 8.250232 4.128815
610 7 8.637909 3.601138
620 7 9.024533 3.071790
630 7 9.401687 2.524782
640 7 9.778840 1.977774
650 7 10.182092 1.444369
660 7 10.596497 0.916215
670 7 11.011114 0.388299
680 7 11.425730 -0.139616
380 8 -0.003999 5.125219
390 8 0.436715 5.155052
400 8 0.877429 5.184884
410 8 1.317933 5.214717
420 8 1.756752 5.230468
430 8 2.194309 5.236673
440 8 2.631866 5.242878
450 8 3.069423 5.249322
460 8 3.483618 5.244788
470 8 3.891710 5.237389
480 8 4.299802 5.230230
490 8 4.739043 5.229275
500 8 5.209222 5.234287
510 8 5.679401 5.239299
520 8 6.149580 5.244310
530 8 6.619759 5.249561
540 8 7.072680 5.260539
550 8 7.521392 5.273188
560 8 7.969893 5.285599
570 8 8.418604 5.298248
580 8 8.899096 5.289178
590 8 9.379588 5.280348
600 8 9.860080 5.271279
610 8 10.340572 5.262210
620 8 10.821064 5.253141
630 8 11.271459 5.237389
640 8 11.708805 5.218774
650 8 12.146362 5.199920
660 8 12.583709 5.181304
670 8 13.021266 5.162450
680 8 13.448721 5.158154
690 8 13.869651 5.163643
700 8 14.290581 5.168894
710 8 14.711511 5.174144
720 8 15.132441 5.179395
390 9 0.131330 4.090152
400 9 0.603614 4.180365
410 9 1.075687 4.270817
420 9 1.547760 4.361031
430 9 2.014993 4.430242
440 9 2.474649 4.467950
450 9 2.934305 4.505658
460 9 3.393960 4.543367
470 9 3.844777 4.561743
480 9 4.289700 4.566994
490 9 4.734413 4.572483
500 9 5.179336 4.577972
510 9 5.621944 4.580359
520 9 6.055292 4.571051
530 9 6.488429 4.561743
540 9 6.921777 4.552436
550 9 7.355124 4.542889
560 9 7.790366 4.531434
570 9 8.241814 4.501601
580 9 8.693472 4.471769
590 9 9.145130 4.441936
600 9 9.596788 4.412104
610 9 10.067809 4.397784
620 9 10.584501 4.419502
630 9 11.100982 4.441220
640 9 11.617674 4.462938
650 9 12.134366 4.484656
660 9 12.605808 4.486804
670 9 13.072198 4.486804
680 9 13.538589 4.486804
690 9 14.005190 4.488475
700 9 14.473054 4.497305
710 9 14.940708 4.506136
720 9 15.408361 4.515205
400 10 0.063140 8.687217
410 10 0.273605 8.448557
420 10 0.484070 8.209897
430 10 0.694535 7.971237
440 10 1.036751 7.873625
450 10 1.412010 7.811335
460 10 1.815051 7.729236
470 10 2.245873 7.626851
480 10 2.682167 7.536399
490 10 3.126670 7.463369
500 10 3.570962 7.390578
510 10 4.015253 7.317548
520 10 4.458072 7.249053
530 10 4.900680 7.181751
540 10 5.343078 7.114449
550 10 5.785686 7.047147
560 10 6.170837 7.040464
570 10 6.549674 7.040464
580 10 6.928511 7.040464
590 10 7.266308 7.013734
600 10 7.599474 6.983902
610 10 7.888232 6.906815
620 10 8.132372 6.782712
630 10 8.376511 6.658608
640 10 8.711361 6.506821
650 10 9.046211 6.354794
660 10 9.435151 6.258137
670 10 9.837771 6.175084
680 10 10.259543 6.122340
690 10 10.700257 6.099906
700 10 11.140760 6.077710
710 10 11.577475 6.031649
720 10 12.004719 5.930219
730 10 12.432174 5.829027
740 10 12.859418 5.727835
750 10 13.232783 5.566263
760 10 13.606148 5.404451
770 10 13.979724 5.242878
780 10 14.295843 4.982023
790 10 14.605647 4.710190
800 10 14.915452 4.438356
810 10 15.225467 4.166523
430 11 0.126279 5.638576
440 11 0.547209 5.669364
450 11 0.968140 5.700151
460 11 1.390753 5.732370
470 11 1.828731 5.777476
480 11 2.266709 5.822583
490 11 2.704687 5.867690
500 11 3.141402 5.915183
510 11 3.575592 5.966018
520 11 4.009992 6.016852
530 11 4.444392 6.067448
540 11 4.878792 6.118283
550 11 5.295092 6.167924
560 11 5.703604 6.217088
570 11 6.112117 6.266252
580 11 6.545465 6.272696
590 11 7.036480 6.179857
600 11 7.527706 6.087257
610 11 8.018721 5.994418
620 11 8.525521 5.966495
630 11 9.039056 5.966495
640 11 9.555116 5.960528
650 11 10.081279 5.930696
660 11 10.607442 5.900864
670 11 11.133604 5.871031
680 11 11.659767 5.791557
690 11 12.185930 5.711845
700 11 12.712093 5.632371
710 11 13.238255 5.552898
720 11 13.736426 5.482254
730 11 14.227441 5.414236
740 11 14.605437 5.248368
750 11 14.934815 5.040972
760 11 15.264193 4.833338
450 12 0.147326 4.319742
460 12 0.659387 4.407331
470 12 1.171659 4.494680
480 12 1.683721 4.582268
490 12 2.137063 4.619022
500 12 2.590405 4.655775
510 12 3.043746 4.692529
520 12 3.496878 4.724987
530 12 3.948536 4.719020
540 12 4.400194 4.713292
550 12 4.852063 4.707326
560 12 5.303721 4.701598
570 12 5.647410 4.733340
580 12 5.991310 4.765320
590 12 6.335000 4.797062
600 12 6.746459 4.807802
610 12 7.157708 4.818780
620 12 7.598632 4.746227
630 12 8.047133 4.652911
640 12 8.524679 4.553152
650 12 9.031268 4.446948
660 12 9.538068 4.340983
670 12 10.075807 4.206618
680 12 10.621543 4.065092
690 12 11.168962 3.933113
700 12 11.733009 3.885382
710 12 12.297055 3.837650
720 12 12.866574 3.828342
730 12 13.440091 3.844809
740 12 14.013398 3.861277
750 12 14.534300 3.769632
760 12 15.032681 3.631448
450 13 -0.007787 5.198726
460 13 0.491226 5.239537
470 13 0.990449 5.280587
480 13 1.489462 5.321398
490 13 2.004680 5.351946
500 13 2.543892 5.366743
510 13 3.083314 5.381778
520 13 3.604636 5.384642
530 13 4.053979 5.339536
540 13 4.503322 5.294429
550 13 4.952665 5.249322
560 13 5.383066 5.221160
570 13 5.794525 5.210421
580 13 6.222611 5.209466
590 13 6.689423 5.231900
600 13 7.156445 5.254334
610 13 7.624309 5.268176
620 13 8.099329 5.206841
630 13 8.574349 5.145505
640 13 9.049368 5.084170
650 13 9.564587 4.990138
660 13 10.106745 4.874388
670 13 10.648903 4.758638
680 13 11.205583 4.675345
690 13 11.796148 4.667708
700 13 12.386924 4.660071
710 13 12.973280 4.646706
720 13 13.542167 4.611385
730 13 14.111265 4.576063
740 13 14.648372 4.462938
750 13 15.153488 4.272010
530 14 14.992903 5.399917
540 14 14.400444 5.550272
550 14 13.807984 5.700389
560 14 13.242886 5.841915
570 14 12.705147 5.974371
580 14 12.167198 6.107066
590 14 11.629460 6.239522
600 14 11.083093 6.417562
610 14 10.535883 6.600614
620 14 9.988674 6.783427
630 14 9.421892 6.937124
640 14 8.852794 7.087241
650 14 8.292957 7.237120
660 14 7.770582 7.385328
670 14 7.247997 7.533535
680 14 6.727517 7.685562
690 14 6.211457 7.847373
700 14 5.695396 8.008946
710 14 5.178073 8.150709
720 14 4.655278 8.212284
730 14 4.132482 8.273858
740 14 3.610529 8.327795
750 14 3.093837 8.313237
760 14 2.577145 8.298917
770 14 2.060664 8.284359
780 14 1.571543 8.376959
790 14 1.089157 8.496289
800 14 0.674962 8.677432
810 14 0.363263 8.951413
820 14 0.051353 9.225633
560 15 15.262719 5.224024
570 15 14.779281 5.409702
580 15 14.296053 5.595140
590 15 13.812825 5.780818
600 15 13.299501 5.923059
610 15 12.782809 6.060527
620 15 12.266328 6.197995
630 15 11.792150 6.366489
640 15 11.346595 6.556223
650 15 10.900830 6.745719
660 15 10.455065 6.924714
670 15 10.008668 7.062182
680 15 9.562061 7.199650
690 15 9.115665 7.336880
700 15 8.629069 7.429480
710 15 8.138054 7.517068
720 15 7.646829 7.604417
730 15 7.188225 7.723508
740 15 6.733200 7.846180
750 15 6.278174 7.968612
760 15 5.826516 8.075532
770 15 5.388959 8.119445
780 15 4.951402 8.163358
790 15 4.513845 8.207272
800 15 4.056715 8.230899
810 15 3.569909 8.223262
820 15 3.083314 8.215864
830 15 2.608505 8.226365
840 15 2.180839 8.308464
850 15 1.753385 8.390324
860 15 1.325930 8.472423
870 15 1.013600 8.657146
880 15 0.701270 8.841868
890 15 0.388940 9.026830
900 15 0.310436 9.227781
910 15 0.257820 9.430642
920 15 0.205203 9.633503
930 15 0.152587 9.836364
570 16 14.828951 4.790857
580 16 14.333305 5.014242
590 16 13.837660 5.237389
600 16 13.341594 5.445739
610 16 12.844054 5.619245
620 16 12.346725 5.792989
630 16 11.849186 5.966495
640 16 11.389319 6.169833
650 16 10.929453 6.373171
660 16 10.470218 6.555030
670 16 10.013088 6.686532
680 16 9.555747 6.818272
690 16 9.098196 6.941659
700 16 8.639593 7.052397
710 16 8.180989 7.163135
720 16 7.720702 7.253826
730 16 7.258942 7.330674
740 16 6.797392 7.407762
750 16 6.349943 7.491770
760 16 5.916595 7.583176
770 16 5.483248 7.674345
780 16 5.050321 7.758353
790 16 4.620551 7.778400
800 16 4.190781 7.798209
810 16 3.724601 7.804175
820 16 3.242425 7.804175
830 16 2.760460 7.804175
840 16 2.270287 7.859545
850 16 1.774642 7.951906
860 16 1.278996 8.044267
870 16 0.851963 8.187702
880 16 0.493330 8.382209
890 16 0.134908 8.576717
620 17 0.223303 9.910587
630 17 0.333166 9.588873
640 17 0.459235 9.281718
650 17 0.650548 9.032080
660 17 0.841860 8.782681
670 17 1.129566 8.607743
680 17 1.417062 8.432567
690 17 1.704767 8.257629
700 17 2.125698 8.134481
710 17 2.546628 8.011332
720 17 2.967558 7.888184
730 17 3.414586 7.764558
740 17 3.864560 7.641171
750 17 4.314535 7.517784
760 17 4.706842 7.398454
770 17 5.098938 7.279124
780 17 5.547018 7.234017
790 17 6.008779 7.207526
800 17 6.470539 7.181035
810 17 6.939245 7.159794
820 17 7.434890 7.159794
830 17 7.930536 7.159794
840 17 8.427233 7.156453
850 17 8.935296 7.123518
860 17 9.443359 7.090583
870 17 9.946792 7.071490
880 17 10.431493 7.107766
890 17 10.916194 7.143804
900 17 11.400895 7.180080
910 17 11.822667 7.379600
920 17 12.237283 7.597019
930 17 12.652110 7.814676
940 17 13.066095 7.987466
950 17 13.479448 8.115388
960 17 13.893012 8.243071
970 17 14.323414 8.341637
980 17 14.761181 8.427555
990 17 15.198948 8.513472
640 18 -0.011997 8.949742
650 18 0.258662 8.711083
660 18 0.529109 8.472423
670 18 0.799767 8.233763
680 18 1.192706 8.050711
690 18 1.585434 7.867898
700 18 1.978372 7.684846
710 18 2.420980 7.586040
720 18 2.863799 7.487235
730 18 3.305775 7.386043
740 18 3.741228 7.262656
750 18 4.176680 7.139269
760 18 4.622235 7.020894
770 18 5.107778 6.923043
780 18 5.593531 6.824954
790 18 6.079285 6.727104
800 18 6.562092 6.650255
810 18 7.038795 6.622093
820 18 7.515499 6.593932
830 18 7.992202 6.566008
840 18 8.494372 6.570304
850 18 8.999488 6.578180
860 18 9.504604 6.586294
870 18 10.040449 6.627344
880 18 10.579871 6.671973
890 18 11.119082 6.716841
900 18 11.605046 6.847150
910 18 12.068069 7.014212
920 18 12.531093 7.181273
930 18 12.986329 7.334493
940 18 13.438197 7.481985
950 18 13.890066 7.629476
960 18 14.329938 7.766706
970 18 14.741608 7.881024
980 18 15.153488 7.995103
990 19 0.313593 5.167462
1000 19 0.937622 5.208511
1010 19 1.561862 5.249800
1020 19 2.172631 5.278439
1030 19 2.763828 5.288701
1040 19 3.354814 5.298725
1050 19 3.946010 5.308987
1060 19 4.536996 5.319011
1070 19 5.143136 5.328080
1080 19 5.755800 5.336672
1090 19 6.368464 5.345025
1100 19 6.981128 5.353617
1110 19 7.593581 5.362208
1120 19 8.208139 5.361015
1130 19 8.839535 5.272711
1140 19 9.470930 5.184645
1150 19 10.102325 5.096341
1160 19 10.733721 5.008276
1170 19 11.320708 4.950759
1180 19 11.863287 4.924268
1190 19 12.405655 4.897776
1200 19 12.948234 4.871285
1210 19 13.490814 4.844794
1220 19 13.917216 4.820212
1230 19 14.343408 4.795869
1240 19 14.769810 4.771287
1250 19 15.196212 4.746943
1160 20 13.191322 13.647761
1170 20 13.207527 13.262086
1180 20 13.223733 12.876651
1190 20 13.233204 12.496466
1200 20 13.182061 12.163774
1210 20 13.131129 11.831082
1220 20 13.079986 11.498390
1230 20 13.001693 11.168563
1240 20 12.916244 10.839689
1250 20 12.831005 10.510816
1260 20 12.747872 10.177170
1270 20 12.684732 9.803429
1280 20 12.621593 9.429449
1290 20 12.554665 9.058571
1300 20 12.453641 8.714901
1310 20 12.352618 8.371231
1320 20 12.192244 8.097727
1330 20 11.992302 7.871000
1340 20 11.768788 7.682698
1350 20 11.529700 7.519932
1360 20 11.214423 7.410864
1370 20 10.785074 7.382225
1380 20 10.355725 7.353586
1390 20 9.798624 7.514442
1400 20 9.227422 7.696301
1410 20 8.718096 7.820643
1420 20 8.224345 7.930904
1430 20 7.719860 8.032334
1440 20 7.172651 8.099159
1450 20 6.625442 8.165984
1460 20 6.090650 8.191520
1470 20 5.561120 8.199157
1480 20 5.031379 8.206795
1490 20 4.526263 8.188895
1500 20 4.037142 8.153812
1510 20 3.548231 8.118729
1520 20 3.063530 8.072906
1530 20 2.595666 7.984602
1540 20 2.128013 7.896059
1550 20 1.638260 7.806801
1560 20 1.126199 7.716349
1570 20 0.614348 7.626135
1580 20 0.102286 7.535922
1210 21 13.672655 12.051365
1220 21 13.647400 11.650417
1230 21 13.622144 11.249468
1240 21 13.551007 10.821551
1250 21 13.468294 10.386713
1260 21 13.385581 9.952114
1270 21 13.301395 9.562382
1280 21 13.217209 9.172412
1290 21 13.133023 8.782681
1300 21 12.958758 8.420634
1310 21 12.784703 8.058587
1320 21 12.602230 7.700358
1330 21 12.346094 7.378645
1340 21 12.089747 7.057170
1350 21 11.701860 6.851684
1360 21 11.280930 6.675315
1370 21 10.823379 6.597273
1380 21 10.329207 6.618036
1390 21 9.831246 6.667200
1400 21 9.317711 6.829489
1410 21 8.804176 6.991777
1420 21 8.330840 7.146190
1430 21 7.874973 7.297501
1440 21 7.418895 7.448572
1450 21 6.938403 7.516113
1460 21 6.447178 7.548093
1470 21 5.956163 7.579835
1480 21 5.460517 7.559072
1490 21 4.963188 7.515636
1500 21 4.465649 7.472200
1510 21 3.953166 7.410625
1520 21 3.417953 7.322083
1530 21 2.882741 7.233540
1540 21 2.347528 7.144758
1550 21 1.828731 7.066001
1560 21 1.311829 6.987959
1570 21 0.794716 6.910156
1580 21 0.277814 6.832353
1590 21 -0.239299 6.754550
1170 22 0.342848 4.132156
1180 22 0.989186 4.140748
1190 22 1.635524 4.149339
1200 22 2.309013 4.164852
1210 22 3.000601 4.185377
1220 22 3.692189 4.205902
1230 22 4.382936 4.240269
1240 22 5.066948 4.399216
1250 22 5.750959 4.558402
1260 22 6.434971 4.717588
1270 22 7.092674 4.870808
1280 22 7.724070 5.018061
1290 22 8.355465 5.165553
1300 22 8.991069 5.292281
1310 22 9.664558 5.232616
1320 22 10.337836 5.158393
1330 22 11.009430 4.953861
1340 22 11.680814 4.749330
1350 22 12.376190 4.520933
1360 22 13.071777 4.292774
1370 22 13.790305 4.179410
1380 22 14.518936 4.114972
1390 22 15.247355 4.050773
1190 23 0.063140 5.178918
1200 23 0.520059 5.274382
1210 23 0.977190 5.369845
1220 23 1.434109 5.465309
1230 23 1.904288 5.566024
1240 23 2.387516 5.672227
1250 23 2.870955 5.778192
1260 23 3.313563 5.868406
1270 23 3.746279 5.954562
1280 23 4.178995 6.040718
1290 23 4.607923 6.108259
1300 23 5.022118 6.100622
1310 23 5.436524 6.093223
1320 23 5.850930 6.085825
1330 23 6.271860 6.069835
1340 23 6.692790 6.054083
1350 23 7.113721 6.038093
1360 23 7.457410 5.990361
1370 23 7.801310 5.942629
1380 23 8.145000 5.894897
1390 23 8.523837 5.856711
1400 23 8.902674 5.818526
1410 23 9.309503 5.811366
1420 23 9.744535 5.835232
1430 23 10.179566 5.859098
1440 23 10.596076 5.864587
1450 23 10.994276 5.851700
1460 23 11.392476 5.838812
1470 23 11.790676 5.825924
1480 23 12.155202 5.727835
1490 23 12.511309 5.608505
1500 23 12.864048 5.473663
1510 23 13.202476 5.276530
1520 23 13.541115 5.079397
1530 23 13.962045 4.872717
1540 23 14.392236 4.665322
1550 23 14.816744 4.534536
1560 23 15.237674 4.455062
1200 24 -0.017258 9.204631
1210 24 0.250664 8.911796
1220 24 0.518586 8.618960
1230 24 0.800399 8.371708
1240 24 1.096313 8.170280
1250 24 1.392437 7.969089
1260 24 1.692139 7.811335
1270 24 2.000892 7.755728
1280 24 2.309434 7.699881
1290 24 2.644284 7.650240
1300 24 3.039537 7.613964
1310 24 3.435001 7.577926
1320 24 3.830465 7.541650
1330 24 4.225929 7.498214
1340 24 4.621393 7.454778
1350 24 5.016646 7.411580
1360 24 5.374648 7.351438
1370 24 5.716653 7.284374
1380 24 6.058659 7.217311
1390 24 6.411188 7.129962
1400 24 6.774240 7.022565
1410 24 7.137293 6.915168
1420 24 7.500345 6.807771
1430 24 7.846139 6.713262
1440 24 8.174675 6.631879
1450 24 8.503211 6.550257
1460 24 8.831747 6.468874
1470 24 9.165966 6.404436
1480 24 9.508603 6.365534
1490 24 9.851240 6.326633
1500 24 10.193878 6.287970
1510 24 10.533147 6.239522
1520 24 10.842742 6.106111
1530 24 11.152125 5.972700
1540 24 11.461719 5.839528
1550 24 11.783100 5.695855
1560 24 12.109741 5.547647
1570 24 12.436383 5.399439
1580 24 12.797331 5.351230
1590 24 13.166908 5.327841
1600 24 13.536484 5.304691
1610 24 13.906061 5.281303
1620 24 14.237965 5.334763
1630 24 14.553662 5.420919
1640 24 14.869360 5.507075
1650 24 15.185058 5.593231
1220 25 0.105233 8.209897
1230 25 0.393570 8.041881
1240 25 0.682117 7.874103
1250 25 0.983714 7.719451
1260 25 1.316459 7.596303
1270 25 1.648994 7.473154
1280 25 1.994157 7.366235
1290 25 2.388779 7.324469
1300 25 2.783401 7.282704
1310 25 3.178023 7.240938
1320 25 3.573487 7.200127
1330 25 3.972950 7.163374
1340 25 4.372202 7.126859
1350 25 4.771665 7.090105
1360 25 5.160394 7.033304
1370 25 5.524499 6.930203
1380 25 5.888393 6.826864
1390 25 6.252497 6.723763
1400 25 6.607342 6.608729
1410 25 6.956082 6.486057
1420 25 7.305033 6.363386
1430 25 7.656510 6.243818
1440 25 8.034295 6.152411
1450 25 8.411870 6.061243
1460 25 8.789444 5.970075
1470 25 9.123663 5.923059
1480 25 9.439360 5.894897
1490 25 9.755058 5.866735
1500 25 10.069072 5.803729
1510 25 10.379297 5.659340
1520 25 10.689312 5.514951
1530 25 10.999538 5.370561
1540 25 11.308711 5.242878
1550 25 11.616832 5.132140
1560 25 11.925164 5.021164
1570 25 12.298739 4.962692
1580 25 12.700517 4.926416
1590 25 13.102505 4.890378
1600 25 13.490814 4.874626
1610 25 13.859127 4.889423
1620 25 14.227441 4.904459
1630 25 14.586284 4.918778
1640 25 14.907033 4.929995
1650 25 15.227572 4.941451
1220 26 15.145490 4.020940
1230 26 14.593861 3.905906
1240 26 14.042443 3.790634
1250 26 13.490814 3.675361
1260 26 12.824271 3.699227
1270 26 12.157938 3.723093
1280 26 11.491395 3.746959
1290 26 10.890096 3.706148
1300 26 10.288797 3.665099
1310 26 9.687499 3.624288
1320 26 9.106194 3.617128
1330 26 8.544883 3.643619
1340 26 7.983573 3.670110
1350 26 7.422473 3.696602
1360 26 6.830435 3.688726
1370 26 6.234818 3.677032
1380 26 5.639413 3.665576
1390 26 5.044007 3.653882
1400 26 4.452600 3.665576
1410 26 3.862245 3.682998
1420 26 3.271891 3.700420
1430 26 2.681536 3.717842
1440 26 2.111596 3.726911
1450 26 1.550496 3.732162
1460 26 0.989186 3.737412
1470 26 0.427876 3.742663
1480 26 -0.133224 3.747913
1220 27 0.093026 4.128815
1230 27 0.635184 4.128815
1240 27 1.177342 4.128815
1250 27 1.719500 4.128815
1260 27 2.279127 4.145282
1270 27 2.850329 4.172489
1280 27 3.421531 4.199696
1290 27 3.999468 4.232632
1300 27 4.636546 4.316401
1310 27 5.273624 4.400409
1320 27 5.910702 4.484179
1330 27 6.527786 4.572244
1340 27 7.114773 4.666515
1350 27 7.701971 4.760547
1360 27 8.288958 4.854818
1370 27 8.902674 4.892526
1380 27 9.534069 4.892526
1390 27 10.165465 4.892526
1400 27 10.788862 4.871047
1410 27 11.404052 4.828326
1420 27 12.019241 4.785368
1430 27 12.634431 4.742648
1440 27 13.213000 4.652195
1450 27 13.767575 4.529763
1460 27 14.321940 4.407569
1470 27 14.876305 4.285375
1480 27 15.430670 4.163182
1230 28 0.383257 4.923313
1240 28 0.939516 4.889185
1250 28 1.495776 4.855056
1260 28 2.035829 4.874388
1270 28 2.569148 4.916869
1280 28 3.102256 4.959351
1290 28 3.635364 5.001832
1300 28 4.192675 5.046700
1310 28 4.845538 5.101831
1320 28 5.498611 5.156961
1330 28 6.151474 5.211853
1340 28 6.791499 5.281780
1350 28 7.401427 5.385836
1360 28 8.011144 5.489891
1370 28 8.621072 5.593708
1380 28 9.236472 5.656237
1390 28 9.860290 5.656237
1400 28 10.484109 5.656237
1410 28 11.054048 5.617813
1420 28 11.587998 5.553852
1430 28 12.121738 5.489653
1440 28 12.655688 5.425692
1450 28 13.129234 5.282973
1460 28 13.542588 5.061258
1470 28 13.956152 4.839782
1480 28 14.374767 4.619499
1490 28 14.795697 4.399932
1500 28 15.216627 4.180365
1230 29 15.153488 4.343608
1240 29 14.515147 4.375350
1250 29 13.876596 4.407331
1260 29 13.238255 4.439072
1270 29 12.628538 4.455540
1280 29 12.019031 4.472007
1290 29 11.410997 4.484656
1300 29 10.817907 4.462938
1310 29 10.224816 4.441220
1320 29 9.631725 4.419502
1330 29 9.043265 4.324754
1340 29 8.456278 4.211629
1350 29 8.008197 4.188479
1360 29 7.564116 4.182036
1370 29 7.016907 4.236450
1380 29 6.469697 4.291103
1390 29 5.922488 4.345756
1400 29 5.345814 4.343608
1410 29 4.749566 4.303752
1420 29 4.144479 4.277500
1430 29 3.505086 4.304945
1440 29 2.865482 4.332630
1450 29 2.271550 4.374395
1460 29 1.707714 4.425469
1470 29 1.144088 4.476542
1480 29 0.588250 4.557209
1490 29 0.034306 4.645036
1350 30 0.365999 5.193476
1360 30 0.929414 5.270563
1370 30 1.493039 5.347411
1380 30 2.058349 5.415907
1390 30 2.626605 5.471753
1400 30 3.194860 5.527361
1410 30 3.756802 5.570320
1420 30 4.309273 5.594186
1430 30 4.861744 5.618052
1440 30 5.414215 5.641918
1450 30 5.957215 5.630462
1460 30 6.486324 5.566024
1470 30 7.015223 5.501347
1480 30 7.544332 5.436909
1490 30 8.046713 5.340490
1500 30 8.537938 5.230230
1510 30 9.028953 5.120207
1520 30 9.519968 5.009947
1530 30 10.039186 4.824269
1540 30 10.565349 4.619738
1550 30 11.091511 4.415206
1560 30 11.716382 4.333107
1570 30 12.341253 4.251008
1580 30 12.965914 4.169148
1590 30 13.606990 4.226665
1600 30 14.251855 4.319026
1610 30 14.896931 4.411388
1350 31 0.174897 4.522842
1360 31 0.734313 4.584416
1370 31 1.293519 4.645752
1380 31 1.852724 4.707087
1390 31 2.429609 4.771764
1400 31 3.014281 4.838111
1410 31 3.598953 4.904459
1420 31 4.183625 4.960067
1430 31 4.768298 4.920449
1440 31 5.352759 4.880593
1450 31 5.937431 4.840737
1460 31 6.499163 4.800642
1470 31 7.038164 4.759831
1480 31 7.577165 4.719020
1490 31 8.116166 4.678209
1500 31 8.640014 4.613055
1510 31 9.141131 4.510670
1520 31 9.642249 4.408285
1530 31 10.143366 4.306139
1540 31 10.658795 4.203276
1550 31 11.231260 4.098266
1560 31 11.803725 3.993256
1570 31 12.391133 3.931920
1580 31 12.984855 3.889200
1590 31 13.578788 3.846719
1600 31 14.153358 3.911157
1610 31 14.725823 3.987528
1620 31 15.298288 4.063899
1420 32 0.285601 5.594902
1430 32 0.688431 5.710890
1440 32 1.091472 5.826640
1450 32 1.494302 5.942629
1460 32 1.943645 5.949073
1470 32 2.392988 5.955517
1480 32 2.842331 5.961960
1490 32 3.299672 5.966495
1500 32 3.775534 5.966495
1510 32 4.251395 5.966495
1520 32 4.727257 5.966495
1530 32 5.203118 5.966495
1540 32 5.661511 5.933083
1550 32 6.112538 5.885351
1560 32 6.563565 5.837619
1570 32 6.956714 5.786546
1580 32 7.118561 5.722346
1590 32 7.280409 5.658147
1600 32 7.505607 5.582730
1610 32 7.772687 5.500154
1620 32 8.039767 5.417577
1630 32 8.530782 5.373425
1640 32 9.022008 5.329273
1650 32 9.534069 5.302305
1660 32 10.095380 5.315431
1670 32 10.656480 5.328796
1680 32 11.217790 5.341922
1690 32 11.805198 5.293713
1700 32 12.403551 5.219251
1710 32 13.002114 5.144551
1720 32 13.603412 5.095864
1730 32 14.207658 5.072714
1740 32 14.811903 5.049564
1750 32 15.416148 5.026414
1490 33 14.879883 4.953145
1500 33 14.458953 5.122117
1510 33 14.037181 5.288940
1520 33 13.608884 5.433806
1530 33 13.180377 5.578673
1540 33 12.771444 5.727835
1550 33 12.407971 5.887021
1560 33 12.044287 6.045969
1570 33 11.680814 6.205155
1580 33 11.285350 6.234033
1590 33 10.889886 6.262910
1600 33 10.494632 6.292027
1610 33 10.059601 6.354556
1620 33 9.607732 6.431882
1630 33 9.155864 6.509207
1640 33 8.699154 6.591068
1650 33 8.231501 6.683906
1660 33 7.763847 6.776506
1670 33 7.296194 6.869345
1680 33 6.844746 6.920418
1690 33 6.400454 6.953592
1700 33 5.956163 6.986766
1710 33 5.513134 7.026383
1720 33 5.081470 7.124234
1730 33 4.649595 7.222323
1740 33 4.217931 7.320173
1750 33 3.772377 7.418024
1760 33 3.270838 7.516352
1770 33 2.769510 7.614680
1780 33 2.267972 7.713007
1790 33 1.847884 7.891764
1800 33 1.448000 8.090567
1810 33 1.048116 8.289371
1820 33 0.769460 8.520155
1830 33 0.521322 8.758815
1840 33 0.272973 8.997474
1850 33 0.024835 9.236134
1510 34 15.116236 4.963169
1520 34 14.679100 5.284405
1530 34 14.241964 5.605641
1540 34 13.792831 5.913274
1550 34 13.234257 6.096803
1560 34 12.675682 6.280333
1570 34 12.201715 6.425915
1580 34 11.812354 6.533312
1590 34 11.394792 6.636174
1600 34 10.949237 6.734502
1610 34 10.523255 6.815169
1620 34 10.102325 6.891540
1630 34 9.667925 6.971014
1640 34 9.202376 7.057886
1650 34 8.736828 7.144520
1660 34 8.271279 7.231392
1670 34 7.831196 7.303706
1680 34 7.391114 7.376020
1690 34 6.951031 7.448334
1700 34 6.537467 7.499646
1710 34 6.135268 7.542127
1720 34 5.733070 7.584608
1730 34 5.330871 7.627090
1740 34 4.918570 7.682459
1750 34 4.466070 7.789856
1760 34 4.013570 7.897253
1770 34 3.561070 8.004650
1780 34 3.117409 8.113717
1790 34 2.709317 8.229467
1800 34 2.301015 8.345217
1810 34 1.892923 8.460967
1820 34 1.580172 8.560488
1830 34 1.277944 8.658339
1840 34 0.975716 8.756428
1850 34 0.673488 8.854279
1860 34 0.549735 9.086017
1870 34 0.425981 9.317517
1880 34 0.302017 9.549256
1520 35 15.218732 6.162196
1530 35 14.720561 6.305392
1540 35 14.222601 6.448588
1550 35 13.724430 6.591784
1560 35 13.183955 6.731161
1570 35 12.625381 6.868868
1580 35 12.057125 7.007290
1590 35 11.400264 7.151918
1600 35 10.743192 7.296546
1610 35 10.086330 7.441174
1620 35 9.420839 7.542366
1630 35 8.753244 7.633056
1640 35 8.085438 7.723508
1650 35 7.417843 7.851191
1660 35 6.750037 7.982693
1670 35 6.082442 8.114433
1680 35 5.438629 8.198680
1690 35 4.794816 8.282927
1700 35 4.151214 8.367174
1710 35 3.547179 8.462161
1720 35 2.969873 8.564546
1730 35 2.392778 8.666692
1740 35 1.821786 8.769316
1750 35 1.307199 8.875519
1760 35 0.792822 8.981484
1770 35 0.362421 9.167162
1780 35 0.058509 9.472169
1560 36 15.160854 6.912065
1570 36 14.715300 6.862901
1580 36 14.269534 6.813737
1590 36 13.823769 6.764573
1600 36 13.357168 6.718751
1610 36 12.841108 6.680088
1620 36 12.325047 6.641664
1630 36 11.808355 6.608013
1640 36 11.288296 6.593932
1650 36 10.768447 6.580089
1660 36 10.248388 6.566008
1670 36 9.741378 6.603717
1680 36 9.237524 6.654313
1690 36 8.733671 6.704908
1700 36 8.236973 6.753595
1710 36 7.747431 6.800134
1720 36 7.257889 6.846911
1730 36 6.768347 6.893688
1740 36 6.278806 6.940227
1750 36 5.830936 7.063614
1760 36 5.387907 7.195593
1770 36 4.944878 7.327572
1780 36 4.498271 7.439026
1790 36 4.021357 7.367428
1800 36 3.544232 7.295830
1810 36 3.066056 7.220652
1820 36 2.577145 7.112778
1830 36 2.088445 7.005142
1840 36 1.599535 6.897268
1850 36 1.103889 6.843331
1860 36 0.608244 6.789394
1870 36 0.112599 6.735696
1650 37 15.162117 8.293905
1660 37 14.655317 8.170041
1670 37 14.148727 8.046415
1680 37 13.646137 7.909424
1690 37 13.159962 7.720167
1700 37 12.673578 7.530910
1710 37 12.159622 7.388191
1720 37 11.580843 7.354063
1730 37 11.002064 7.319935
1740 37 10.430019 7.309911
1750 37 9.864710 7.323515
1760 37 9.299611 7.337118
1770 37 8.734302 7.350722
1780 37 8.158049 7.396067
1790 37 7.581795 7.441651
1800 37 7.005542 7.486997
1810 37 6.429288 7.532581
1820 37 5.881027 7.605372
1830 37 5.339710 7.684846
1840 37 4.798604 7.764319
1850 37 4.257499 7.844032
1860 37 3.743332 7.773388
1870 37 3.247266 7.602985
1880 37 2.750989 7.432582
1890 37 2.246505 7.207526
1900 37 1.739915 6.968866
1910 37 1.230379 6.740230
1920 37 0.695377 6.600853
1930 37 0.160374 6.461714
1560 38 0.195522 9.868583
1570 38 0.245192 9.749253
1580 38 0.294651 9.629923
1590 38 0.344110 9.510593
1600 38 0.386835 9.376228
1610 38 0.413564 9.207018
1620 38 0.440503 9.037808
1630 38 0.467233 8.868598
1640 38 0.493962 8.699388
1650 38 0.520901 8.530179
1660 38 0.554786 8.431373
1670 38 0.590565 8.349990
1680 38 0.626555 8.268846
1690 38 0.662334 8.187463
1700 38 0.702533 8.108228
1710 38 0.782720 8.045699
1720 38 0.862907 7.983170
1730 38 0.943094 7.920641
1740 38 1.023281 7.858113
1750 38 1.044117 7.842122
1760 38 1.058640 7.831383
1770 38 1.072951 7.820404
1780 38 1.087263 7.809665
1790 38 1.101574 7.798686
1800 38 1.115886 7.787947
1810 38 1.130198 7.776968
1820 38 1.144720 7.766229
1830 38 1.159031 7.755250
1840 38 1.173343 7.744511
1850 38 1.187655 7.733771
1860 38 1.201966 7.722792
1870 38 1.216488 7.712053
1880 38 1.230800 7.701074
1890 38 1.245112 7.690335
1900 38 1.259423 7.679356
1910 38 1.273735 7.668617
1920 38 1.309935 7.601792
1930 38 1.397067 7.404182
1940 38 1.484200 7.206810
1950 38 1.508403 6.951921
1960 38 1.438108 6.610876
1970 38 1.328456 6.264820
1980 38 1.126830 5.906830
1990 38 0.925205 5.548840
2000 38 0.662965 5.143119
2010 38 0.393991 4.732147
2020 38 0.125016 4.321174
2030 38 -0.143748 3.909963
1620 39 0.073242 7.888900
1630 39 0.175317 7.780309
1640 39 0.277393 7.671719
1650 39 0.379469 7.563368
1660 39 0.469969 7.501793
1670 39 0.557733 7.452152
1680 39 0.614137 7.417069
1690 39 0.623398 7.404182
1700 39 0.632658 7.391294
1710 39 0.642129 7.378406
1720 39 0.651390 7.365519
1730 39 0.660650 7.352392
1740 39 0.670121 7.339505
1750 39 0.679381 7.326617
1760 39 0.688642 7.313730
1770 39 0.698113 7.300842
1780 39 0.707373 7.287716
1790 39 0.716634 7.274828
1800 39 0.726105 7.261940
1810 39 0.735365 7.249053
1820 39 0.744626 7.236165
1830 39 0.754096 7.223277
1840 39 0.763357 7.210151
1850 39 0.772617 7.197264
1860 39 0.782088 7.184376
1870 39 0.791349 7.171488
1880 39 0.800188 7.155975
1890 39 0.805450 7.118267
1900 39 0.810501 7.080320
1910 39 0.815763 7.042612
1920 39 0.820814 7.004665
1930 39 0.825865 6.966718
1940 39 0.831127 6.929010
1950 39 0.836178 6.891063
1960 39 0.841440 6.853355
1970 39 0.792401 6.569350
1980 39 0.737470 6.258137
1990 39 0.573096 5.934992
2000 39 0.335481 5.603971
2010 39 0.097866 5.272950
2020 39 -0.139959 4.941690
1650 40 0.071558 8.194862
1660 40 0.155744 8.043551
1670 40 0.239930 7.892480
1680 40 0.318434 7.757398
1690 40 0.345584 7.765751
1700 40 0.372944 7.774104
1710 40 0.400094 7.782457
1720 40 0.427455 7.791049
1730 40 0.454605 7.799402
1740 40 0.481755 7.807755
1750 40 0.509115 7.816347
1760 40 0.536265 7.824700
1770 40 0.561942 7.823507
1780 40 0.586566 7.815870
1790 40 0.611191 7.808233
1800 40 0.635815 7.800596
1810 40 0.660440 7.792958
1820 40 0.685064 7.785321
1830 40 0.709688 7.777684
1840 40 0.734313 7.770047
1850 40 0.758937 7.762649
1860 40 0.783562 7.755012
1870 40 0.808186 7.747374
1880 40 0.832810 7.739737
1890 40 0.857435 7.732100
1900 40 0.882059 7.724463
1910 40 0.906894 7.716826
1920 40 0.931519 7.709189
1930 40 0.956143 7.701552
1940 40 0.980767 7.693915
1950 40 1.005392 7.686278
1960 40 1.059692 7.572437
1970 40 1.121569 7.432105
1980 40 1.183656 7.291773
1990 40 1.129566 7.112062
2000 40 0.901422 6.873402
2010 40 0.673488 6.634742
2020 40 0.299281 6.263388
2030 40 -0.074926 5.892272
1800 41 0.330430 4.614965
1810 41 0.940779 4.644797
1820 41 1.551128 4.674629
1830 41 2.161477 4.704462
1840 41 2.785927 4.729044
1850 41 3.442999 4.740500
1860 41 4.099860 4.752194
1870 41 4.756932 4.763888
1880 41 5.377804 4.808518
1890 41 5.853035 4.985603
1900 41 6.328265 5.162689
1910 41 6.796971 5.318295
1920 41 7.206746 5.280587
1930 41 7.540123 5.247174
1940 41 7.567694 5.229991
1950 41 7.595265 5.212807
1960 41 7.622625 5.195624
1970 41 7.650196 5.178440
1980 41 7.677767 5.161257
1990 41 7.705128 5.144073
2000 41 7.732699 5.126890
2010 41 7.760270 5.109706
2020 41 7.787840 5.092761
2030 41 7.815201 5.075578
2040 41 7.842772 5.058394
2050 41 7.870343 5.041211
2060 41 7.897703 5.024027
2070 41 7.925274 5.006844
2080 41 7.952845 4.989660
2090 41 8.299271 4.948134
2100 41 8.681265 4.903982
2110 41 9.065785 4.871524
2120 41 9.460407 4.886559
2130 41 9.855029 4.901356
2140 41 10.249651 4.916392
2150 41 10.696047 4.909232
2160 41 11.142444 4.901834
2170 41 11.589051 4.894674
2180 41 11.989145 4.995388
2190 41 12.369666 5.142164
2200 41 12.738190 5.303975
2210 41 12.998746 5.599436
2220 41 13.259302 5.894897
2230 41 13.408311 6.302528
2240 41 13.557531 6.710398
2250 41 13.654555 7.122563
2260 41 13.716853 7.538070
2270 41 13.779151 7.953576
2280 41 13.821033 8.411326
2290 41 13.860390 8.873610
2300 41 13.899958 9.336133
2310 41 13.890066 9.774551
2320 41 13.859127 10.202706
2330 41 13.828189 10.630862
2340 41 13.808195 11.052574
2350 41 13.813877 11.459012
2360 41 13.819560 11.865211
2370 41 13.825243 12.271648
1930 42 0.196364 4.818303
1940 42 0.851121 4.809472
1950 42 1.506088 4.800642
1960 42 2.158951 4.773912
1970 42 2.810762 4.735488
1980 42 3.462572 4.697064
1990 42 4.137955 4.593008
2000 42 4.837330 4.423559
2010 42 5.536495 4.254350
2020 42 6.225558 4.091584
2030 42 6.899046 3.938841
2040 42 7.572535 3.786099
2050 42 8.336944 3.736458
2060 42 9.111456 3.698272
2070 42 9.909750 3.693022
2080 42 10.743823 3.737174
2090 42 11.577896 3.781326
2100 42 12.369455 3.829774
2110 42 13.142915 3.879654
2120 42 13.916164 3.929534
2130 42 14.689412 3.979414
2140 42 15.462872 4.029532
1960 43 15.233044 4.348859
1970 43 14.613013 4.335971
1980 43 13.992983 4.323084
1990 43 13.373164 4.309957
2000 43 12.753133 4.297070
2010 43 12.138154 4.295876
2020 43 11.523807 4.295876
2030 43 10.909459 4.295876
2040 43 10.310265 4.288478
2050 43 9.770843 4.251008
2060 43 9.231631 4.213777
2070 43 8.692209 4.176546
2080 43 8.079966 4.122371
2090 43 7.467723 4.067956
2100 43 6.868108 4.076309
2110 43 6.271860 4.100175
2120 43 5.675613 4.124041
2130 43 5.158710 4.102323
2140 43 4.661802 4.069150
2150 43 4.164894 4.035976
2160 43 3.711131 3.973208
2170 43 3.430581 3.791350
2180 43 3.169394 3.627152
2190 43 3.083314 3.621662
2200 43 2.997234 3.616173
2210 43 2.911153 3.610923
2220 43 2.825073 3.605434
2230 43 2.788242 3.602331
2240 43 2.772457 3.600183
2250 43 2.756672 3.598035
2260 43 2.740887 3.595887
2270 43 2.725102 3.593978
2280 43 2.709317 3.591830
2290 43 2.693532 3.589682
2300 43 2.677748 3.587534
2310 43 2.661963 3.585386
2320 43 2.646388 3.583477
2330 43 2.630603 3.581329
2340 43 2.614819 3.579181
2350 43 2.599034 3.577033
2360 43 2.583249 3.574885
2370 43 2.567464 3.572737
2380 43 2.551679 3.570828
2390 43 2.535894 3.568680
2400 43 2.520109 3.566532
2410 43 2.504535 3.564384
2420 43 2.488750 3.562236
2430 43 2.472965 3.560327
2440 43 2.457180 3.558179
2450 43 2.441395 3.556031
2460 43 2.423295 3.553644
2470 43 2.405195 3.551496
2480 43 2.387095 3.549110
2490 43 2.368995 3.546962
2500 43 2.350685 3.544575
2510 43 2.332585 3.542427
2520 43 2.314485 3.540041
2530 43 2.296385 3.537654
2540 43 2.278285 3.535506
2550 43 2.260185 3.533120
2560 43 2.242085 3.530972
2570 43 2.223985 3.528585
2580 43 2.205674 3.526437
2590 43 2.187574 3.524051
2600 43 2.169474 3.521664
2610 43 2.151374 3.519516
2620 43 2.133274 3.517129
2630 43 2.115174 3.514982
2640 43 2.097074 3.512595
2650 43 2.078974 3.510447
2660 43 2.052035 3.507822
2670 43 1.946802 3.502810
2680 43 1.841570 3.497798
2690 43 1.736337 3.492786
2700 43 1.631105 3.488013
2710 43 1.494302 3.425245
2720 43 1.283837 3.227635
2730 43 1.073372 3.030263
2740 43 0.943726 2.904012
2750 43 0.935096 2.884442
2760 43 0.926678 2.865111
2770 43 0.918049 2.845779
2780 43 0.909420 2.826448
2790 43 0.901001 2.806878
2800 43 0.892372 2.787546
2810 43 0.883743 2.768215
2820 43 0.875324 2.748884
2830 43 0.866695 2.729552
2840 43 0.858277 2.709982
2850 43 0.849648 2.690651
2860 43 0.841019 2.671319
2870 43 0.832600 2.651988
2880 43 0.823971 2.632418
2890 43 0.815552 2.613086
2900 43 0.806923 2.593755
2910 43 0.798294 2.574423
2920 43 0.789876 2.555092
2930 43 0.781246 2.535522
2940 43 0.743573 2.140062
2950 43 0.693483 1.583030
2960 43 0.656230 1.002371
2970 43 0.627607 0.405722
2980 43 0.598773 -0.190928
1970 44 14.746659 4.936201
1980 44 14.101162 4.928325
1990 44 13.455666 4.920449
2000 44 12.821955 4.885366
2010 44 12.199610 4.823076
2020 44 11.571161 4.766275
2030 44 10.917036 4.732385
2040 44 10.263121 4.698257
2050 44 9.576162 4.634296
2060 44 8.839535 4.525944
2070 44 8.114903 4.452676
2080 44 7.438468 4.520933
2090 44 6.866845 4.647422
2100 44 6.321530 4.788470
2110 44 5.850930 4.874865
2120 44 5.430000 4.925222
2130 44 4.968871 4.947895
2140 44 4.490484 4.958635
2150 44 4.069343 4.955055
2160 44 3.705028 4.936678
2170 44 3.340713 4.918301
2180 44 3.137193 4.752194
2190 44 2.923150 4.553152
2200 44 2.595666 4.288001
2210 44 2.339109 4.040272
2220 44 2.188837 3.818557
2230 44 2.038565 3.596842
2240 44 1.973952 3.510208
2250 44 1.966376 3.513550
2260 44 1.959009 3.516652
2270 44 1.951643 3.519993
2280 44 1.944066 3.523096
2290 44 1.936700 3.526437
2300 44 1.929334 3.529778
2310 44 1.921967 3.532881
2320 44 1.914391 3.536222
2330 44 1.907024 3.539325
2340 44 1.899658 3.542666
2350 44 1.892081 3.546007
2360 44 1.884715 3.549110
2370 44 1.877349 3.552451
2380 44 1.869772 3.555554
2390 44 1.862406 3.558895
2400 44 1.855039 3.562236
2410 44 1.847463 3.565339
2420 44 1.840096 3.568680
2430 44 1.832730 3.571783
2440 44 1.825153 3.575124
2450 44 1.817787 3.578226
2460 44 1.810421 3.581568
2470 44 1.802844 3.584909
2480 44 1.795478 3.588011
2490 44 1.788112 3.591353
2500 44 1.780535 3.594455
2510 44 1.773169 3.597796
2520 44 1.765802 3.601138
2530 44 1.758226 3.604240
2540 44 1.750859 3.607582
2550 44 1.743493 3.610684
2560 44 1.735916 3.614025
2570 44 1.728550 3.617367
2580 44 1.721184 3.620469
2590 44 1.713607 3.623810
2600 44 1.706241 3.626913
2610 44 1.752964 3.745766
2620 44 1.812946 3.893496
2630 44 1.954379 3.969390
2640 44 2.130749 4.014735
2650 44 2.307119 4.059842
2660 44 2.483488 4.104949
2670 44 2.583670 4.445993
2680 44 2.683851 4.786800
2690 44 2.784453 5.241208
2700 44 2.885266 5.708026
2710 44 2.938093 6.157423
2720 44 2.959139 6.594886
2730 44 2.980186 7.032588
2740 44 2.997234 7.424706
2750 44 3.011756 7.786992
2760 44 3.026278 8.149039
2770 44 3.034275 8.268607
2780 44 3.039116 8.284120
2790 44 3.044167 8.299872
2800 44 3.049219 8.315385
2810 44 3.054270 8.331136
2820 44 3.059321 8.346649
2830 44 3.064372 8.362401
2840 44 3.069213 8.377914
2850 44 3.074264 8.393665
2860 44 3.079315 8.409178
2870 44 3.084366 8.424930
2880 44 3.089417 8.440442
2890 44 3.094258 8.456194
2900 44 3.099309 8.471707
2910 44 3.104360 8.487458
2920 44 3.109412 8.502971
2930 44 3.114463 8.518484
2940 44 3.122881 8.523496
2950 44 3.131931 8.527076
2960 44 3.140981 8.530895
2970 44 3.149821 8.534474
2980 44 3.158871 8.538293
2990 44 3.167921 8.541873
3000 44 3.176760 8.545691
3010 44 3.185810 8.549271
3020 44 3.194650 8.553090
3030 44 3.203700 8.556670
3040 44 3.212750 8.560488
3050 44 3.221589 8.564068
3060 44 3.230639 8.567887
3070 44 3.239689 8.571705
3080 44 3.248529 8.575285
3090 44 3.257579 8.579104
3100 44 3.266629 8.582684
3110 44 3.275469 8.586502
3120 44 3.284519 8.590082
3130 44 3.293358 8.593901
3140 44 3.302408 8.597481
3150 44 3.311458 8.601299
3160 44 3.320298 8.604879
3170 44 3.329348 8.608698
3180 44 3.338398 8.612278
3190 44 3.353551 8.619437
3200 44 3.425951 8.656668
3210 44 3.498351 8.693899
3220 44 3.570751 8.731130
3230 44 3.560438 8.740677
3240 44 3.540865 8.746882
3250 44 3.521292 8.753325
3260 44 3.501718 8.759531
3270 44 3.482356 8.765974
3280 44 3.462782 8.772180
3290 44 3.443209 8.778623
3300 44 3.423846 8.784829
3310 44 3.404273 8.791272
3320 44 3.384700 8.797478
3330 44 3.365127 8.803921
3340 44 3.345764 8.810127
3350 44 3.326191 8.816570
3360 44 3.306617 8.822775
3370 44 3.287255 8.829219
3380 44 3.261788 8.824446
3390 44 3.235059 8.816809
3400 44 3.208330 8.809172
3410 44 3.181601 8.801535
3420 44 3.154872 8.794136
3430 44 3.128143 8.786499
3440 44 3.101624 8.778862
3450 44 3.074895 8.771225
3460 44 3.048166 8.763827
3470 44 3.021437 8.756189
3480 44 2.994708 8.748552
3490 44 2.967979 8.740915
3500 44 2.945880 8.734949
3510 44 2.942513 8.735426
3520 44 2.939356 8.735665
3530 44 2.935988 8.736142
3540 44 2.932831 8.736619
3550 44 2.929674 8.736858
3560 44 2.926307 8.737335
3570 44 2.923150 8.737574
3580 44 2.919782 8.738051
3590 44 2.916625 8.738290
3600 44 2.913258 8.738767
3610 44 2.910101 8.739006
3620 44 2.906734 8.739483
3630 44 2.903577 8.739722
3640 44 2.900209 8.740199
3650 44 2.897052 8.740677
3660 44 2.893685 8.740915
3670 44 2.890528 8.741392
3680 44 2.887160 8.741631
3690 44 2.884003 8.742108
3700 44 2.880636 8.742347
3710 44 2.877479 8.742824
3720 44 2.874112 8.743063
3730 44 2.870955 8.743540
3740 44 2.867587 8.743779
3750 44 2.864430 8.744256
3760 44 2.861063 8.744734
3770 44 2.857906 8.744972
3780 44 2.854538 8.745450
3790 44 2.851381 8.745688
3800 44 2.848224 8.746166
3810 44 2.844857 8.746404
3820 44 2.841700 8.746882
3830 44 2.838332 8.747120
3840 44 2.835175 8.747598
3850 44 2.831808 8.747836
3860 44 2.828651 8.748314
3870 44 2.825284 8.748791
3880 44 2.822127 8.749030
3890 44 2.818759 8.749507
3900 44 2.815602 8.749746
3910 44 2.812235 8.750223
3920 44 2.809078 8.750462
3930 44 2.805710 8.750939
3940 44 2.802553 8.751178
3950 44 2.799186 8.751655
3960 44 2.796029 8.752132
3970 44 2.792662 8.752371
3980 44 2.789505 8.752848
3990 44 2.786137 8.753087
4000 44 2.782980 8.753564
4010 44 2.779613 8.753803
4020 44 2.776456 8.754280
4030 44 2.773088 8.754519
4040 44 2.769931 8.754996
4050 44 2.766774 8.755235
4060 44 2.763407 8.755712
4070 44 2.760250 8.756189
4080 44 2.756882 8.756428
4090 44 2.753725 8.756905
4100 44 2.750358 8.757144
4110 44 2.747201 8.757621
4120 44 2.743834 8.757860
4130 44 2.740677 8.758337
4140 44 2.737309 8.758576
4150 44 2.760671 8.755951
4160 44 2.801501 8.751416
4170 44 2.842331 8.746882
4180 44 2.883162 8.742108
4190 44 2.923992 8.737574
4200 44 2.964822 8.732801
4210 44 3.005863 8.728266
4220 44 3.046693 8.723493
4230 44 3.087523 8.718958
4240 44 3.128353 8.714424
4250 44 3.146664 8.713469
4260 44 3.112569 8.721106
4270 44 3.078263 8.728982
4280 44 3.043957 8.736619
4290 44 3.009862 8.744495
4300 44 2.975556 8.752132
4310 44 2.941460 8.760008
4320 44 2.907155 8.767645
4330 44 2.872849 8.775521
4340 44 2.838753 8.783158
4350 44 2.804448 8.791034
4360 44 2.770352 8.798671
4370 44 2.736046 8.806547
4380 44 2.720472 8.801296
4390 44 2.705108 8.796046
4400 44 2.689534 8.790795
4410 44 2.674170 8.785545
4420 44 2.658595 8.780294
4430 44 2.643231 8.775044
4440 44 2.627657 8.769793
4450 44 2.612293 8.764542
4460 44 2.596719 8.759053
4470 44 2.581355 8.753803
4480 44 2.565780 8.748552
4490 44 2.550416 8.743302
4500 44 2.534842 8.738051
4510 44 2.519478 8.732801
4520 44 2.503903 8.727550
4530 44 2.488539 8.722300
4540 44 2.472965 8.717049
4550 44 2.457391 8.711799
4560 44 2.442027 8.706548
4570 44 2.426452 8.701298
4580 44 2.411088 8.696047
4590 44 2.395514 8.690797
4600 44 2.380150 8.685546
4610 44 2.364576 8.680296
4620 44 2.349212 8.675045
4630 44 2.333637 8.669556
4640 44 2.318273 8.664305
4650 44 2.329849 8.669317
4660 44 2.348159 8.676954
4670 44 2.366470 8.684591
4680 44 2.384991 8.692229
4690 44 2.403301 8.699627
4700 44 2.421612 8.707264
4710 44 2.440132 8.714901
4720 44 2.458443 8.722538
4730 44 2.476753 8.729937
4740 44 2.495274 8.737574
4750 44 2.513585 8.745211
4760 44 2.531895 8.752848
4770 44 2.557572 8.762633
4780 44 2.611872 8.781965
4790 44 2.666172 8.801057
4800 44 2.720472 8.820389
4810 44 2.774772 8.839720
4820 44 2.829072 8.858813
4830 44 2.883372 8.878145
4840 44 2.885898 8.866450
4850 44 2.888213 8.854756
4860 44 2.890738 8.843062
4870 44 2.893053 8.831129
4880 44 2.895579 8.819434
4890 44 2.897894 8.807740
4900 44 2.900420 8.796046
4910 44 2.902735 8.784351
4920 44 2.905260 8.772657
4930 44 2.907786 8.760963
4940 44 2.910101 8.749268
4950 44 2.912627 8.737335
4960 44 2.914942 8.725641
4970 44 2.917467 8.713947
4980 44 2.919782 8.702252
4990 44 2.922308 8.690558
5000 44 2.924834 8.678864
5010 44 2.927149 8.667169
5020 44 2.929674 8.655236
5030 44 2.931989 8.643542
5040 44 2.934515 8.631848
5050 44 2.936830 8.620153
5060 44 2.939356 8.608459
5070 44 2.941671 8.596765
5080 44 2.944196 8.585070
5090 44 2.946722 8.573376
5100 44 2.949037 8.561443
5110 44 2.951563 8.549749
5120 44 2.953878 8.538054
5130 44 2.956403 8.526360
5140 44 2.958719 8.514666
5150 44 2.961244 8.502971
5160 44 2.963770 8.491277
5170 44 2.966085 8.479344
5180 44 2.939566 8.340683
5190 44 2.869271 8.011093
5200 44 2.724050 7.725656
5210 44 2.403301 7.544036
5220 44 2.062558 7.377929
5230 44 1.641628 7.275783
5240 44 1.215857 7.179125
5250 44 0.746309 7.133064
5260 44 0.276762 7.087241
5270 44 -0.192576 7.041419
2070 45 14.996691 5.441443
2080 45 14.527775 5.441443
2090 45 14.059069 5.441443
2100 45 13.556689 5.510655
2110 45 13.054309 5.580105
2120 45 12.551929 5.649316
2130 45 12.098376 5.732370
2140 45 11.650296 5.817094
2150 45 11.202216 5.901818
2160 45 10.749295 5.908739
2170 45 10.295111 5.896090
2180 45 9.840928 5.883680
2190 45 9.386744 5.871031
2200 45 8.914671 5.916138
2210 45 8.442597 5.961244
2220 45 7.970314 6.006590
2230 45 7.504554 6.039764
2240 45 7.053528 6.045491
2250 45 6.602501 6.051219
2260 45 6.151685 6.056947
2270 45 5.700868 6.057663
2280 45 5.252999 6.014943
2290 45 4.805129 5.971984
2300 45 4.357259 5.929264
2310 45 3.909810 5.879861
2320 45 3.464887 5.804922
2330 45 3.019964 5.729983
2340 45 2.574830 5.654805
2350 45 2.109913 5.616381
2360 45 1.636366 5.593470
2370 45 1.162820 5.570320
2380 45 0.689273 5.547408
2390 45 0.215727 5.524497
2400 45 -0.257820 5.501586
2080 46 15.259773 5.654089
2090 46 14.695305 5.740961
2100 46 14.130838 5.827595
2110 46 13.564897 5.912558
2120 46 12.997694 5.995611
2130 46 12.449432 6.090598
2140 46 11.977990 6.233794
2150 46 11.506548 6.376990
2160 46 11.002485 6.477704
2170 46 10.484319 6.560281
2180 46 9.970574 6.637845
2190 46 9.495344 6.668632
2200 46 9.020114 6.699419
2210 46 8.544883 6.730206
2220 46 8.063760 6.716603
2230 46 7.582847 6.702999
2240 46 7.101724 6.689396
2250 46 6.610288 6.660995
2260 46 6.108329 6.618275
2270 46 5.606370 6.575316
2280 46 5.104621 6.532596
2290 46 4.636546 6.498706
2300 46 4.191202 6.471022
2310 46 3.745858 6.443337
2320 46 3.300303 6.415414
2330 46 2.856643 6.397037
2340 46 2.416981 6.400617
2350 46 1.977109 6.404197
2360 46 1.537237 6.407777
2370 46 1.097576 6.411357
2380 46 0.657703 6.414937
2390 46 0.218042 6.418517
2090 47 14.973119 7.664321
2100 47 14.732558 7.493918
2110 47 14.491996 7.323515
2120 47 14.233545 7.168386
2130 47 13.962887 7.023519
2140 47 13.692229 6.878414
2150 47 13.366639 6.781757
2160 47 13.027159 6.697033
2170 47 12.687679 6.612308
2180 47 12.321680 6.546677
2190 47 11.944316 6.489160
2200 47 11.566952 6.431404
2210 47 11.192114 6.414698
2220 47 10.817907 6.408016
2230 47 10.443700 6.401333
2240 47 10.068651 6.406822
2250 47 9.689814 6.460521
2260 47 9.310976 6.514219
2270 47 8.932139 6.567918
2280 47 8.551829 6.609444
2290 47 8.166046 6.603001
2300 47 7.780264 6.596318
2310 47 7.394271 6.589636
2320 47 7.003647 6.572214
2330 47 6.609657 6.547870
2340 47 6.215666 6.523288
2350 47 5.821886 6.498945
2360 47 5.446627 6.473886
2370 47 5.079365 6.448349
2380 47 4.712103 6.423051
2390 47 4.345052 6.397515
2400 47 3.977791 6.372217
2410 47 3.569699 6.343100
2420 47 3.161607 6.313745
2430 47 2.753725 6.284629
2440 47 2.345634 6.255273
2450 47 1.942382 6.227350
2460 47 1.581435 6.210167
2470 47 1.220698 6.193222
2480 47 0.859960 6.176277
2490 47 0.499013 6.159093
2500 47 0.138276 6.142149
2510 47 -0.222462 6.124965
2180 48 15.069302 6.304915
2190 48 14.964069 6.326633
2200 48 14.858837 6.348351
2210 48 14.744765 6.199188
2220 48 14.630903 6.050026
2230 48 14.402127 5.940242
2240 48 14.096953 5.856711
2250 48 13.693281 5.784636
2260 48 13.223733 5.720437
2270 48 12.754186 5.656237
2280 48 12.205503 5.750031
2290 48 11.656821 5.843824
2300 48 11.118661 5.929503
2310 48 10.623016 5.983440
2320 48 10.127371 6.037377
2330 48 9.643301 6.092269
2340 48 9.262990 6.156468
2350 48 8.882469 6.220668
2360 48 8.438599 6.242147
2370 48 7.931588 6.220429
2380 48 7.409003 6.197756
2390 48 6.850218 6.173174
2400 48 6.291434 6.148354
2410 48 5.769059 6.178664
2420 48 5.301406 6.291311
2430 48 4.833752 6.403958
2440 48 4.365888 6.516844
2450 48 3.956113 6.643334
2460 48 3.560649 6.773642
2470 48 3.165185 6.903712
2480 48 2.771194 6.992732
2490 48 2.378256 7.040464
2500 48 1.985317 7.088196
2510 48 1.556389 7.090105
2520 48 1.091051 7.046192
2530 48 0.625923 7.002040
2540 48 0.160585 6.958126
2180 49 15.048255 5.703969
2190 49 14.751710 5.714709
2200 49 14.455165 5.725687
2210 49 14.240490 5.603016
2220 49 14.046020 5.446933
2230 49 13.784202 5.302543
2240 49 13.251936 5.204216
2250 49 12.775232 5.178918
2260 49 12.354302 5.226650
2270 49 11.936950 5.242401
2280 49 11.523386 5.225934
2290 49 11.109611 5.209466
2300 49 10.669318 5.202784
2310 49 10.211346 5.202784
2320 49 9.753164 5.202784
2330 49 9.290982 5.209943
2340 49 8.812174 5.245742
2350 49 8.333366 5.281541
2360 49 7.854558 5.317340
2370 49 7.391745 5.352185
2380 49 6.992914 5.383688
2390 49 6.594293 5.414952
2400 49 6.195461 5.446455
2410 49 5.778741 5.514235
2420 49 5.335080 5.636906
2430 49 4.891420 5.759338
2440 49 4.447549 5.882009
2450 49 4.023882 5.968404
2460 49 3.608635 6.039286
2470 49 3.193387 6.110407
2480 49 2.778139 6.181289
2490 49 2.374257 6.239283
2500 49 1.970374 6.297277
2510 49 1.566492 6.355510
2520 49 1.170186 6.381763
2530 49 0.791349 6.334031
2540 49 0.412512 6.286299
2550 49 0.033674 6.238567
2320 50 14.916294 5.672705
2330 50 14.406337 5.727835
2340 50 13.896380 5.782966
2350 50 13.399682 5.840005
2360 50 12.908457 5.897761
2370 50 12.417441 5.955755
2380 50 11.925585 6.005158
2390 50 11.432254 6.042627
2400 50 10.938924 6.079858
2410 50 10.447909 6.120192
2420 50 9.966154 6.173413
2430 50 9.484400 6.226396
2440 50 9.002856 6.279378
2450 50 8.521101 6.332360
2460 50 8.092804 6.377706
2470 50 7.687659 6.419471
2480 50 7.282514 6.461237
2490 50 6.877368 6.502764
2500 50 6.431814 6.557178
2510 50 5.968791 6.616843
2520 50 5.505767 6.676508
2530 50 5.042744 6.736173
2540 50 4.588139 6.746197
2550 50 4.137113 6.734741
2560 50 3.686086 6.723285
2570 50 3.235059 6.712068
2580 50 2.788873 6.697510
2590 50 2.347528 6.680088
2600 50 1.905972 6.662666
2610 50 1.464627 6.645243
2620 50 1.025386 6.614934
2630 50 0.589934 6.565531
2640 50 0.154481 6.516129
2650 50 -0.280760 6.466965
2320 51 14.987641 5.260301
2330 51 14.473896 5.309465
2340 51 13.959940 5.358628
2350 51 13.446195 5.407792
2360 51 12.935817 5.452660
2370 51 12.426281 5.496813
2380 51 11.916745 5.540726
2390 51 11.407209 5.584639
2400 51 10.937240 5.623541
2410 51 10.467482 5.662442
2420 51 9.997514 5.701105
2430 51 9.527756 5.740007
2440 51 9.071046 5.795376
2450 51 8.620019 5.857905
2460 51 8.168993 5.920434
2470 51 7.717966 5.982963
2480 51 7.258942 6.052174
2490 51 6.791920 6.127829
2500 51 6.324687 6.203484
2510 51 5.857665 6.279139
2520 51 5.405165 6.322337
2530 51 4.974553 6.316848
2540 51 4.544152 6.311358
2550 51 4.113541 6.306108
2560 51 3.683139 6.300619
2570 51 3.238216 6.284390
2580 51 2.793503 6.268161
2590 51 2.348580 6.251693
2600 51 1.903657 6.235465
2610 51 1.459996 6.202530
2620 51 1.016967 6.158616
2630 51 0.573728 6.114703
2640 51 0.130699 6.070789
2340 52 14.931237 4.057217
2350 52 14.401286 4.057217
2360 52 13.871124 4.057217
2370 52 13.345593 4.052682
2380 52 12.822797 4.044806
2390 52 12.300002 4.037169
2400 52 11.789414 4.052921
2410 52 11.291243 4.091822
2420 52 10.793072 4.130724
2430 52 10.294690 4.169625
2440 52 9.796519 4.208766
2450 52 9.302558 4.235257
2460 52 8.811543 4.253634
2470 52 8.320317 4.272010
2480 52 7.829302 4.290387
2490 52 7.352599 4.292535
2500 52 6.882209 4.288001
2510 52 6.411820 4.283227
2520 52 5.941220 4.278454
2530 52 5.470830 4.273920
2540 52 5.007175 4.285137
2550 52 4.547941 4.306616
2560 52 4.088706 4.328334
2570 52 3.635364 4.369622
2580 52 3.195281 4.456494
2590 52 2.755199 4.543128
2600 52 2.315116 4.630000
2610 52 1.875034 4.716872
2620 52 1.429058 4.662697
2630 52 0.982451 4.592769
2640 52 0.535844 4.522842
2650 52 0.089237 4.453153
2380 53 14.979854 5.037870
2390 53 14.506308 5.060304
2400 53 14.032761 5.082738
2410 53 13.559215 5.105172
2420 53 13.049889 5.128322
2430 53 12.536565 5.151472
2440 53 12.023240 5.174860
2450 53 11.509916 5.198010
2460 53 11.023742 5.112570
2470 53 10.544302 4.999923
2480 53 10.064862 4.887275
2490 53 9.580161 4.791811
2500 53 9.073993 4.766036
2510 53 8.567614 4.740261
2520 53 8.061445 4.714486
2530 53 7.579901 4.707326
2540 53 7.122981 4.719020
2550 53 6.666061 4.730715
2560 53 6.209142 4.742409
2570 53 5.738121 4.747182
2580 53 5.245422 4.741693
2590 53 4.752723 4.736204
2600 53 4.260024 4.730953
2610 53 3.767325 4.725464
2620 53 3.268944 4.738113
2630 53 2.770352 4.750523
2640 53 2.271971 4.763172
2650 53 1.779272 4.778208
2660 53 1.309724 4.802551
2670 53 0.840177 4.827133
2680 53 0.370840 4.851476
2690 53 -0.098708 4.876058
2480 54 0.008840 5.138107
2490 54 0.470390 5.114957
2500 54 0.932150 5.091807
2510 54 1.393910 5.068895
2520 54 1.864089 5.062929
2530 54 2.340162 5.068657
2540 54 2.816234 5.074385
2550 54 3.292306 5.080112
2560 54 3.767325 5.115195
2570 54 4.240872 5.194908
2580 54 4.714418 5.274382
2590 54 5.187965 5.353855
2600 54 5.644253 5.454092
2610 54 6.096122 5.559341
2620 54 6.547990 5.664590
2630 54 7.020695 5.745496
2640 54 7.524759 5.789887
2650 54 8.029033 5.834516
2660 54 8.533097 5.878907
2670 54 9.031900 5.932367
2680 54 9.481243 6.067687
2690 54 9.930586 6.203246
2700 54 10.379929 6.338566
2710 54 10.795176 6.526391
2720 54 11.159492 6.792735
2730 54 11.523807 7.058841
2740 54 11.801621 7.394397
2750 54 12.057757 7.747136
2760 54 12.291162 8.113479
2770 54 12.501628 8.493664
2780 54 12.712093 8.873610
2790 54 12.890988 9.212268
2800 54 13.062096 9.540425
2810 54 13.232994 9.868583
2820 54 13.338226 10.222277
2830 54 13.399893 10.593154
2840 54 13.461348 10.964031
2850 54 13.522804 11.334909
2860 54 13.584471 11.705786
2870 54 13.645926 12.076663
2880 54 13.707382 12.447302
2920 55 14.708986 8.194384
2930 55 13.988564 8.019924
2940 55 13.268141 7.845464
2950 55 12.501628 7.649047
2960 55 11.729852 7.450243
2970 55 10.994908 7.312775
2980 55 10.296585 7.236881
2990 55 9.582476 7.162181
3000 55 8.831747 7.090583
3010 55 8.081229 7.018985
3020 55 7.338708 6.962184
3030 55 6.615129 6.939750
3040 55 5.891760 6.917316
3050 55 5.171338 6.908485
3060 55 4.477856 7.020894
3070 55 3.784584 7.133064
3080 55 3.091312 7.245473
3090 55 2.505166 7.301319
3100 55 1.965113 7.333300
3110 55 1.424849 7.365041
3120 55 0.922890 7.419456
3130 55 0.437136 7.483894
3140 55 -0.048617 7.548093
2970 56 15.289238 5.691559
2980 56 14.686887 5.782250
2990 56 14.084536 5.872702
3000 56 13.482184 5.963154
3010 56 12.899617 6.071267
3020 56 12.325679 6.187017
3030 56 11.751530 6.302767
3040 56 11.188325 6.421381
3050 56 10.641116 6.544052
3060 56 10.093907 6.666723
3070 56 9.546697 6.789633
3080 56 9.045159 6.889870
3090 56 8.548672 6.987720
3100 56 8.052185 7.085809
3110 56 7.555697 7.183660
3120 56 7.029535 7.328049
3130 56 6.503372 7.472677
3140 56 5.977209 7.617066
3150 56 5.449784 7.751909
3160 56 4.916886 7.849043
3170 56 4.384199 7.945939
3180 56 3.851512 8.042835
3190 56 3.383016 8.173621
3200 56 2.914521 8.304645
3210 56 2.446236 8.435431
3220 56 2.014993 8.559056
3230 56 1.588170 8.681728
3240 56 1.161136 8.804399
3250 56 0.809870 8.990315
3260 56 0.571834 9.270263
3270 56 0.351056 9.550211
3280 56 0.283707 9.827056
3290 56 0.216358 10.103901
2970 57 15.256616 5.251232
2980 57 14.683309 5.308987
2990 57 14.109791 5.366504
3000 57 13.536484 5.424260
3010 57 12.931187 5.505404
3020 57 12.312209 5.596572
3030 57 11.693231 5.687740
3040 57 11.093195 5.787500
3050 57 10.537778 5.906830
3060 57 9.982571 6.026160
3070 57 9.427153 6.145490
3080 57 8.874261 6.266968
3090 57 8.322422 6.389639
3100 57 7.770793 6.512071
3110 57 7.218953 6.634742
3120 57 6.712574 6.768869
3130 57 6.205985 6.903235
3140 57 5.699606 7.037600
3150 57 5.195331 7.156930
3160 57 4.691478 7.272680
3170 57 4.187624 7.388430
3180 57 3.681456 7.492486
3190 57 3.172762 7.585324
3200 57 2.664067 7.678163
3210 57 2.155584 7.771002
3220 57 1.651309 7.926131
3230 57 1.147877 8.087942
3240 57 0.661492 8.263834
3250 57 0.332114 8.564784
3260 57 0.002736 8.865734
3020 58 0.042093 6.945000
3030 58 0.412091 6.908724
3040 58 0.781878 6.872686
3050 58 1.151876 6.836410
3060 58 1.529029 6.793451
3070 58 1.909550 6.747629
3080 58 2.286914 6.698226
3090 58 2.635444 6.616127
3100 58 2.983974 6.534028
3110 58 3.332505 6.451929
3120 58 3.731757 6.421858
3130 58 4.136481 6.397276
3140 58 4.541206 6.372933
3150 58 4.945930 6.348351
3160 58 5.362230 6.316609
3170 58 5.778530 6.284629
3180 58 6.194620 6.252887
3190 58 6.610920 6.221145
3200 58 7.027220 6.212792
3210 58 7.443730 6.228066
3220 58 7.860240 6.243340
3230 58 8.276751 6.258376
3240 58 8.693051 6.273650
3250 58 9.121137 6.245011
3260 58 9.552169 6.205155
3270 58 9.982992 6.165299
3280 58 10.414024 6.125681
3290 58 10.854738 6.066732
3300 58 11.301976 5.995134
3310 58 11.749215 5.923536
3320 58 12.196453 5.851938
3330 58 12.657582 5.739052
3340 58 13.127972 5.598720
3350 58 13.598572 5.458388
3360 58 14.054860 5.355526
3370 58 14.454744 5.403258
3380 58 14.854627 5.450990
3390 58 15.254511 5.498722
3040 59 0.306648 5.983440
3050 59 0.709478 5.969836
3060 59 1.112519 5.956233
3070 59 1.515349 5.942629
3080 59 1.912917 5.869599
3090 59 2.310486 5.796808
3100 59 2.708055 5.723778
3110 59 3.114884 5.650032
3120 59 3.535814 5.575093
3130 59 3.956744 5.500154
3140 59 4.377674 5.424976
3150 59 4.793974 5.433329
3160 59 5.209853 5.450751
3170 59 5.625522 5.468173
3180 59 6.041401 5.485595
3190 59 6.441285 5.493710
3200 59 6.837170 5.499438
3210 59 7.233054 5.505166
3220 59 7.628939 5.510655
3230 59 8.043345 5.517099
3240 59 8.469958 5.523542
3250 59 8.896781 5.530225
3260 59 9.323604 5.536907
3270 59 9.758215 5.398246
3280 59 10.192615 5.259823
3290 59 10.627225 5.121162
3300 59 11.073832 5.017345
3310 59 11.521912 4.917108
3320 59 11.969993 4.817109
3330 59 12.443118 4.786561
3340 59 12.922558 4.773196
3350 59 13.401997 4.759831
3360 59 13.868388 4.753626
3370 59 14.283215 4.774628
3380 59 14.697831 4.795630
3390 59 15.112658 4.816632
3210 60 0.116177 6.872448
3220 60 0.592038 6.747867
3230 60 1.067900 6.623287
3240 60 1.542920 6.588920
3250 60 2.017729 6.564338
3260 60 2.492749 6.539994
3270 60 2.967558 6.515413
3280 60 3.493721 6.508014
3290 60 4.019884 6.500377
3300 60 4.546046 6.492979
3310 60 5.047585 6.475556
3320 60 5.543020 6.455748
3330 60 6.038665 6.435939
3340 60 6.534100 6.415891
3350 60 7.029535 6.396083
3360 60 7.531704 6.303960
3370 60 8.034085 6.211599
3380 60 8.536254 6.119476
3390 60 9.038424 6.027353
3400 60 9.519968 5.898954
3410 60 9.987832 5.746451
3420 60 10.455486 5.593947
3430 60 10.923139 5.441443
3440 60 11.470348 5.291326
3450 60 12.017558 5.141448
3460 60 12.564767 4.991331
3470 60 13.125867 4.893003
3480 60 13.700858 4.846465
3490 60 14.275638 4.799926
3500 60 14.850629 4.753387
3510 60 15.425619 4.706849
3210 61 0.063140 7.684846
3220 61 0.512483 7.549287
3230 61 0.961826 7.413967
3240 61 1.411169 7.278408
3250 61 1.866615 7.167192
3260 61 2.335531 7.112778
3270 61 2.804658 7.058125
3280 61 3.273574 7.003710
3290 61 3.761853 6.987243
3300 61 4.254973 6.980560
3310 61 4.748093 6.973639
3320 61 5.247106 6.943091
3330 61 5.759799 6.857412
3340 61 6.272492 6.771733
3350 61 6.784974 6.686054
3360 61 7.306086 6.617082
3370 61 7.839615 6.572691
3380 61 8.373144 6.528062
3390 61 8.906673 6.483671
3400 61 9.438518 6.437609
3410 61 9.956683 6.376513
3420 61 10.474638 6.315416
3430 61 10.992803 6.254080
3440 61 11.507180 6.181289
3450 61 12.007035 6.061959
3460 61 12.506889 5.942629
3470 61 13.006744 5.823299
3480 61 13.503231 5.705878
3490 61 13.986880 5.596334
3500 61 14.470318 5.486550
3510 61 14.953757 5.377005
3520 61 15.437405 5.267222
3240 62 0.217831 7.173159
3250 62 0.663596 7.138076
3260 62 1.109362 7.102993
3270 62 1.554916 7.067910
3280 62 1.997735 7.060034
3290 62 2.440132 7.055022
3300 62 2.882530 7.050249
3310 62 3.324928 7.045237
3320 62 3.767325 7.040464
3330 62 4.238557 7.014450
3340 62 4.709788 6.988675
3350 62 5.181020 6.962661
3360 62 5.652461 6.936647
3370 62 6.136321 6.892018
3380 62 6.638911 6.818988
3390 62 7.141713 6.746197
3400 62 7.644514 6.673167
3410 62 8.161837 6.615650
3420 62 8.682738 6.561951
3430 62 9.203639 6.508253
3440 62 9.724540 6.454554
3450 62 10.253439 6.396083
3460 62 10.784443 6.336418
3470 62 11.315446 6.276753
3480 62 11.846239 6.217088
3490 62 12.387766 6.176038
3500 62 12.945077 6.162673
3510 62 13.502600 6.149547
3520 62 14.059911 6.136182
3530 62 14.617223 6.123056
3540 62 15.174534 6.109691
3240 63 0.103970 6.653597
3250 63 0.512062 6.603001
3260 63 0.920364 6.552405
3270 63 1.328456 6.501570
3280 63 1.746860 6.460759
3290 63 2.167791 6.422335
3300 63 2.588721 6.383672
3310 63 3.053849 6.363864
3320 63 3.537918 6.351931
3330 63 4.021988 6.339998
3340 63 4.506058 6.328065
3350 63 4.992864 6.286538
3360 63 5.480722 6.232362
3370 63 5.968580 6.177948
3380 63 6.456438 6.123772
3390 63 6.957977 6.070789
3400 63 7.491506 6.020909
3410 63 8.025035 5.971030
3420 63 8.558564 5.920911
3430 63 9.092093 5.871031
3440 63 9.637197 5.803729
3450 63 10.182092 5.736427
3460 63 10.727196 5.669125
3470 63 11.269144 5.608028
3480 63 11.782468 5.602061
3490 63 12.295793 5.596334
3500 63 12.809117 5.590367
3510 63 13.322441 5.584639
3520 63 13.845447 5.534043
3530 63 14.368453 5.483448
3540 63 14.891459 5.432852
3300 64 0.102497 5.372948
3310 64 0.706742 5.403735
3320 64 1.310987 5.434522
3330 64 1.915232 5.465309
3340 64 2.526002 5.494426
3350 64 3.136982 5.523542
3360 64 3.747752 5.552659
3370 64 4.358732 5.581775
3380 64 4.939406 5.551704
3390 64 5.516922 5.514951
3400 64 6.094228 5.478197
3410 64 6.671744 5.441443
3420 64 7.309032 5.381778
3430 64 7.946321 5.322114
3440 64 8.583399 5.262449
3450 64 9.216267 5.215194
3460 64 9.842822 5.186793
3470 64 10.469166 5.158393
3480 64 11.095510 5.129992
3490 64 11.719118 5.103024
3500 64 12.331361 5.081306
3510 64 12.943604 5.059588
3520 64 13.555847 5.037870
3530 64 14.084746 5.035722
3540 64 14.604384 5.035722
3550 64 15.123812 5.035722
3320 65 0.245402 4.244087
3330 65 0.840598 4.223562
3340 65 1.436003 4.203038
3350 65 2.031199 4.182752
3360 65 2.630814 4.209959
3370 65 3.232113 4.257691
3380 65 3.833412 4.305423
3390 65 4.452810 4.347666
3400 65 5.144399 4.368190
3410 65 5.835987 4.388715
3420 65 6.527365 4.409001
3430 65 7.204221 4.430719
3440 65 7.874763 4.452915
3450 65 8.545304 4.475110
3460 65 9.215846 4.497305
3470 65 9.870814 4.504942
3480 65 10.502209 4.491100
3490 65 11.133604 4.477019
3500 65 11.765000 4.462938
3510 65 12.349251 4.458881
3520 65 12.933502 4.454824
3530 65 13.517753 4.450528
3540 65 14.101794 4.446471
3550 65 14.686045 4.442414
3560 65 15.270296 4.438356
3320 66 15.111395 5.942629
3330 66 14.560187 6.033558
3340 66 14.008979 6.124488
3350 66 13.471661 6.231169
3360 66 12.936027 6.339759
3370 66 12.425860 6.462907
3380 66 11.926847 6.592500
3390 66 11.427624 6.722092
3400 66 10.923139 6.850968
3410 66 10.396976 6.977935
3420 66 9.870814 7.104664
3430 66 9.344651 7.231392
3440 66 8.826065 7.274112
3450 66 8.307268 7.316593
3460 66 7.787209 7.356927
3470 66 7.261046 7.388430
3480 66 6.734884 7.419695
3490 66 6.208721 7.451198
3500 66 5.687609 7.481269
3510 66 5.173653 7.509431
3520 66 4.659908 7.537354
3530 66 4.146163 7.565516
3540 66 3.657042 7.688187
3550 66 3.167710 7.810619
3560 66 2.678589 7.933290
3570 66 2.207569 8.069326
3580 66 1.778851 8.237343
3590 66 1.350134 8.405359
3600 66 1.004340 8.610607
3610 66 0.714108 8.841152
3620 66 0.423877 9.071459
3630 66 0.288969 9.325870
3640 66 0.220778 9.590305
3650 66 0.152377 9.854740
3660 66 0.084186 10.119176
3560 67 14.711511 3.899701
3570 67 13.817034 3.923567
3580 67 12.919611 3.976072
3590 67 12.017558 4.071536
3600 67 11.115504 4.167000
3610 67 10.213661 4.262464
3620 67 9.348439 4.272010
3630 67 8.487426 4.272010
3640 67 7.626414 4.272010
3650 67 6.779713 4.284421
3660 67 5.942482 4.305184
3670 67 5.105252 4.325948
3680 67 4.267811 4.346711
3690 67 3.430581 4.367474
3700 67 2.608715 4.333346
3710 67 1.786849 4.299218
3720 67 0.965193 4.265089
3730 67 0.143327 4.231200
3760 68 -0.069453 5.244072
3770 68 0.383257 5.395859
3780 68 0.836178 5.547647
3790 68 1.288888 5.699673
3800 68 1.725814 5.824492
3810 68 2.146744 5.922343
3820 68 2.567674 6.020432
3830 68 2.988605 6.118283
3840 68 3.426582 6.157423
3850 68 3.875925 6.157423
3860 68 4.325268 6.157423
3870 68 4.774611 6.157423
3880 68 5.223323 6.100860
3890 68 5.672035 6.038093
3900 68 6.120746 5.975325
3910 68 6.570089 5.904443
3920 68 7.025957 5.761248
3930 68 7.482035 5.618052
3940 68 7.937902 5.474140
3950 68 8.391665 5.324977
3960 68 8.845428 5.175815
3970 68 9.299190 5.026653
3980 68 9.804728 4.950520
3990 68 10.315737 4.882264
4000 68 10.828430 4.818064
4010 68 11.354593 4.790141
4020 68 11.880755 4.761979
4030 68 12.406918 4.733817
4040 68 12.947182 4.782265
4050 68 13.493550 4.863648
4060 68 14.039917 4.944792
4070 68 14.586074 5.026175
4080 68 15.132441 5.107320
3910 69 15.205683 5.761725
3920 69 14.628588 5.830936
3930 69 14.051703 5.900386
3940 69 13.474608 5.969598
3950 69 12.914771 6.063391
3960 69 12.362300 6.167924
3970 69 11.809829 6.272218
3980 69 11.259883 6.327826
3990 69 10.712674 6.334747
4000 69 10.165465 6.341430
4010 69 9.618256 6.348351
4020 69 9.066416 6.341907
4030 69 8.514787 6.335463
4040 69 7.962947 6.329019
4050 69 7.441836 6.324485
4060 69 6.991861 6.324485
4070 69 6.541887 6.324485
4080 69 6.191463 6.337611
4090 69 5.990679 6.370069
4100 69 5.812415 6.397992
4110 69 5.724651 6.408016
4120 69 5.636887 6.418039
4130 69 5.623417 6.416846
4140 69 5.628468 6.412789
4150 69 5.633520 6.408732
4160 69 5.638360 6.404913
4170 69 5.643411 6.400856
4180 69 5.648463 6.397037
4190 69 5.653514 6.392980
4200 69 5.658354 6.388923
4210 69 5.663406 6.385104
4220 69 5.668457 6.381047
4230 69 5.673508 6.376990
4240 69 5.678349 6.373171
4250 69 5.683400 6.369114
4260 69 5.688451 6.365296
4270 69 5.693502 6.361238
4280 69 5.698343 6.357181
4290 69 5.703394 6.353363
4300 69 5.708445 6.349305
4310 69 5.713496 6.345248
4320 69 5.718337 6.341430
4330 69 5.723388 6.337372
4340 69 5.728439 6.333554
4350 69 5.733491 6.329497
4360 69 5.738331 6.325439
4370 69 5.743382 6.321621
4380 69 5.748434 6.317564
4390 69 5.753485 6.313506
4400 69 5.758325 6.309688
4410 69 5.763377 6.305631
4420 69 5.768428 6.301812
4430 69 5.773479 6.297755
4440 69 5.778320 6.293698
4450 69 5.783371 6.289879
4460 69 5.788422 6.285822
4470 69 5.793473 6.281765
4480 69 5.798314 6.277946
4490 69 5.803365 6.273889
4500 69 5.808416 6.269832
4510 69 5.813467 6.266013
4520 69 5.818308 6.261956
4530 69 5.823359 6.258137
4540 69 5.828410 6.254080
4550 69 5.828831 6.252887
4560 69 5.827147 6.252648
4570 69 5.825464 6.252409
4580 69 5.823780 6.252409
4590 69 5.822096 6.252171
4600 69 5.820413 6.252171
4610 69 5.818939 6.251932
4620 69 5.817256 6.251693
4630 69 5.815572 6.251693
4640 69 5.813888 6.251455
4650 69 5.812204 6.251455
4660 69 5.810521 6.251216
4670 69 5.809047 6.250977
4680 69 5.807364 6.250977
4690 69 5.805680 6.250739
4700 69 5.803996 6.250739
4710 69 5.802313 6.250500
4720 69 5.800839 6.250261
4730 69 5.799156 6.250261
4740 69 5.797472 6.250023
4750 69 5.795788 6.250023
4760 69 5.794104 6.249784
4770 69 5.792421 6.249546
4780 69 5.790947 6.249546
4790 69 5.789264 6.249307
4800 69 5.787580 6.249307
4810 69 5.785896 6.249068
4820 69 5.784213 6.248830
4830 69 5.782739 6.248830
4840 69 5.781056 6.248591
4850 69 5.779372 6.248591
4860 69 5.777688 6.248352
4870 69 5.776004 6.248114
4880 69 5.774321 6.248114
4890 69 5.772847 6.247875
4900 69 5.771164 6.247875
4910 69 5.769480 6.247636
4920 69 5.767796 6.247398
4930 69 5.766113 6.247398
4940 69 5.764429 6.247159
4950 69 5.762956 6.247159
4960 69 5.761272 6.246920
4970 69 5.759588 6.246682
4980 69 5.757904 6.246682
4990 69 5.756221 6.246443
5000 69 5.754747 6.246443
5010 69 5.753064 6.246204
5020 69 5.751380 6.245966
5030 69 5.749696 6.245966
5040 69 5.748013 6.245727
5050 69 5.746329 6.245488
5060 69 5.744856 6.245488
5070 69 5.743172 6.245250
5080 69 5.741488 6.245250
5090 69 5.739804 6.245011
5100 69 5.738121 6.244772
5110 69 5.736437 6.244772
5120 69 5.734964 6.244534
5130 69 5.733280 6.244534
5140 69 5.731596 6.244295
5150 69 5.729913 6.244056
5160 69 5.728229 6.244056
5170 69 5.726756 6.243818
5180 69 5.725072 6.243818
5190 69 5.723388 6.243579
5200 69 5.721704 6.243340
5210 69 5.720021 6.243340
5220 69 5.718337 6.243102
5230 69 5.716864 6.243102
5240 69 5.715180 6.242863
5250 69 5.713496 6.242624
5260 69 5.711813 6.242624
5270 69 5.710129 6.242386
5280 69 5.708656 6.242386
5290 69 5.706972 6.242147
5300 69 5.705288 6.241908
5310 69 5.703604 6.241908
5320 69 5.701921 6.241670
5330 69 5.700237 6.241670
5340 69 5.698764 6.241431
5350 69 5.697080 6.241192
5360 69 5.695396 6.241192
5370 69 5.693713 6.240954
5380 69 5.692029 6.240954
5390 69 5.690345 6.240715
5400 69 5.688872 6.240476
5410 69 5.687188 6.240476
5420 69 5.685504 6.240238
5430 69 5.683821 6.240238
5440 69 5.682137 6.239999
5450 69 5.680664 6.239760
5460 69 5.678980 6.239760
5470 69 5.677296 6.239522
5480 69 5.675613 6.239522
5490 69 5.673929 6.239283
5500 69 5.672245 6.239044
5510 69 5.670772 6.239044
5520 69 5.669088 6.238806
5530 69 5.667404 6.238806
5540 69 5.665721 6.238567
5550 69 5.664037 6.238329
5560 69 5.662564 6.238329
5570 69 5.660880 6.238090
5580 69 5.659196 6.238090
5590 69 5.657513 6.237851
5600 69 5.655829 6.237613
5610 69 5.654145 6.237613
5620 69 5.652672 6.237374
5630 69 5.650988 6.237374
5640 69 5.649304 6.237135
5650 69 5.647621 6.236897
5660 69 5.645937 6.236897
5670 69 5.644253 6.236658
5680 69 5.642780 6.236658
5690 69 5.641096 6.236419
5700 69 5.639413 6.236181
5710 69 5.637729 6.236181
5720 69 5.636045 6.235942
5730 69 5.634572 6.235942
5740 69 5.632888 6.235703
5750 69 5.631204 6.235465
5760 69 5.629521 6.235465
5770 69 5.627837 6.235226
5780 69 5.626153 6.235226
5790 69 5.624680 6.234987
5800 69 5.622996 6.234749
5810 69 5.621313 6.234749
5820 69 5.619629 6.234510
5830 69 5.617945 6.234510
5840 69 5.616261 6.234271
5850 69 5.614788 6.234033
5860 69 5.613104 6.234033
5870 69 5.611421 6.233794
5880 69 5.609737 6.233794
5890 69 5.608053 6.233555
5900 69 5.606580 6.233317
5910 69 5.604896 6.233317
5920 69 5.603213 6.233078
5930 69 5.601529 6.233078
5940 69 5.599845 6.232839
5950 69 5.598161 6.232601
5960 69 5.596688 6.232601
5970 69 5.595004 6.232362
5980 69 5.593321 6.232362
5990 69 5.591637 6.232123
6000 69 5.589953 6.231885
6010 69 5.588480 6.231885
6020 69 5.586796 6.231646
6030 69 5.585113 6.231646
6040 69 5.583429 6.231407
6050 69 5.581745 6.231169
6060 69 5.580061 6.231169
6070 69 5.578588 6.230930
6080 69 5.576904 6.230930
6090 69 5.575221 6.230691
6100 69 5.573537 6.230453
6110 69 5.571853 6.230453
6120 69 5.570170 6.230214
6130 69 5.568696 6.230214
6140 69 5.567013 6.229975
6150 69 5.565329 6.229737
6160 69 5.563645 6.229737
6170 69 5.561961 6.229498
6180 69 5.560488 6.229498
6190 69 5.558804 6.229259
6200 69 5.557121 6.229021
6210 69 5.569538 6.226157
6220 69 5.596057 6.220668
6230 69 5.622575 6.214940
6240 69 5.649094 6.209212
6250 69 5.675613 6.203723
6260 69 5.702131 6.197995
6270 69 5.728650 6.192267
6280 69 5.755168 6.186778
6290 69 5.781687 6.181050
6300 69 5.808206 6.175561
6310 69 5.834724 6.169833
6320 69 5.861243 6.164105
6330 69 5.887761 6.158616
6340 69 5.939957 6.135227
6350 69 5.998677 6.107543
6360 69 6.057396 6.079620
6370 69 6.116116 6.051935
6380 69 6.133164 6.013750
6390 69 6.108118 5.965302
6400 69 6.083073 5.916854
6410 69 6.058238 5.868167
6420 69 6.033193 5.819719
6430 69 6.008147 5.771033
6440 69 5.989206 5.676762
6450 69 5.974263 5.551704
6460 69 5.959109 5.426647
6470 69 5.944166 5.301589
6480 69 5.932380 5.190851
6490 69 5.925856 5.101353
6500 69 5.919331 5.011856
6510 69 5.927118 4.944554
6520 69 5.992573 4.965794
6530 69 6.058028 4.987035
6540 69 6.123693 5.008037
6550 69 6.189147 5.029278
6560 69 6.206195 5.034051
6570 69 6.202617 5.031903
6580 69 6.198829 5.029755
6590 69 6.195251 5.027369
6600 69 6.191673 5.025221
6610 69 6.188095 5.022834
6620 69 6.184307 5.020686
6630 69 6.180729 5.018538
6640 69 6.177151 5.016152
6650 69 6.173573 5.014004
6660 69 6.169995 5.011617
6670 69 6.166207 5.009469
6680 69 6.162629 5.007321
6690 69 6.159051 5.004935
6700 69 6.155473 5.002787
6710 69 6.151685 5.000400
6720 69 6.148107 4.998252
6730 69 6.144529 4.996104
6740 69 6.140951 4.993718
6750 69 6.137163 4.991570
6760 69 6.133585 4.989183
6770 69 6.130007 4.987035
6780 69 6.126429 4.984887
6790 69 6.122641 4.982501
6800 69 6.119063 4.980353
6810 69 6.115485 4.977966
6820 69 6.111907 4.975818
6830 69 6.108118 4.973432
6840 69 6.104541 4.971284
6850 69 6.100963 4.969136
6860 69 6.097385 4.966749
6870 69 6.093596 4.964601
6880 69 6.090018 4.962215
6890 69 6.086441 4.960067
6900 69 6.082863 4.957919
6910 69 6.079074 4.955532
6920 69 6.075496 4.953384
6930 69 6.071918 4.950998
6940 69 6.068341 4.948850
6950 69 6.064763 4.946702
6960 69 6.060974 4.944315
6970 69 6.057396 4.942167
6980 69 6.053818 4.939781
6990 69 6.050241 4.937633
7000 69 6.046452 4.935485
7010 69 6.042874 4.933098
7020 69 6.039296 4.930950
7030 69 6.035718 4.928564
7040 69 6.031930 4.926416
7050 69 6.028352 4.924268
7060 69 6.024774 4.921881
7070 69 6.021196 4.919733
7080 69 6.017408 4.917347
7090 69 6.013830 4.915199
7100 69 6.010252 4.913051
7110 69 6.006674 4.910664
7120 69 6.002886 4.908516
7130 69 5.999308 4.906130
7140 69 5.995730 4.903982
7150 69 5.992152 4.901834
7160 69 5.988364 4.899447
7170 69 5.984786 4.897299
7180 69 5.981208 4.894912
7190 69 5.977630 4.892765
7200 69 6.000781 4.941690
7210 69 6.027089 4.996343
7220 69 6.053397 5.051235
7230 69 6.079706 5.105888
7240 69 6.103488 5.155052
7250 69 6.102857 5.155052
7260 69 6.102436 5.155290
7270 69 6.101804 5.155290
7280 69 6.101384 5.155529
7290 69 6.100752 5.155529
7300 69 6.100121 5.155768
7310 69 6.099700 5.155768
7320 69 6.099068 5.155768
7330 69 6.098647 5.156006
7340 69 6.098016 5.156006
7350 69 6.097595 5.156245
7360 69 6.096964 5.156245
7370 69 6.096332 5.156484
7380 69 6.095911 5.156484
7390 69 6.095280 5.156484
7400 69 6.094859 5.156722
7410 69 6.094228 5.156722
7420 69 6.093807 5.156961
7430 69 6.093175 5.156961
7440 69 6.092754 5.157200
7450 69 6.092123 5.157200
7460 69 6.091492 5.157200
7470 69 6.091071 5.157438
7480 69 6.090439 5.157438
7490 69 6.090018 5.157677
7500 69 6.089387 5.157677
7510 69 6.088966 5.157916
7520 69 6.088335 5.157916
7530 69 6.087914 5.157916
7540 69 6.087282 5.158154
7550 69 6.086651 5.158154
7560 69 6.086230 5.158393
7570 69 6.085599 5.158393
7580 69 6.085178 5.158632
7590 69 6.084546 5.158632
7600 69 6.084125 5.158632
7610 69 6.083494 5.158870
7620 69 6.082863 5.158870
7630 69 6.082442 5.159109
7640 69 6.081810 5.159109
7650 69 6.081389 5.159348
7660 69 6.080758 5.159348
7670 69 6.080337 5.159348
7680 69 6.079706 5.159586
7690 69 6.079285 5.159586
7700 69 6.078653 5.159825
7710 69 6.078022 5.159825
7720 69 6.077601 5.160064
7730 69 6.076970 5.160064
7740 69 6.076549 5.160064
7750 69 6.075917 5.160302
7760 69 6.075496 5.160302
7770 69 6.074865 5.160541
7780 69 6.074444 5.160541
7790 69 6.073813 5.160780
7800 69 6.073181 5.160780
7810 69 6.072760 5.160780
7820 69 6.072129 5.161018
7830 69 6.071708 5.161018
7840 69 6.071077 5.161257
7850 69 6.070656 5.161257
7860 69 6.070024 5.161257
7870 69 6.069393 5.161495
7880 69 6.068972 5.161495
7890 69 6.068341 5.161734
7900 69 6.067920 5.161734
7910 69 6.067288 5.161973
7920 69 6.066867 5.161973
7930 69 6.066236 5.161973
7940 69 6.065815 5.162211
7950 69 6.065184 5.162211
7960 69 6.064552 5.162450
7970 69 6.064131 5.162450
7980 69 6.063500 5.162689
7990 69 6.063079 5.162689
8000 69 6.062447 5.162689
8010 69 6.062027 5.162927
8020 69 6.061395 5.162927
8030 69 6.060974 5.163166
8040 69 6.060343 5.163166
8050 69 6.059711 5.163405
8060 69 6.059291 5.163405
8070 69 6.058659 5.163405
8080 69 6.058238 5.163643
8090 69 6.057607 5.163643
8100 69 6.057186 5.163882
8110 69 6.056554 5.163882
8120 69 6.055923 5.164121
8130 69 6.055502 5.164121
8140 69 6.054871 5.164121
8150 69 6.054450 5.164359
8160 69 6.053818 5.164359
8170 69 6.053397 5.164598
8180 69 6.052766 5.164598
8190 69 6.052345 5.164837
8200 69 6.051714 5.164837
8210 69 6.051082 5.164837
8220 69 6.050661 5.165075
8230 69 6.050030 5.165075
8240 69 6.049609 5.165314
8250 69 6.048978 5.165314
8260 69 6.048557 5.165553
8270 69 6.047925 5.165553
8280 69 6.047504 5.165553
8290 69 6.046873 5.165791
8300 69 6.046242 5.165791
8310 69 6.045821 5.166030
8320 69 6.045189 5.166030
8330 69 6.044768 5.166269
8340 69 6.044137 5.166269
8350 69 6.043716 5.166269
8360 69 6.043085 5.166507
8370 69 6.042453 5.166507
8380 69 6.042032 5.166746
8390 69 6.041401 5.166746
8400 69 6.040980 5.166985
8410 69 6.040349 5.166985
8420 69 6.039928 5.166985
8430 69 6.039296 5.167223
8440 69 6.038875 5.167223
8450 69 6.038244 5.167462
8460 69 6.037613 5.167462
8470 69 6.037192 5.167701
8480 69 6.036560 5.167701
8490 69 6.036139 5.167701
8500 69 6.035508 5.167939
8510 69 6.035087 5.167939
8520 69 6.034456 5.168178
8530 69 6.034035 5.168178
8540 69 6.033403 5.168417
8550 69 6.032772 5.168417
8560 69 6.032351 5.168417
8570 69 6.031720 5.168655
8580 69 6.031299 5.168655
8590 69 6.030667 5.168894
8600 69 6.030246 5.168894
8610 69 6.029615 5.168894
8620 69 6.029194 5.169133
8630 69 6.028563 5.169133
8640 69 6.027931 5.169371
8650 69 6.027510 5.169371
8660 69 6.026879 5.169610
8670 69 6.026458 5.169610
8680 69 6.025827 5.169610
8690 69 6.025406 5.169849
8700 69 6.024774 5.169849
8710 69 6.024143 5.170087
8720 69 6.023722 5.170087
8730 69 6.023091 5.170326
8740 69 6.022670 5.170326
8750 69 6.022038 5.170326
8760 69 6.021617 5.170565
8770 69 6.020986 5.170565
8780 69 6.020565 5.170803
8790 69 6.019934 5.170803
8800 69 6.019302 5.171042
8810 69 6.018881 5.171042
8820 69 6.018250 5.171042
8830 69 6.017829 5.171281
8840 69 6.017197 5.171281
8850 69 6.016777 5.171519
8860 69 6.016145 5.171519
8870 69 6.015724 5.171758
8880 69 6.015093 5.171758
8890 69 6.014461 5.171758
8900 69 6.014041 5.171997
8910 69 6.013409 5.171997
8920 69 6.012988 5.172235
8930 69 6.012357 5.172235
8940 69 6.011936 5.172474
8950 69 6.011304 5.172474
8960 69 6.010673 5.172474
8970 69 6.010252 5.172712
8980 69 6.009621 5.172712
8990 69 6.009200 5.172951
9000 69 6.008568 5.172951
9010 69 6.008147 5.173190
9020 69 6.007516 5.173190
9030 69 6.007095 5.173190
9040 69 6.006464 5.173428
9050 69 6.005832 5.173428
9060 69 6.005411 5.173667
9070 69 6.004780 5.173667
9080 69 6.004359 5.173906
9090 69 6.003728 5.173906
9100 69 6.003307 5.173906
9110 69 6.002675 5.174144
9120 69 6.002254 5.174144
9130 69 6.001623 5.174383
9140 69 6.000992 5.174383
9150 69 6.000571 5.174622
9160 69 5.999939 5.174622
9170 69 5.999518 5.174622
9180 69 5.998887 5.174860
9190 69 5.998466 5.174860
9200 69 5.997835 5.175099
9210 69 5.997203 5.175099
9220 69 5.996782 5.175338
9230 69 5.996151 5.175338
9240 69 5.995730 5.175338
9250 69 5.995099 5.175576
9260 69 5.994678 5.175576
9270 69 5.994046 5.175815
9280 69 5.993625 5.175815
9290 69 5.992994 5.175815
9300 69 5.992363 5.176054
9310 69 5.991942 5.176054
9320 69 5.991310 5.176292
9330 69 5.990889 5.176292
9340 69 5.990258 5.176531
9350 69 5.989837 5.176531
9360 69 5.989206 5.176531
9370 69 5.988785 5.176770
9380 69 5.988153 5.176770
9390 69 5.987522 5.177008
9400 69 5.987101 5.177008
9410 69 5.986470 5.177247
9420 69 5.986049 5.177247
9430 69 5.985417 5.177247
9440 69 5.984996 5.177486
9450 69 5.984365 5.177486
9460 69 5.983734 5.177724
9470 69 5.983313 5.177724
9480 69 5.982681 5.177963
9490 69 5.982260 5.177963
9500 69 5.981629 5.177963
9510 69 5.981208 5.178202
9520 69 5.980577 5.178202
9530 69 5.980156 5.178440
9540 69 5.979524 5.178440
9550 69 5.978893 5.178679
9560 69 5.978472 5.178679
9570 69 5.977841 5.178679
9580 69 5.977420 5.178918
9590 69 5.745697 5.226650
9600 69 5.429158 5.252664
9610 69 5.145451 5.179872
9620 69 4.861744 5.107320
9630 69 4.469437 5.053144
9640 69 4.077341 4.998730
9650 69 3.608424 4.970568
9660 69 3.120566 4.948850
9670 69 2.686166 4.929041
9680 69 2.287335 4.910187
9690 69 1.888714 4.891333
9700 69 1.489883 4.872478
9710 69 1.126620 4.838589
9720 69 0.771986 4.800881
9730 69 0.417563 4.763172
9740 69 0.063140 4.725464
3920 70 14.899457 5.078681
3930 70 14.317310 5.126412
3940 70 13.734953 5.174144
3950 70 13.146703 5.264358
3960 70 12.549193 5.418293
3970 70 11.951682 5.572229
3980 70 11.362590 5.692752
3990 70 10.793072 5.734756
4000 70 10.223553 5.776999
4010 70 9.654245 5.819003
4020 70 9.123663 5.780340
4030 70 8.597500 5.732608
4040 70 8.071337 5.684876
4050 70 7.587688 5.680103
4060 70 7.108670 5.680103
4070 70 6.629651 5.680103
4080 70 6.364675 5.759577
4090 70 6.099489 5.839289
4100 70 5.950901 5.900864
4110 70 6.073602 5.920672
4120 70 6.196514 5.940720
4130 70 6.212720 5.991793
4140 70 6.217139 6.046446
4150 70 6.221349 6.101338
4160 70 6.225768 6.155991
4170 70 6.229978 6.205155
4180 70 6.231241 6.204200
4190 70 6.232503 6.203246
4200 70 6.233977 6.202291
4210 70 6.235239 6.201336
4220 70 6.236713 6.200382
4230 70 6.237975 6.199427
4240 70 6.239449 6.198711
4250 70 6.240711 6.197756
4260 70 6.241974 6.196802
4270 70 6.243447 6.195847
4280 70 6.244710 6.194892
4290 70 6.246184 6.193938
4300 70 6.247446 6.193222
4310 70 6.248920 6.192267
4320 70 6.250182 6.191313
4330 70 6.251445 6.190358
4340 70 6.252918 6.189403
4350 70 6.254181 6.188449
4360 70 6.255654 6.187494
4370 70 6.256917 6.186778
4380 70 6.258390 6.185823
4390 70 6.259653 6.184869
4400 70 6.260916 6.183914
4410 70 6.262389 6.182959
4420 70 6.263652 6.182005
4430 70 6.265125 6.181050
4440 70 6.266388 6.180334
4450 70 6.267651 6.179380
4460 70 6.269124 6.178425
4470 70 6.270387 6.177470
4480 70 6.271860 6.176516
4490 70 6.273123 6.175561
4500 70 6.274596 6.174606
4510 70 6.275859 6.173890
4520 70 6.277122 6.172936
4530 70 6.278595 6.171981
4540 70 6.279858 6.171026
4550 70 6.281331 6.170072
4560 70 6.282594 6.169117
4570 70 6.284067 6.168163
4580 70 6.285330 6.167447
4590 70 6.286593 6.166492
4600 70 6.288066 6.165537
4610 70 6.289329 6.164583
4620 70 6.290802 6.163628
4630 70 6.292065 6.162673
4640 70 6.293538 6.161719
4650 70 6.294801 6.161003
4660 70 6.296064 6.160048
4670 70 6.297537 6.159093
4680 70 6.298800 6.158139
4690 70 6.300273 6.157184
4700 70 6.301536 6.156230
4710 70 6.302799 6.155514
4720 70 6.304272 6.154559
4730 70 6.305535 6.153604
4740 70 6.307008 6.152650
4750 70 6.308271 6.151695
4760 70 6.309744 6.150740
4770 70 6.311007 6.149786
4780 70 6.312270 6.149070
4790 70 6.313743 6.148115
4800 70 6.315006 6.147160
4810 70 6.316479 6.146206
4820 70 6.317742 6.145251
4830 70 6.319215 6.144297
4840 70 6.320478 6.143342
4850 70 6.321740 6.142626
4860 70 6.323214 6.141671
4870 70 6.324477 6.140717
4880 70 6.325950 6.139762
4890 70 6.327213 6.138807
4900 70 6.328475 6.137853
4910 70 6.329949 6.136898
4920 70 6.331211 6.136182
4930 70 6.332685 6.135227
4940 70 6.333947 6.134273
4950 70 6.335421 6.133318
4960 70 6.336684 6.132364
4970 70 6.337946 6.131409
4980 70 6.339420 6.130454
4990 70 6.340682 6.129738
5000 70 6.342156 6.128784
5010 70 6.343418 6.127829
5020 70 6.344892 6.126874
5030 70 6.346154 6.125920
5040 70 6.347417 6.124965
5050 70 6.348890 6.124249
5060 70 6.350153 6.123294
5070 70 6.351627 6.122340
5080 70 6.352889 6.121385
5090 70 6.354363 6.120431
5100 70 6.355625 6.119476
5110 70 6.356888 6.118521
5120 70 6.358361 6.117805
5130 70 6.359624 6.116851
5140 70 6.361097 6.115896
5150 70 6.362360 6.114941
5160 70 6.363623 6.113987
5170 70 6.365096 6.113032
5180 70 6.366359 6.112077
5190 70 6.367832 6.111361
5200 70 6.369095 6.110407
5210 70 6.370568 6.109452
5220 70 6.371831 6.108498
5230 70 6.373094 6.107543
5240 70 6.374567 6.106588
5250 70 6.375830 6.105634
5260 70 6.377303 6.104918
5270 70 6.378566 6.103963
5280 70 6.380039 6.103008
5290 70 6.381302 6.102054
5300 70 6.382565 6.101099
5310 70 6.384038 6.100144
5320 70 6.385301 6.099190
5330 70 6.386774 6.098474
5340 70 6.388037 6.097519
5350 70 6.389510 6.096565
5360 70 6.390773 6.095610
5370 70 6.392036 6.094655
5380 70 6.393509 6.093701
5390 70 6.394772 6.092746
5400 70 6.396245 6.092030
5410 70 6.397508 6.091075
5420 70 6.398771 6.090121
5430 70 6.400244 6.089166
5440 70 6.401507 6.088211
5450 70 6.402980 6.087257
5460 70 6.404243 6.086541
5470 70 6.405716 6.085586
5480 70 6.406979 6.084632
5490 70 6.408242 6.083677
5500 70 6.409715 6.082722
5510 70 6.410978 6.081768
5520 70 6.412451 6.080813
5530 70 6.413714 6.080097
5540 70 6.415187 6.079142
5550 70 6.416450 6.078188
5560 70 6.417713 6.077233
5570 70 6.419186 6.076279
5580 70 6.420449 6.075324
5590 70 6.421922 6.074369
5600 70 6.423185 6.073653
5610 70 6.424447 6.072699
5620 70 6.425921 6.071744
5630 70 6.427184 6.070789
5640 70 6.428657 6.069835
5650 70 6.429920 6.068880
5660 70 6.431393 6.067925
5670 70 6.432656 6.067209
5680 70 6.433918 6.066255
5690 70 6.435392 6.065300
5700 70 6.436654 6.064346
5710 70 6.438128 6.063391
5720 70 6.439390 6.062436
5730 70 6.444442 5.976041
5740 70 6.454965 5.761248
5750 70 6.474749 5.571274
5760 70 6.508423 5.418532
5770 70 6.542097 5.265790
5780 70 6.575982 5.098012
5790 70 6.609867 4.928802
5800 70 6.643963 4.759354
5810 70 6.642279 4.692052
5820 70 6.631756 4.650286
5830 70 6.621232 4.608521
5840 70 6.610709 4.566755
5850 70 6.609657 4.561982
5860 70 6.610920 4.566517
5870 70 6.611972 4.571051
5880 70 6.613235 4.575824
5890 70 6.614497 4.580359
5900 70 6.615760 4.584893
5910 70 6.617023 4.589428
5920 70 6.618286 4.593962
5930 70 6.619549 4.598497
5940 70 6.620811 4.603032
5950 70 6.621864 4.607566
5960 70 6.623127 4.612101
5970 70 6.624389 4.616635
5980 70 6.625652 4.621170
5990 70 6.626915 4.625943
6000 70 6.628178 4.630477
6010 70 6.629440 4.635012
6020 70 6.630703 4.639547
6030 70 6.631756 4.644081
6040 70 6.633018 4.648616
6050 70 6.634281 4.653150
6060 70 6.635544 4.657685
6070 70 6.636807 4.662219
6080 70 6.638070 4.666754
6090 70 6.639332 4.671288
6100 70 6.640595 4.676061
6110 70 6.641647 4.680596
6120 70 6.642910 4.685131
6130 70 6.644173 4.689665
6140 70 6.645436 4.694200
6150 70 6.646699 4.698734
6160 70 6.647961 4.703269
6170 70 6.649224 4.707803
6180 70 6.650487 4.712338
6190 70 6.651539 4.716872
6200 70 6.652802 4.721407
6210 70 6.654065 4.725941
6220 70 6.655328 4.730715
6230 70 6.656590 4.735249
6240 70 6.657853 4.739784
6250 70 6.659116 4.744318
6260 70 6.660379 4.748853
6270 70 6.661431 4.753387
6280 70 6.662694 4.757922
6290 70 6.663957 4.762456
6300 70 6.665220 4.766991
6310 70 6.666482 4.771525
6320 70 6.667745 4.776060
6330 70 6.669008 4.780833
6340 70 6.670271 4.785368
6350 70 6.671323 4.789902
6360 70 6.672586 4.794437
6370 70 6.673849 4.798971
6380 70 6.675111 4.803506
6390 70 6.676374 4.808040
6400 70 6.677637 4.812575
6410 70 6.678900 4.817109
6420 70 6.680163 4.821644
6430 70 6.681215 4.826178
6440 70 6.682478 4.830952
6450 70 6.683740 4.835486
6460 70 6.685003 4.840021
6470 70 6.686266 4.844555
6480 70 6.687529 4.849090
6490 70 6.688792 4.853624
6500 70 6.689844 4.858159
6510 70 6.691107 4.862693
6520 70 6.692370 4.867228
6530 70 6.690686 4.870808
6540 70 6.687529 4.873672
6550 70 6.684372 4.876774
6560 70 6.681425 4.879877
6570 70 6.678268 4.882741
6580 70 6.675111 4.885843
6590 70 6.672165 4.888707
6600 70 6.669008 4.891810
6610 70 6.665851 4.894674
6620 70 6.662904 4.897776
6630 70 6.659747 4.900879
6640 70 6.656590 4.903743
6650 70 6.653644 4.906845
6660 70 6.650487 4.909709
6670 70 6.647330 4.912812
6680 70 6.644384 4.915676
6690 70 6.641227 4.918778
6700 70 6.638070 4.921881
6710 70 6.635123 4.924745
6720 70 6.631966 4.927848
6730 70 6.628809 4.930711
6740 70 6.625863 4.933814
6750 70 6.622706 4.936917
6760 70 6.619549 4.939781
6770 70 6.616602 4.942883
6780 70 6.613445 4.945747
6790 70 6.610288 4.948850
6800 70 6.607342 4.951714
6810 70 6.604185 4.954816
6820 70 6.601028 4.957919
6830 70 6.597871 4.960783
6840 70 6.594924 4.963885
6850 70 6.591767 4.966749
6860 70 6.588610 4.969852
6870 70 6.585664 4.972716
6880 70 6.582507 4.975818
6890 70 6.579350 4.978921
6900 70 6.576403 4.981785
6910 70 6.573246 4.984887
6920 70 6.570089 4.987751
6930 70 6.567143 4.990854
6940 70 6.563986 4.993956
6950 70 6.560829 4.996820
6960 70 6.557882 4.999923
6970 70 6.554725 5.002787
6980 70 6.551568 5.005889
6990 70 6.548622 5.008753
7000 70 6.545465 5.011856
7010 70 6.544834 5.011856
7020 70 6.544413 5.011856
7030 70 6.543781 5.011856
7040 70 6.543150 5.011856
7050 70 6.542518 5.011856
7060 70 6.542097 5.011856
7070 70 6.541466 5.011856
7080 70 6.540835 5.011856
7090 70 6.540203 5.011856
7100 70 6.539782 5.011856
7110 70 6.539151 5.011856
7120 70 6.538520 5.011856
7130 70 6.538099 5.011856
7140 70 6.537467 5.011856
7150 70 6.536836 5.011856
7160 70 6.536204 5.011856
7170 70 6.535784 5.011856
7180 70 6.535152 5.011856
7190 70 6.534521 5.011856
7200 70 6.534100 5.011856
7210 70 6.533468 5.011856
7220 70 6.532837 5.011856
7230 70 6.532206 5.011856
7240 70 6.531785 5.011856
7250 70 6.531153 5.011856
7260 70 6.530522 5.011856
7270 70 6.529890 5.011856
7280 70 6.529470 5.011856
7290 70 6.528838 5.011856
7300 70 6.528207 5.011856
7310 70 6.527786 5.011856
7320 70 6.527154 5.011856
7330 70 6.526523 5.011856
7340 70 6.525892 5.011856
7350 70 6.525471 5.011856
7360 70 6.524839 5.011856
7370 70 6.524208 5.011856
7380 70 6.523577 5.011856
7390 70 6.523156 5.011856
7400 70 6.522524 5.011856
7410 70 6.521893 5.011856
7420 70 6.521472 5.011856
7430 70 6.520840 5.011856
7440 70 6.520209 5.011856
7450 70 6.519578 5.011856
7460 70 6.519157 5.011856
7470 70 6.518525 5.011856
7480 70 6.517894 5.011856
7490 70 6.517263 5.011856
7500 70 6.516842 5.011856
7510 70 6.516210 5.011856
7520 70 6.515579 5.011856
7530 70 6.515158 5.011856
7540 70 6.514527 5.011856
7550 70 6.513895 5.011856
7560 70 6.513264 5.011856
7570 70 6.512843 5.011856
7580 70 6.512211 5.011856
7590 70 6.511580 5.011856
7600 70 6.511159 5.011856
7610 70 6.510528 5.011856
7620 70 6.509896 5.011856
7630 70 6.509265 5.011856
7640 70 6.508844 5.011856
7650 70 6.508213 5.011856
7660 70 6.507581 5.011856
7670 70 6.506950 5.011856
7680 70 6.506529 5.011856
7690 70 6.505897 5.011856
7700 70 6.505266 5.011856
7710 70 6.504845 5.011856
7720 70 6.504214 5.011856
7730 70 6.503582 5.011856
7740 70 6.502951 5.011856
7750 70 6.502530 5.011856
7760 70 6.501899 5.011856
7770 70 6.501267 5.011856
7780 70 6.500636 5.011856
7790 70 6.500215 5.011856
7800 70 6.499584 5.011856
7810 70 6.498952 5.011856
7820 70 6.498531 5.011856
7830 70 6.497900 5.011856
7840 70 6.497268 5.011856
7850 70 6.496637 5.011856
7860 70 6.496216 5.011856
7870 70 6.495585 5.011856
7880 70 6.494953 5.011856
7890 70 6.494322 5.011856
7900 70 6.493901 5.011856
7910 70 6.493270 5.011856
7920 70 6.492638 5.011856
7930 70 6.492217 5.011856
7940 70 6.491586 5.011856
7950 70 6.490954 5.011856
7960 70 6.490323 5.011856
7970 70 6.489902 5.011856
7980 70 6.489271 5.011856
7990 70 6.488639 5.011856
8000 70 6.488218 5.011856
8010 70 6.487587 5.011856
8020 70 6.486956 5.011856
8030 70 6.486324 5.011856
8040 70 6.485903 5.011856
8050 70 6.485272 5.011856
8060 70 6.484640 5.011856
8070 70 6.484009 5.011856
8080 70 6.483588 5.011856
8090 70 6.482957 5.011856
8100 70 6.482325 5.011856
8110 70 6.481904 5.011856
8120 70 6.481273 5.011856
8130 70 6.480642 5.011856
8140 70 6.480010 5.011856
8150 70 6.479589 5.011856
8160 70 6.478958 5.011856
8170 70 6.478327 5.011856
8180 70 6.477695 5.011856
8190 70 6.477274 5.011856
8200 70 6.476643 5.011856
8210 70 6.476011 5.011856
8220 70 6.475590 5.011856
8230 70 6.474959 5.011856
8240 70 6.474328 5.011856
8250 70 6.473696 5.011856
8260 70 6.473275 5.011856
8270 70 6.472644 5.011856
8280 70 6.472013 5.011856
8290 70 6.471592 5.011856
8300 70 6.470960 5.011856
8310 70 6.470329 5.011856
8320 70 6.469697 5.011856
8330 70 6.469277 5.011856
8340 70 6.468645 5.011856
8350 70 6.468014 5.011856
8360 70 6.467382 5.011856
8370 70 6.466961 5.011856
8380 70 6.466330 5.011856
8390 70 6.465699 5.011856
8400 70 6.465278 5.011856
8410 70 6.464646 5.011856
8420 70 6.464015 5.011856
8430 70 6.463384 5.011856
8440 70 6.462963 5.011856
8450 70 6.462331 5.011856
8460 70 6.461700 5.011856
8470 70 6.461068 5.011856
8480 70 6.460647 5.011856
8490 70 6.460016 5.011856
8500 70 6.459385 5.011856
8510 70 6.458964 5.011856
8520 70 6.458332 5.011856
8530 70 6.457701 5.011856
8540 70 6.457070 5.011856
8550 70 6.456649 5.011856
8560 70 6.456017 5.011856
8570 70 6.455386 5.011856
8580 70 6.454754 5.011856
8590 70 6.454334 5.011856
8600 70 6.453702 5.011856
8610 70 6.453071 5.011856
8620 70 6.452650 5.011856
8630 70 6.452018 5.011856
8640 70 6.451387 5.011856
8650 70 6.450756 5.011856
8660 70 6.450335 5.011856
8670 70 6.449703 5.011856
8680 70 6.449072 5.011856
8690 70 6.448651 5.011856
8700 70 6.448020 5.011856
8710 70 6.447388 5.011856
8720 70 6.446757 5.011856
8730 70 6.446336 5.011856
8740 70 6.445704 5.011856
8750 70 6.445073 5.011856
8760 70 6.444442 5.011856
8770 70 6.444021 5.011856
8780 70 6.443389 5.011856
8790 70 6.442758 5.011856
8800 70 6.442337 5.011856
8810 70 6.441706 5.011856
8820 70 6.441074 5.011856
8830 70 6.440443 5.011856
8840 70 6.440022 5.011856
8850 70 6.439390 5.011856
8860 70 6.438759 5.011856
8870 70 6.438128 5.011856
8880 70 6.437707 5.011856
8890 70 6.437075 5.011856
8900 70 6.436444 5.011856
8910 70 6.436023 5.011856
8920 70 6.435392 5.011856
8930 70 6.434760 5.011856
8940 70 6.434129 5.011856
8950 70 6.433708 5.011856
8960 70 6.433077 5.011856
8970 70 6.432445 5.011856
8980 70 6.431814 5.011856
8990 70 6.431393 5.011856
9000 70 6.430761 5.011856
9010 70 6.430130 5.011856
9020 70 6.429709 5.011856
9030 70 6.429078 5.011856
9040 70 6.428446 5.011856
9050 70 6.427815 5.011856
9060 70 6.427394 5.011856
9070 70 6.426763 5.011856
9080 70 6.426131 5.011856
9090 70 6.425710 5.011856
9100 70 6.425079 5.011856
9110 70 6.424447 5.011856
9120 70 6.423816 5.011856
9130 70 6.423395 5.011856
9140 70 6.422764 5.011856
9150 70 6.422132 5.011856
9160 70 6.421501 5.011856
9170 70 6.421080 5.011856
9180 70 6.420449 5.011856
9190 70 6.419817 5.011856
9200 70 6.419396 5.011856
9210 70 6.418765 5.011856
9220 70 6.418134 5.011856
9230 70 6.417502 5.011856
9240 70 6.417081 5.011856
9250 70 6.416450 5.011856
9260 70 6.415818 5.011856
9270 70 6.415187 5.011856
9280 70 6.414766 5.011856
9290 70 6.414135 5.011856
9300 70 6.413503 5.011856
9310 70 6.413082 5.011856
9320 70 6.412451 5.011856
9330 70 6.411820 5.011856
9340 70 6.411188 5.011856
9350 70 6.410767 5.011856
9360 70 6.410136 5.011856
9370 70 6.409504 5.011856
9380 70 6.408873 5.011856
9390 70 6.408452 5.011856
9400 70 6.407821 5.011856
9410 70 6.407189 5.011856
9420 70 6.406768 5.011856
9430 70 6.406137 5.011856
9440 70 6.405506 5.011856
9450 70 6.404874 5.011856
9460 70 6.404453 5.011856
9470 70 6.403822 5.011856
9480 70 6.403190 5.011856
9490 70 6.402770 5.011856
9500 70 6.402138 5.011856
9510 70 6.401507 5.011856
9520 70 6.400875 5.011856
9530 70 6.400454 5.011856
9540 70 6.399823 5.011856
9550 70 6.399192 5.011856
9560 70 6.398560 5.011856
9570 70 6.377093 4.998252
9580 70 6.166628 4.863171
9590 70 5.956163 4.727851
9600 70 5.722125 4.592292
9610 70 5.276992 4.454585
9620 70 4.831858 4.316878
9630 70 4.392407 4.226426
9640 70 3.958638 4.182990
9650 70 3.524870 4.139554
9660 70 3.096363 4.096595
9670 70 2.687850 4.054353
9680 70 2.279127 4.012349
9690 70 1.870614 3.970106
9700 70 1.459786 3.940035
9710 70 1.048537 3.912827
9720 70 0.637078 3.885859
9730 70 0.225829 3.858652
9740 70 -0.185630 3.831683
4000 71 -0.175738 6.325917
4010 71 0.421562 6.202768
4020 71 1.019072 6.079620
4030 71 1.616583 5.956471
4040 71 2.211778 5.833323
4050 71 2.804869 5.710413
4060 71 3.397959 5.587503
4070 71 3.974844 5.471037
4080 71 4.485853 5.380108
4090 71 4.976868 5.305169
4100 71 5.286463 5.375573
4110 71 5.523446 5.481300
4120 71 5.652251 5.640247
4130 71 5.722967 5.690127
4140 71 5.755379 5.667216
4150 71 5.787791 5.644304
4160 71 5.820202 5.621393
4170 71 5.852614 5.598482
4180 71 5.847142 5.612801
4190 71 5.785265 5.682967
4200 71 5.723388 5.753133
4210 71 5.661511 5.823299
4220 71 5.689293 5.807548
4230 71 5.717074 5.791796
4240 71 5.744856 5.776044
4250 71 5.772637 5.760293
4260 71 5.800418 5.744541
4270 71 5.828200 5.728790
4280 71 5.856192 5.713038
4290 71 5.883973 5.697287
4300 71 5.911754 5.681535
4310 71 5.939536 5.665784
4320 71 5.955110 5.655521
4330 71 5.952585 5.653851
4340 71 5.949849 5.652180
4350 71 5.947323 5.650748
4360 71 5.944587 5.649077
4370 71 5.942061 5.647407
4380 71 5.939325 5.645736
4390 71 5.936800 5.644066
4400 71 5.934274 5.642395
4410 71 5.931538 5.640724
4420 71 5.929013 5.639054
4430 71 5.926277 5.637383
4440 71 5.923751 5.635713
4450 71 5.921015 5.634042
4460 71 5.918489 5.632610
4470 71 5.915964 5.630939
4480 71 5.913228 5.629269
4490 71 5.910702 5.627598
4500 71 5.907966 5.625927
4510 71 5.905441 5.624257
4520 71 5.902704 5.622586
4530 71 5.900179 5.620916
4540 71 5.897653 5.619245
4550 71 5.894917 5.617574
4560 71 5.892392 5.615904
4570 71 5.889656 5.614472
4580 71 5.887130 5.612801
4590 71 5.884394 5.611131
4600 71 5.881868 5.609460
4610 71 5.879343 5.607789
4620 71 5.876607 5.606119
4630 71 5.874081 5.604448
4640 71 5.871345 5.602777
4650 71 5.868820 5.601107
4660 71 5.866084 5.599436
4670 71 5.863558 5.598004
4680 71 5.861032 5.596334
4690 71 5.858296 5.594663
4700 71 5.855771 5.592992
4710 71 5.853035 5.591322
4720 71 5.850509 5.589651
4730 71 5.847773 5.587981
4740 71 5.845247 5.586310
4750 71 5.842511 5.584639
4760 71 5.839986 5.582969
4770 71 5.837460 5.581298
4780 71 5.834724 5.579866
4790 71 5.832199 5.578195
4800 71 5.829463 5.576525
4810 71 5.826937 5.574854
4820 71 5.824201 5.573184
4830 71 5.821675 5.571513
4840 71 5.819150 5.569842
4850 71 5.816414 5.568172
4860 71 5.813888 5.566501
4870 71 5.811152 5.564831
4880 71 5.808627 5.563160
4890 71 5.805891 5.561728
4900 71 5.803365 5.560057
4910 71 5.800839 5.558387
4920 71 5.798103 5.556716
4930 71 5.795578 5.555045
4940 71 5.792842 5.553375
4950 71 5.790316 5.551704
4960 71 5.787580 5.550034
4970 71 5.785054 5.548363
4980 71 5.782529 5.546692
4990 71 5.779793 5.545260
5000 71 5.777267 5.543590
5010 71 5.774531 5.541919
5020 71 5.772006 5.540249
5030 71 5.769270 5.538578
5040 71 5.766744 5.536907
5050 71 5.764429 5.538817
5060 71 5.762324 5.540726
5070 71 5.760009 5.542635
5080 71 5.757904 5.544544
5090 71 5.755589 5.546215
5100 71 5.753485 5.548124
5110 71 5.751170 5.550034
5120 71 5.749065 5.551943
5130 71 5.746750 5.553852
5140 71 5.744645 5.555761
5150 71 5.742330 5.557671
5160 71 5.740225 5.559580
5170 71 5.737910 5.561489
5180 71 5.735806 5.563399
5190 71 5.733491 5.565069
5200 71 5.731386 5.566978
5210 71 5.729071 5.568888
5220 71 5.726966 5.570797
5230 71 5.724651 5.572706
5240 71 5.722336 5.574616
5250 71 5.720231 5.576525
5260 71 5.717916 5.578434
5270 71 5.715811 5.580343
5280 71 5.713496 5.582014
5290 71 5.711392 5.583923
5300 71 5.709077 5.585833
5310 71 5.706972 5.587742
5320 71 5.704657 5.589651
5330 71 5.702552 5.591560
5340 71 5.700237 5.593470
5350 71 5.698132 5.595379
5360 71 5.695817 5.597288
5370 71 5.693713 5.599198
5380 71 5.691397 5.600868
5390 71 5.689293 5.602777
5400 71 5.686978 5.604687
5410 71 5.684873 5.606596
5420 71 5.682558 5.608505
5430 71 5.680243 5.610415
5440 71 5.678138 5.612324
5450 71 5.675823 5.614233
5460 71 5.673718 5.616142
5470 71 5.671403 5.617813
5480 71 5.669299 5.619722
5490 71 5.666984 5.621632
5500 71 5.664879 5.623541
5510 71 5.662564 5.625450
5520 71 5.660459 5.627359
5530 71 5.658144 5.629269
5540 71 5.656039 5.631178
5550 71 5.653724 5.633087
5560 71 5.651620 5.634997
5570 71 5.649304 5.636667
5580 71 5.647200 5.638576
5590 71 5.644885 5.640486
5600 71 5.642780 5.642395
5610 71 5.640465 5.644304
5620 71 5.638150 5.646214
5630 71 5.636045 5.648123
5640 71 5.633730 5.650032
5650 71 5.631625 5.651941
5660 71 5.629310 5.653612
5670 71 5.627206 5.655521
5680 71 5.624891 5.657431
5690 71 5.622786 5.659340
5700 71 5.620471 5.661249
5710 71 5.618366 5.663158
5720 71 5.616051 5.665068
5730 71 5.613946 5.666977
5740 71 5.611631 5.668886
5750 71 5.609527 5.670796
5760 71 5.607211 5.672466
5770 71 5.605107 5.674375
5780 71 5.602792 5.676285
5790 71 5.600687 5.678194
5800 71 5.598372 5.680103
5810 71 5.593742 5.680581
5820 71 5.589111 5.681058
5830 71 5.584481 5.681535
5840 71 5.579851 5.682013
5850 71 5.575221 5.682490
5860 71 5.570591 5.682967
5870 71 5.565960 5.683444
5880 71 5.561330 5.683922
5890 71 5.556700 5.684399
5900 71 5.552070 5.684876
5910 71 5.547439 5.685354
5920 71 5.542809 5.685831
5930 71 5.538179 5.686308
5940 71 5.533549 5.686786
5950 71 5.528918 5.687263
5960 71 5.524288 5.687740
5970 71 5.519658 5.688218
5980 71 5.515028 5.688695
5990 71 5.510398 5.689172
6000 71 5.505767 5.689650
6010 71 5.501137 5.690127
6020 71 5.496507 5.690604
6030 71 5.491877 5.691082
6040 71 5.487246 5.691559
6050 71 5.482616 5.692036
6060 71 5.477986 5.692514
6070 71 5.473356 5.692991
6080 71 5.468725 5.693468
6090 71 5.464095 5.693946
6100 71 5.459465 5.694423
6110 71 5.454835 5.694900
6120 71 5.450204 5.695377
6130 71 5.445574 5.695855
6140 71 5.440944 5.696332
6150 71 5.436314 5.696809
6160 71 5.431684 5.697287
6170 71 5.427053 5.697764
6180 71 5.422423 5.698241
6190 71 5.417793 5.698719
6200 71 5.413163 5.699196
6210 71 5.408532 5.699673
6220 71 5.403902 5.700151
6230 71 5.399272 5.700628
6240 71 5.394642 5.701105
6250 71 5.390011 5.701583
6260 71 5.385381 5.702060
6270 71 5.380751 5.702537
6280 71 5.376121 5.703015
6290 71 5.371491 5.703492
6300 71 5.366860 5.703969
6310 71 5.499453 5.668648
6320 71 5.631836 5.633326
6330 71 5.787791 5.616142
6340 71 5.998256 5.641679
6350 71 6.208721 5.667216
6360 71 6.423185 5.721391
6370 71 6.641858 5.803968
6380 71 6.860321 5.886544
6390 71 7.004068 5.940958
6400 71 7.139187 5.992032
6410 71 7.289880 6.029263
6420 71 7.577796 5.941436
6430 71 7.897072 5.858621
6440 71 8.341364 5.796808
6450 71 8.785656 5.734995
6460 71 9.334969 5.669841
6470 71 9.988885 5.601584
6480 71 10.642800 5.533566
6490 71 11.360696 5.387745
6500 71 12.106164 5.208750
6510 71 12.854157 5.021880
6520 71 13.608253 4.816393
6530 71 14.362560 4.610669
6540 71 15.116656 4.405183
4090 72 -0.145221 4.711144
4100 72 0.408934 4.679403
4110 72 0.963299 4.647422
4120 72 1.517453 4.615681
4130 72 2.096232 4.587041
4140 72 2.685535 4.559834
4150 72 3.274837 4.532388
4160 72 3.857825 4.509477
4170 72 4.415768 4.503988
4180 72 4.973922 4.498499
4190 72 5.531865 4.493009
4200 72 6.089808 4.487282
4210 72 6.660379 4.525467
4220 72 7.232423 4.568187
4230 72 7.804467 4.611146
4240 72 8.376511 4.653866
4250 72 8.990859 4.660310
4260 72 9.605207 4.666754
4270 72 10.219554 4.673198
4280 72 10.835375 4.668663
4290 72 11.455195 4.638831
4300 72 12.074804 4.608998
4310 72 12.694624 4.579166
4320 72 13.314233 4.549333
4330 72 13.934053 4.519501
4340 72 14.553662 4.489668
4350 72 15.173272 4.459836
4250 73 -0.161637 4.820928
4260 73 0.347688 4.820928
4270 73 0.856803 4.820928
4280 73 1.365919 4.820928
4290 73 1.879874 4.815200
4300 73 2.398250 4.803506
4310 73 2.916836 4.791811
4320 73 3.435212 4.780117
4330 73 3.956744 4.773196
4340 73 4.482907 4.773196
4350 73 5.009070 4.773196
4360 73 5.535232 4.773196
4370 73 6.064552 4.773196
4380 73 6.606500 4.773196
4390 73 7.148447 4.773196
4400 73 7.690395 4.773196
4410 73 8.228765 4.776060
4420 73 8.752823 4.790618
4430 73 9.276881 4.805415
4440 73 9.800729 4.819973
4450 73 10.324787 4.834532
4460 73 10.860631 4.830952
4470 73 11.424257 4.784652
4480 73 11.987672 4.738590
4490 73 12.546667 4.699689
4500 73 13.087141 4.690381
4510 73 13.627826 4.681073
4520 73 14.168511 4.671766
4530 73 14.708986 4.662219
4540 73 15.249670 4.652911
4260 74 0.228565 4.385135
4270 74 0.709478 4.364849
4280 74 1.190601 4.344324
4290 74 1.671724 4.323800
4300 74 2.197677 4.279648
4310 74 2.734994 4.229290
4320 74 3.272101 4.179172
4330 74 3.809418 4.128815
4340 74 4.351577 4.139554
4350 74 4.893735 4.150533
4360 74 5.435682 4.161272
4370 74 5.977841 4.172251
4380 74 6.519999 4.182990
4390 74 7.062157 4.193969
4400 74 7.614838 4.197071
4410 74 8.183304 4.188718
4420 74 8.751981 4.180365
4430 74 9.320658 4.172012
4440 74 9.889335 4.163659
4450 74 10.457801 4.155306
4460 74 11.016586 4.146475
4470 74 11.570951 4.137884
4480 74 12.125316 4.129053
4490 74 12.679681 4.120461
4500 74 13.234046 4.111631
4510 74 13.788622 4.102801
4520 74 14.342987 4.094209
4530 74 14.897352 4.085378
4540 74 15.451717 4.076787
4380 75 15.090348 5.680103
4390 75 14.458953 5.696571
4400 75 13.827558 5.713038
4410 75 13.202055 5.729028
4420 75 12.630011 5.741200
4430 75 12.057967 5.753610
4440 75 11.485923 5.765782
4450 75 10.914300 5.741677
4460 75 10.343939 5.572229
4470 75 9.773789 5.403019
4480 75 9.201535 5.233093
4490 75 8.612232 5.057917
4500 75 8.008197 4.928325
4510 75 7.394271 4.828804
4520 75 6.782870 4.756012
4530 75 6.180518 4.788948
4540 75 5.577957 4.821644
4550 75 4.977921 4.894197
4560 75 4.382725 5.058872
4570 75 3.787741 5.223308
4580 75 3.199070 5.365788
4590 75 2.620291 5.475333
4600 75 2.041512 5.584639
4610 75 1.509877 5.616142
4620 75 0.978031 5.647407
4630 75 0.446396 5.678910
4640 75 -0.085238 5.710174
4450 76 15.057726 5.161018
4460 76 14.521040 5.220683
4470 76 13.983091 5.277484
4480 76 13.433988 5.308510
4490 76 12.885095 5.339774
4500 76 12.348198 5.339058
4510 76 11.814669 5.330705
4520 76 11.280930 5.322114
4530 76 10.781075 5.262449
4540 76 10.281221 5.202784
4550 76 9.781366 5.143119
4560 76 9.357700 5.050519
4570 76 8.952765 4.949327
4580 76 8.560879 4.878445
4590 76 8.219715 4.927848
4600 76 7.878551 4.977250
4610 76 7.524128 5.015913
4620 76 7.138345 5.029039
4630 76 6.719940 5.007321
4640 76 6.268914 4.950520
4650 76 5.850930 4.849567
4660 76 5.482616 4.682505
4670 76 5.123563 4.521171
4680 76 4.778400 4.368429
4690 76 4.433237 4.215687
4700 76 4.095651 4.200412
4710 76 3.758907 4.200412
4720 76 3.422163 4.200412
4730 76 3.142875 4.168671
4740 76 2.870113 4.133349
4750 76 2.615871 4.111870
4760 76 2.435292 4.145759
4770 76 2.254923 4.179888
4780 76 2.125698 4.176546
4790 76 2.073081 4.116882
4800 76 2.020465 4.057217
4810 76 1.967849 3.997552
4820 76 1.915232 3.937887
4830 76 1.841780 3.896599
4840 76 1.754648 3.867482
4850 76 1.667305 3.838366
4860 76 1.579962 3.809249
4870 76 1.490724 3.802567
4880 76 1.399172 3.818079
4890 76 1.307620 3.833592
4900 76 1.216067 3.849105
4910 76 1.124515 3.864618
4920 76 0.987081 3.838604
4930 76 0.844596 3.807817
4940 76 0.701901 3.777030
4950 76 0.656020 3.741231
4960 76 0.634342 3.704239
4970 76 0.612453 3.667246
4980 76 0.590776 3.630016
4990 76 0.568887 3.593023
5000 76 0.547209 3.556031
5010 76 0.547209 3.548633
5020 76 0.547209 3.541473
5030 76 0.547209 3.534074
5040 76 0.547209 3.526676
5050 76 0.547209 3.519277
5060 76 0.547209 3.512118
5070 76 0.547209 3.504719
5080 76 0.547209 3.497321
5090 76 0.547209 3.490161
5100 76 0.547209 3.482762
5110 76 0.547209 3.475364
5120 76 0.547209 3.468204
5130 76 0.547209 3.460806
5140 76 0.547209 3.453407
5150 76 0.547209 3.446009
5160 76 0.547209 3.438849
5170 76 0.547209 3.431451
5180 76 0.547209 3.424052
5190 76 0.547209 3.416892
5200 76 0.547209 3.409494
5210 76 0.547209 3.402095
5220 76 0.547209 3.394936
5230 76 0.547209 3.387537
5240 76 0.547209 3.380139
5250 76 0.547209 3.372740
5260 76 0.547209 3.365580
5270 76 0.547209 3.358182
5280 76 0.547209 3.350784
5290 76 0.547209 3.343624
5300 76 0.547209 3.336225
5310 76 0.547209 3.328827
5320 76 0.547209 3.321667
5330 76 0.547209 3.314269
5340 76 0.547209 3.306870
5350 76 0.547209 3.299472
5360 76 0.547209 3.292312
5370 76 0.547209 3.284913
5380 76 0.547209 3.277515
5390 76 0.547209 3.270355
5400 76 0.547209 3.262957
5410 76 0.547209 3.255558
5420 76 0.547209 3.248399
5430 76 0.547209 3.241000
5440 76 0.547209 3.233602
5450 76 0.547209 3.226203
5460 76 0.495014 3.067256
5470 76 0.364736 2.680866
5480 76 0.259293 2.284929
5490 76 0.211307 1.866081
5500 76 0.163110 1.447472
5510 76 0.115124 1.028862
5520 76 0.067138 0.610014
5530 76 0.019152 0.191405
4460 77 15.048255 5.918763
4470 77 14.518094 5.989406
4480 77 13.988143 6.060288
4490 77 13.455034 6.133557
4500 77 12.914771 6.213031
4510 77 12.374717 6.292743
4520 77 11.847923 6.364580
4530 77 11.352278 6.418517
4540 77 10.856632 6.472215
4550 77 10.362250 6.527823
4560 77 9.873550 6.589397
4570 77 9.384639 6.650971
4580 77 8.897833 6.708727
4590 77 8.429549 6.731638
4600 77 7.961053 6.754788
4610 77 7.492558 6.777938
4620 77 6.980496 6.777938
4630 77 6.468224 6.777938
4640 77 5.956163 6.777938
4650 77 5.541336 6.689396
4660 77 5.126299 6.600614
4670 77 4.711472 6.512071
4680 77 4.289489 6.410164
4690 77 3.860772 6.295368
4700 77 3.432055 6.180334
4710 77 3.079736 6.125681
4720 77 2.746570 6.085825
4730 77 2.492959 6.001101
4740 77 2.359103 5.849313
4750 77 2.232824 5.717096
4760 77 2.137273 5.662681
4770 77 2.041512 5.608505
4780 77 1.975215 5.603971
4790 77 1.908919 5.599675
4800 77 1.842832 5.595140
4810 77 1.776536 5.590844
4820 77 1.710239 5.586310
4830 77 1.571964 5.584639
4840 77 1.385913 5.584639
4850 77 1.199651 5.584639
4860 77 1.043486 5.561489
4870 77 0.887321 5.538339
4880 77 0.731156 5.515428
4890 77 0.564046 5.308987
4900 77 0.395674 5.082260
4910 77 0.326221 4.808995
4920 77 0.269185 4.533582
4930 77 0.225408 4.284898
4940 77 0.181421 4.036215
4950 77 0.165426 3.956502
4960 77 0.161427 3.949104
4970 77 0.157217 3.941705
4980 77 0.153219 3.934307
4990 77 0.149220 3.926908
5000 77 0.145010 3.919510
5010 77 0.141012 3.911873
5020 77 0.136802 3.904474
5030 77 0.132803 3.897076
5040 77 0.128594 3.889677
5050 77 0.124595 3.882279
5060 77 0.120386 3.874881
5070 77 0.116387 3.867482
5080 77 0.112178 3.860084
5090 77 0.108179 3.852446
5100 77 0.104180 3.845048
5110 77 0.099971 3.837650
5120 77 0.095972 3.830251
5130 77 0.091763 3.822853
5140 77 0.087764 3.815454
5150 77 0.083555 3.808056
5160 77 0.079556 3.800657
5170 77 0.075347 3.793020
5180 77 0.071348 3.785622
5190 77 0.067138 3.778223
5200 77 0.063140 3.770825
5210 77 0.061035 3.760085
5220 77 0.058930 3.749345
5230 77 0.056826 3.738606
5240 77 0.054721 3.727866
5250 77 0.052616 3.717126
5260 77 0.050512 3.706387
5270 77 0.048407 3.695647
5280 77 0.046302 3.684907
5290 77 0.044198 3.674168
5300 77 0.042093 3.663428
5310 77 0.039988 3.652688
5320 77 0.037884 3.641949
5330 77 0.035779 3.631209
5340 77 0.033674 3.620469
5350 77 0.031570 3.609729
5360 77 0.029465 3.598990
5370 77 0.027360 3.588250
5380 77 0.025256 3.577510
5390 77 0.023151 3.566771
5400 77 0.021047 3.556031
5410 77 0.015574 3.527869
5420 77 0.009892 3.499469
5430 77 0.004420 3.471307
5440 77 -0.001052 3.442906
5450 77 -0.006735 3.414744
5460 77 -0.012207 3.386344
5470 77 -0.017679 3.358182
5480 77 -0.023362 3.330020
4470 78 15.069302 5.441443
4480 78 14.520198 5.513996
4490 78 13.971305 5.586787
4500 78 13.389159 5.658624
4510 78 12.792701 5.730222
4520 78 12.196453 5.801820
4530 78 11.646929 5.850268
4540 78 11.117398 5.888692
4550 78 10.587658 5.927116
4560 78 10.098958 5.974848
4570 78 9.637197 6.028785
4580 78 9.175647 6.082722
4590 78 8.745667 6.135227
4600 78 8.347257 6.186301
4610 78 7.948846 6.237613
4620 78 7.585794 6.339998
4630 78 7.238106 6.464578
4640 78 6.877158 6.612070
4650 78 6.496427 6.793929
4660 78 6.083494 6.953592
4670 78 5.595425 7.062182
4680 78 5.112829 7.156453
4690 78 4.677377 7.123518
4700 78 4.241924 7.090583
4710 78 3.832149 7.055261
4720 78 3.524449 7.009200
4730 78 3.216959 6.963377
4740 78 2.929043 6.920180
4750 78 2.654596 6.878653
4760 78 2.382044 6.839751
4770 78 2.114122 6.807293
4780 78 1.859459 6.775074
4790 78 1.721815 6.747629
4800 78 1.584171 6.720183
4810 78 1.487567 6.692975
4820 78 1.432005 6.666484
4830 78 1.376442 6.639993
4840 78 1.320879 6.613502
4850 78 1.265316 6.587010
4860 78 1.209964 6.560519
4870 78 1.154401 6.534028
4880 78 1.059692 6.463146
4890 78 0.873430 6.288686
4900 78 0.687169 6.114225
4910 78 0.520901 5.887976
4920 78 0.363052 5.639292
4930 78 0.224987 5.407076
4940 78 0.132803 5.213285
4950 78 0.040830 5.019254
4960 78 -0.051353 4.825462
4500 79 15.221258 5.443591
4510 79 14.672154 5.433090
4520 79 14.123051 5.422828
4530 79 13.537537 5.365788
4540 79 12.915191 5.261971
4550 79 12.296214 5.167462
4560 79 11.690074 5.110184
4570 79 11.083935 5.052905
4580 79 10.507260 5.035722
4590 79 9.943214 5.035722
4600 79 9.379167 5.018538
4610 79 8.815121 4.932621
4620 79 8.251074 4.846703
4630 79 7.800679 4.805654
4640 79 7.398901 4.783936
4650 79 6.966395 4.797062
4660 79 6.503372 4.844794
4670 79 6.047084 4.895867
4680 79 5.597320 4.950043
4690 79 5.105042 4.995866
4700 79 4.512582 5.022357
4710 79 3.920123 5.049087
4720 79 3.309774 5.090614
4730 79 2.687639 5.142641
4740 79 2.074134 5.199681
4750 79 1.481464 5.268654
4760 79 0.889005 5.337865
4770 79 0.296335 5.406838
4780 79 -0.296335 5.476049
4510 80 -0.112178 4.698973
4520 80 0.402199 4.628329
4530 80 0.916786 4.557448
4540 80 1.431163 4.486804
4550 80 1.953748 4.453869
4560 80 2.476332 4.420934
4570 80 2.996813 4.391340
4580 80 3.500456 4.391340
4590 80 4.004099 4.391340
4600 80 4.499113 4.393488
4610 80 4.974132 4.400171
4620 80 5.449152 4.407092
4630 80 5.924382 4.413774
4640 80 6.412240 4.351484
4650 80 6.903256 4.272010
4660 80 7.408372 4.230006
4670 80 7.934535 4.243849
4680 80 8.460697 4.257929
4690 80 8.986860 4.272010
4700 80 9.568796 4.278932
4710 80 10.150522 4.286091
4720 80 10.732458 4.293012
4730 80 11.308080 4.332630
4740 80 11.879282 4.393966
4750 80 12.450484 4.455540
4760 80 13.017057 4.511864
4770 80 13.540694 4.522842
4780 80 14.064541 4.534059
4790 80 14.588179 4.545037
4800 80 15.111816 4.556254
4520 81 0.288969 3.910918
4530 81 0.801241 3.902804
4540 81 1.313302 3.894928
4550 81 1.813788 3.878938
4560 81 2.296595 3.850776
4570 81 2.779402 3.822853
4580 81 3.262209 3.794691
4590 81 3.760591 3.813545
4600 81 4.259182 3.832399
4610 81 4.757564 3.851253
4620 81 5.253630 3.862709
4630 81 5.739173 3.844332
4640 81 6.224927 3.825955
4650 81 6.710680 3.807578
4660 81 7.230529 3.791111
4670 81 7.830354 3.779178
4680 81 8.430180 3.767245
4690 81 9.030006 3.755312
4700 81 9.630252 3.750300
4710 81 10.231551 3.761756
4720 81 10.832850 3.773211
4730 81 11.434359 3.784428
4740 81 12.031659 3.799225
4750 81 12.592759 3.845287
4760 81 13.154069 3.891348
4770 81 13.715380 3.937409
4780 81 14.276480 3.983471
4790 81 14.837790 4.029532
4800 81 15.399101 4.075593
4550 82 7.787209 0.421712
4560 82 8.102907 0.998314
4570 82 8.418604 1.575155
4580 82 8.790917 2.061543
4590 82 9.163230 2.548171
4600 82 9.546487 2.984918
4610 82 9.945529 3.346965
4620 82 10.344781 3.709012
4630 82 10.742981 3.969628
4640 82 11.140550 4.128815
4650 82 11.538118 4.288001
4660 82 11.960732 4.418786
4670 82 12.389450 4.542412
4680 82 12.821955 4.654821
4690 82 13.288557 4.665322
4700 82 13.755368 4.675584
4710 82 14.276480 4.773196
4720 82 14.811482 4.892526
4730 82 15.346484 5.011856
4560 83 8.769660 -0.037708
4570 83 9.223844 0.628153
4580 83 9.678028 1.293775
4590 83 9.981729 1.789948
4600 83 10.268803 2.267268
4610 83 10.600496 2.737667
4620 83 10.951131 3.204962
4630 83 11.303871 3.600660
4640 83 11.660609 3.828819
4650 83 12.017558 4.057217
4660 83 12.458482 4.125473
4670 83 12.899407 4.193491
4680 83 13.330650 4.200412
4690 83 13.760840 4.200412
4700 83 14.193767 4.219505
4710 83 14.628798 4.251247
4720 83 15.063619 4.283227
4560 84 8.162258 -0.273743
4570 84 8.224135 0.709058
4580 84 8.286222 1.691621
4590 84 8.581504 2.434330
4600 84 8.902674 3.150309
4610 84 9.300243 3.654120
4620 84 9.696128 4.109722
4630 84 10.085488 4.372248
4640 84 10.502209 4.598258
4650 84 11.028372 4.677732
4660 84 11.544432 4.752671
4670 84 12.045550 4.820928
4680 84 12.534250 4.901118
4690 84 12.993274 5.009708
4700 84 13.451877 5.117105
4710 84 13.905219 5.214955
4720 84 14.358561 5.313044
4730 84 14.811903 5.410895
4740 84 15.265245 5.508745
4580 85 11.211266 0.422189
4590 85 11.540012 1.510955
4600 85 11.745847 2.346503
4610 85 11.898855 3.073222
4620 85 12.115845 3.703761
4630 85 12.396395 4.237882
4640 85 12.746188 4.675823
4650 85 13.201214 4.966988
4660 85 13.671603 5.233571
4670 85 14.122209 5.446455
4680 85 14.543139 5.577957
4690 85 14.964069 5.709697
4700 85 15.385000 5.841437
4780 86 15.150120 5.394666
4790 86 14.552400 5.385120
4800 86 13.954679 5.375573
4810 86 13.343488 5.334763
4820 86 12.712093 5.247413
4830 86 12.080697 5.159825
4840 86 11.433728 5.075578
4850 86 10.763396 4.995866
4860 86 10.093065 4.916392
4870 86 9.455145 4.826894
4880 86 8.831326 4.733101
4890 86 8.207297 4.639308
4900 86 7.625782 4.630000
4910 86 7.049108 4.630000
4920 86 6.473907 4.649093
4930 86 5.905651 4.744557
4940 86 5.354443 4.860307
4950 86 4.871636 5.056724
4960 86 4.408613 5.217819
4970 86 3.965584 5.343354
4980 86 3.477936 5.405644
4990 86 2.960613 5.425453
5000 86 2.443921 5.449081
5010 86 1.930386 5.487266
5020 86 1.416851 5.525452
5030 86 0.848806 5.465309
5040 86 0.257609 5.362924
4790 87 14.721613 6.140717
4800 87 14.026026 6.203007
4810 87 13.340331 6.240476
4820 87 12.693361 6.178664
4830 87 12.046391 6.116851
4840 87 11.390372 6.033320
4850 87 10.725302 5.928309
4860 87 10.060232 5.823299
4870 87 9.498922 5.708504
4880 87 8.937822 5.593470
4890 87 8.369987 5.477242
4900 87 7.787209 5.357913
4910 87 7.204431 5.238583
4920 87 6.685845 5.162927
4930 87 6.194620 5.106126
4940 87 5.738331 5.134050
4950 87 5.304984 5.218297
4960 87 4.901732 5.473663
4970 87 4.501849 5.748121
4980 87 3.953377 5.888692
4990 87 3.388488 6.014227
5000 87 2.799186 6.050026
5010 87 2.209884 6.085825
5020 87 1.606270 6.041911
5030 87 1.002445 5.997998
5040 87 0.398831 5.953846
5050 87 -0.204993 5.909933
4790 88 0.184788 8.452137
4800 88 0.512062 8.363594
4810 88 0.839545 8.275290
4820 88 1.175658 8.155244
4830 88 1.513876 8.027561
4840 88 1.852093 7.899639
4850 88 2.202938 7.881979
4860 88 2.553573 7.864318
4870 88 2.887581 7.831860
4880 88 3.182232 7.765035
4890 88 3.476884 7.698210
4900 88 3.660830 7.559310
4910 88 3.817206 7.402511
4920 88 3.973581 7.245712
4930 88 4.118171 7.048340
4940 88 4.234979 6.756698
4950 88 4.367151 6.527346
4960 88 4.514477 6.360284
4970 88 4.617605 6.195608
4980 88 4.676535 6.033320
4990 88 4.735465 5.871031
5000 88 4.845328 5.653135
5010 88 4.954980 5.435238
5020 88 5.043165 5.286315
5030 88 5.122089 5.166985
5040 88 5.169865 5.088943
5050 88 5.144188 5.106842
5060 88 5.118722 5.124981
5070 88 5.093256 5.143119
5080 88 5.067789 5.161257
5090 88 5.042323 5.179395
5100 88 5.016646 5.197294
5110 88 5.002545 5.207795
5120 88 4.993074 5.214955
5130 88 4.983603 5.222115
5140 88 4.974132 5.229036
5150 88 4.964872 5.236196
5160 88 4.955401 5.243356
5170 88 4.945930 5.250516
5180 88 4.936459 5.257675
5190 88 4.926988 5.264835
5200 88 4.917728 5.271995
5210 88 4.908257 5.278916
5220 88 4.898786 5.286076
5230 88 4.889315 5.293236
5240 88 4.851221 5.311374
5250 88 4.745988 5.354571
5260 88 4.633810 5.383688
5270 88 4.458282 5.284405
5280 88 4.282965 5.184884
5290 88 4.009360 5.104933
5300 88 3.693663 5.033335
5310 88 3.304302 5.128083
5320 88 2.883372 5.294190
5330 88 2.447499 5.444307
5340 88 1.989527 5.570558
5350 88 1.483779 5.636428
5360 88 0.957616 5.676046
5370 88 0.436715 5.692036
5380 88 -0.071979 5.652180
4830 89 0.138065 4.918301
4840 89 0.617926 4.927848
4850 89 1.097786 4.937394
4860 89 1.541236 4.983455
4870 89 1.968901 5.045030
4880 89 2.396566 5.106604
4890 89 2.793082 5.156722
4900 89 3.168973 5.199442
4910 89 3.544864 5.241924
4920 89 3.777849 5.059588
4930 89 3.987472 4.813530
4940 89 4.246555 4.538116
4950 89 4.528788 4.460074
4960 89 4.844907 4.419979
4970 89 5.286884 4.443845
4980 89 5.732649 4.477735
4990 89 6.194199 4.551004
5000 89 6.655538 4.624511
5010 89 7.082993 4.714486
5020 89 7.487717 4.815439
5030 89 7.892442 4.916392
5040 89 8.331893 4.986558
5050 89 8.771344 5.056724
5060 89 9.211006 5.126890
5070 89 9.670872 5.172951
5080 89 10.144418 5.202784
5090 89 10.617965 5.232616
5100 89 11.112558 5.258869
5110 89 11.638721 5.280109
5120 89 12.164883 5.301111
5130 89 12.691046 5.322114
5140 89 13.067358 5.394427
5150 89 13.443669 5.466741
5160 89 13.819981 5.539055
5170 89 14.168511 5.582969
5180 89 14.529038 5.608505
5190 89 14.985116 5.608505
5200 89 15.441194 5.608505
4830 90 -0.097024 4.127860
4840 90 0.250664 4.190150
4850 90 0.598352 4.252202
4860 90 0.961194 4.303752
4870 90 1.358763 4.330243
4880 90 1.756121 4.356973
4890 90 2.186522 4.330243
4900 90 2.638601 4.268431
4910 90 3.090680 4.206618
4920 90 3.533709 4.157454
4930 90 3.975686 4.109722
4940 90 4.314535 4.045284
4950 90 4.642439 3.982755
4960 90 4.973922 3.953877
4970 90 5.305615 3.924760
4980 90 5.637308 3.895883
4990 90 6.040349 3.959605
5000 90 6.461279 4.046477
5010 90 6.882209 4.133110
5020 90 7.299772 4.210198
5030 90 7.714178 4.277261
5040 90 8.128583 4.344324
5050 90 8.570560 4.391340
5060 90 9.076939 4.391340
5070 90 9.583318 4.391340
5080 90 10.088224 4.393250
5090 90 10.579450 4.413297
5100 90 11.070465 4.433106
5110 90 11.561480 4.452915
5120 90 12.012507 4.500885
5130 90 12.423124 4.576540
5140 90 12.833741 4.652195
5150 90 13.244359 4.727851
5160 90 13.677286 4.814484
5170 90 14.143887 4.917585
5180 90 14.610277 5.020925
5190 90 15.076668 5.124026
4890 91 15.029734 3.395890
4900 91 14.410757 3.788963
4910 91 13.798724 4.129769
4920 91 13.193637 4.418070
4930 91 12.585814 4.699689
4940 91 11.954418 4.919972
4950 91 11.323023 5.140255
4960 91 10.711201 5.387506
4970 91 10.118742 5.661488
4980 91 9.526282 5.935469
4990 91 8.983703 6.195370
5000 91 8.453752 6.451690
5010 91 7.924853 6.699897
5020 91 7.406688 6.874357
5030 91 6.888734 7.048817
5040 91 6.318794 7.190104
5050 91 5.696870 7.298694
5060 91 5.096413 7.374588
5070 91 4.546046 7.374588
5080 91 3.995680 7.374588
5090 91 3.468886 7.394874
5100 91 2.952194 7.423752
5110 91 2.435713 7.452630
5120 91 1.951012 7.508953
5130 91 1.514507 7.606088
5140 91 1.078002 7.703461
5150 91 0.753465 7.871000
5160 91 0.476914 8.068849
5170 91 0.200152 8.266459
5180 91 -0.076399 8.464308
4900 92 14.885987 4.272010
4910 92 14.344670 4.590144
4920 92 13.779361 4.890139
4930 92 13.118080 5.117582
4940 92 12.463112 5.342877
4950 92 11.866654 5.551704
4960 92 11.270407 5.760532
4970 92 10.655007 5.984156
4980 92 10.031399 6.213985
4990 92 9.407790 6.443815
5000 92 8.908988 6.664814
5010 92 8.409975 6.885813
5020 92 7.891600 7.077695
5030 92 7.327553 7.201798
5040 92 6.763507 7.325901
5050 92 6.177993 7.402034
5060 92 5.587007 7.466472
5070 92 5.006754 7.528285
5080 92 4.468806 7.581506
5090 92 3.931067 7.634488
5100 92 3.407430 7.718735
5110 92 2.898315 7.834247
5120 92 2.389200 7.949758
5130 92 1.912076 8.100352
5140 92 1.483358 8.303690
5150 92 1.054641 8.506790
5160 92 0.737259 8.708935
5170 92 0.467653 8.910125
5180 92 0.198048 9.111554
5190 92 -0.071769 9.312983
4860 93 0.030938 5.039540
4870 93 0.507431 5.140016
4880 93 0.983714 5.240492
4890 93 1.393700 5.213046
4900 93 1.796320 5.171758
4910 93 2.180419 5.135959
4920 93 2.552310 5.104217
4930 93 2.923992 5.072237
4940 93 3.253159 5.028801
4950 93 3.521713 4.953623
4960 93 3.662093 4.781072
4970 93 3.853827 4.667231
4980 93 4.122801 4.640501
4990 93 4.493430 4.665799
5000 93 4.931829 4.725464
5010 93 5.384118 4.786322
5020 93 5.891129 4.851238
5030 93 6.398139 4.916392
5040 93 6.803495 5.040256
5050 93 7.208851 5.163882
5060 93 7.616732 5.268892
5070 93 8.030928 5.330467
5080 93 8.445123 5.392280
5090 93 8.876787 5.452183
5100 93 9.379378 5.506120
5110 93 9.881758 5.560057
5120 93 10.385611 5.612563
5130 93 10.902935 5.652180
5140 93 11.420468 5.692036
5150 93 11.898645 5.714709
5160 93 12.360405 5.730222
5170 93 12.822166 5.745496
5180 93 13.269615 5.757429
5190 93 13.707803 5.767214
5200 93 14.145781 5.776999
5210 93 14.583969 5.786784
5220 93 15.022158 5.796569
4870 94 0.147326 4.468666
4880 94 0.568256 4.496589
4890 94 0.989186 4.522126
4900 94 1.410116 4.544799
4910 94 1.823049 4.549333
4920 94 2.223985 4.526660
4930 94 2.580302 4.434299
4940 94 2.832860 4.179649
4950 94 3.171920 4.142418
4960 94 3.502350 4.124519
4970 94 3.787109 4.054353
4980 94 4.036300 4.070582
4990 94 4.270127 4.123564
5000 94 4.728099 4.027623
5010 94 5.210695 3.955786
5020 94 5.693081 4.045284
5030 94 6.175467 4.134781
5040 94 6.648593 4.279886
5050 94 7.119824 4.439072
5060 94 7.588530 4.530002
5070 94 8.056183 4.592053
5080 94 8.523837 4.653866
5090 94 9.007065 4.715679
5100 94 9.490503 4.777731
5110 94 9.972468 4.844794
5120 94 10.451908 4.924268
5130 94 10.931347 5.003980
5140 94 11.410787 5.083454
5150 94 11.875494 5.071521
5160 94 12.334097 5.020448
5170 94 12.792490 4.969136
5180 94 13.259723 4.981546
5190 94 13.728008 5.001116
5200 94 14.196082 5.020686
5210 94 14.664367 5.040018
5220 94 15.132441 5.059588
4970 95 15.168431 8.636621
4980 95 14.908296 8.566455
4990 95 14.648372 8.496289
5000 95 14.538509 8.600106
5010 95 14.428857 8.703923
5020 95 14.565869 8.824923
5030 95 14.808957 8.922058
5040 95 15.052675 8.972415
5050 95 15.296394 9.022534
5130 96 0.280971 1.031965
5140 96 0.590565 1.902357
5150 96 0.836809 2.730984
5160 96 1.067269 3.549110
5170 96 1.136512 4.249576
5180 96 1.136512 4.899208
5190 96 0.975506 5.544067
5200 96 0.796610 6.188449
5210 96 0.599194 6.739037
5220 96 0.399884 7.279124
5230 96 0.273605 7.911572
5240 96 0.147326 8.544021
5250 96 0.084186 9.092938
5260 96 0.021047 9.641856
5140 97 1.146614 0.248922
5150 97 1.457681 1.068719
5160 97 1.768749 1.888515
5170 97 1.938173 2.686116
5180 97 2.072029 3.477989
5190 97 2.087182 4.124757
5200 97 2.023201 4.674629
5210 97 1.892923 5.148131
5220 97 1.608164 5.442875
5230 97 1.320669 5.703969
5240 97 1.031279 5.942629
5250 97 0.610349 6.095371
5260 97 0.189419 6.248114
5270 97 -0.231512 6.400856
5180 98 15.030787 10.222515
5190 98 14.644794 10.063568
5200 98 14.255854 9.884812
5210 98 13.859759 9.659994
5220 98 13.508493 9.389354
5230 98 13.187323 9.087927
5240 98 12.976437 8.737574
5250 98 12.812695 8.366458
5260 98 12.458693 8.067656
5270 98 12.083433 7.777207
5280 98 11.674710 7.599644
5290 98 11.243888 7.497259
5300 98 10.760029 7.422320
5310 98 10.223343 7.374588
5320 98 9.694444 7.379122
5330 98 9.173332 7.435923
5340 98 8.660218 7.524705
5350 98 8.159101 7.660980
5360 98 7.662824 7.803221
5370 98 7.177702 7.958827
5380 98 6.692790 8.114433
5390 98 6.185149 8.079350
5400 98 5.677507 8.044267
5410 98 5.170075 8.009184
5420 98 4.684953 7.923505
5430 98 4.214985 7.804175
5440 98 3.744806 7.684846
5450 98 3.283256 7.565516
5460 98 2.827178 7.446186
5470 98 2.371310 7.326856
5480 98 1.915232 7.207526
5490 98 1.474729 7.118745
5500 98 1.034226 7.029963
5510 98 0.593722 6.941182
5520 98 0.153219 6.852400
5200 99 14.947653 9.049264
5210 99 14.590704 8.821105
5220 99 14.236070 8.587457
5230 99 13.901220 8.305361
5240 99 13.566371 8.023265
5250 99 13.203108 7.700836
5260 99 12.836898 7.373633
5270 99 12.456167 7.064330
5280 99 12.018400 6.825670
5290 99 11.580632 6.587010
5300 99 11.047945 6.469351
5310 99 10.474638 6.403481
5320 99 9.901331 6.337611
5330 99 9.346756 6.429256
5340 99 8.796810 6.560042
5350 99 8.246865 6.690827
5360 99 7.764900 6.856696
5370 99 7.311979 7.037600
5380 99 6.859268 7.218266
5390 99 6.410557 7.343323
5400 99 5.967738 7.384373
5410 99 5.525130 7.425661
5420 99 5.037272 7.375304
5430 99 4.504585 7.233540
5440 99 3.971898 7.092015
5450 99 3.465518 6.953831
5460 99 3.020385 6.824238
5470 99 2.575462 6.694646
5480 99 2.130538 6.565292
5490 99 1.701189 6.470306
5500 99 1.275839 6.383911
5510 99 0.850279 6.297516
5520 99 0.424929 6.211360
5530 99 -0.000421 6.124965
5290 100 -0.065244 4.589667
5300 100 0.362842 4.565085
5310 100 0.791138 4.540264
5320 100 1.219224 4.515682
5330 100 1.637208 4.530718
5340 100 2.052666 4.555777
5350 100 2.467914 4.581075
5360 100 2.883372 4.606134
5370 100 3.299672 4.574392
5380 100 3.715972 4.542412
5390 100 4.132061 4.510670
5400 100 4.548361 4.478928
5410 100 4.957506 4.462938
5420 100 5.359284 4.462938
5430 100 5.761061 4.462938
5440 100 6.162839 4.462938
5450 100 6.564196 4.469143
5460 100 6.962186 4.531434
5470 100 7.360386 4.593724
5480 100 7.758375 4.656014
5490 100 8.156365 4.718304
5500 100 8.546567 4.780833
5510 100 8.928772 4.843601
5520 100 9.310766 4.906368
5530 100 9.692971 4.969136
5540 100 10.084015 5.033812
5550 100 10.478637 5.099444
5560 100 10.873259 5.165075
5570 100 11.267881 5.230707
5580 100 11.670922 5.287747
5590 100 12.077961 5.340729
5600 100 12.484790 5.393711
5610 100 12.891619 5.446694
5620 100 13.286873 5.477958
5630 100 13.634982 5.421396
5640 100 13.983302 5.365072
5650 100 14.331622 5.308749
5660 100 14.679731 5.252186
5670 100 15.028051 5.195862
5290 101 -0.244981 5.751701
5300 101 0.472494 5.990361
5310 101 1.190180 6.229021
5320 101 1.870824 6.443815
5330 101 2.496327 6.622809
5340 101 3.121829 6.801804
5350 101 3.747542 6.980799
5360 101 4.335581 7.032588
5370 101 4.914360 7.052397
5380 101 5.514186 7.030679
5390 101 6.145581 6.946432
5400 101 6.807915 6.841899
5410 101 7.483718 6.729013
5420 101 8.172150 6.665530
5430 101 8.863528 6.614218
5440 101 9.555116 6.563144
5450 101 10.241022 6.483671
5460 101 10.927138 6.403958
5470 101 11.610097 6.385343
5480 101 12.286111 6.508253
5490 101 12.962125 6.631163
5500 101 13.638139 6.754072
5510 101 14.215024 7.098697
5520 101 14.791698 7.443560
5530 101 15.368583 7.788185
5300 102 -0.021047 4.293728
5310 102 0.399884 4.301127
5320 102 0.820814 4.308525
5330 102 1.241744 4.315924
5340 102 1.662674 4.316162
5350 102 2.083605 4.309003
5360 102 2.504535 4.301604
5370 102 2.926517 4.291342
5380 102 3.352288 4.269146
5390 102 3.778059 4.246951
5400 102 4.203830 4.224756
5410 102 4.629811 4.202560
5420 102 5.046532 4.216164
5430 102 5.462411 4.233586
5440 102 5.878080 4.251008
5450 102 6.293959 4.268431
5460 102 6.701420 4.299934
5470 102 7.106986 4.334778
5480 102 7.512552 4.369861
5490 102 7.918118 4.404705
5500 102 8.317371 4.446232
5510 102 8.713676 4.490623
5520 102 9.110193 4.535014
5530 102 9.506709 4.579404
5540 102 9.902594 4.640978
5550 102 10.297847 4.728328
5560 102 10.693101 4.815677
5570 102 11.088354 4.903027
5580 102 11.481503 4.979159
5590 102 11.869180 5.029517
5600 102 12.256857 5.079635
5610 102 12.644533 5.129992
5620 102 13.009690 5.124265
5630 102 13.352538 5.062929
5640 102 13.695175 5.001593
5650 102 14.038023 4.940258
5660 102 14.390973 4.871047
5670 102 14.744133 4.801597
5680 102 15.097083 4.732385
5370 103 15.128022 8.476241
5380 103 14.823479 8.407030
5390 103 14.518725 8.338057
5400 103 14.214182 8.268846
5410 103 13.909429 8.199873
5420 103 13.553953 8.072668
5430 103 13.185639 7.930904
5440 103 12.817325 7.789379
5450 103 12.539722 7.654058
5460 103 12.322311 7.523273
5470 103 12.105111 7.392249
5480 103 11.851501 7.297739
5490 103 11.561269 7.239745
5500 103 11.271248 7.181751
5510 103 10.981228 7.123756
5520 103 10.670581 7.118506
5530 103 10.354883 7.126382
5540 103 10.039186 7.134257
5550 103 9.723488 7.170534
5560 103 9.407790 7.213970
5570 103 9.092093 7.257406
5580 103 8.776395 7.300842
5590 103 8.443439 7.352870
5600 103 8.084807 7.418024
5610 103 7.725964 7.483178
5620 103 7.367331 7.548093
5630 103 7.008488 7.613248
5640 103 6.637859 7.644273
5650 103 6.267230 7.675538
5660 103 5.896601 7.706564
5670 103 5.526182 7.737828
5680 103 5.155132 7.756443
5690 103 4.783451 7.756443
5700 103 4.411770 7.756443
5710 103 4.040088 7.756443
5720 103 3.668407 7.756443
5730 103 3.307249 7.712053
5740 103 2.950721 7.648808
5750 103 2.594403 7.585563
5760 103 2.237876 7.522080
5770 103 1.881348 7.458835
5780 103 1.596799 7.428286
5790 103 1.330560 7.405852
5800 103 1.064112 7.383657
5810 103 0.797873 7.361223
5820 103 0.531424 7.338789
5830 103 0.264976 7.316355
5840 103 -0.001263 7.294159
5390 104 15.139387 7.925176
5400 104 14.893984 7.797732
5410 104 14.648372 7.670526
5420 104 14.402759 7.543320
5430 104 14.136100 7.461937
5440 104 13.863968 7.392010
5450 104 13.591837 7.322083
5460 104 13.319916 7.252394
5470 104 13.014741 7.179603
5480 104 12.695466 7.105380
5490 104 12.375980 7.031395
5500 104 12.040919 6.937124
5510 104 11.701860 6.837603
5520 104 11.362801 6.738082
5530 104 11.032581 6.658608
5540 104 10.737930 6.658608
5550 104 10.443279 6.658608
5560 104 10.148628 6.658608
5570 104 9.805569 6.689873
5580 104 9.441465 6.734741
5590 104 9.077571 6.779370
5600 104 8.713676 6.824238
5610 104 8.349782 6.868868
5620 104 7.961685 6.950012
5630 104 7.570640 7.035452
5640 104 7.179807 7.120654
5650 104 6.788973 7.205855
5660 104 6.425079 7.235210
5670 104 6.072550 7.240938
5680 104 5.720231 7.246427
5690 104 5.367913 7.251917
5700 104 5.026328 7.251678
5710 104 4.700949 7.243086
5720 104 4.375780 7.234495
5730 104 4.050401 7.225664
5740 104 3.725232 7.217072
5750 104 3.400064 7.208481
5760 104 3.051744 7.194877
5770 104 2.700899 7.180796
5780 104 2.350264 7.166715
5790 104 1.999419 7.152873
5800 104 1.648573 7.138792
5810 104 1.328245 7.141417
5820 104 1.015705 7.148100
5830 104 0.702953 7.155021
5840 104 0.435663 7.193206
5850 104 0.274236 7.304660
5860 104 0.113020 7.415876
5870 104 -0.048407 7.527330
5410 105 15.019001 8.333284
5420 105 14.767705 8.233763
5430 105 14.516200 8.134242
5440 105 14.264904 8.034959
5450 105 13.948365 7.961214
5460 105 13.588259 7.904651
5470 105 13.228364 7.848089
5480 105 12.868258 7.791526
5490 105 12.551297 7.722554
5500 105 12.245281 7.650240
5510 105 11.939054 7.577926
5520 105 11.615569 7.521125
5530 105 11.274405 7.479837
5540 105 10.933242 7.438787
5550 105 10.598392 7.417308
5560 105 10.267751 7.408716
5570 105 9.936900 7.400124
5580 105 9.628147 7.437833
5590 105 9.324867 7.486997
5600 105 9.021587 7.535922
5610 105 8.702732 7.579358
5620 105 8.360726 7.614202
5630 105 8.018721 7.649047
5640 105 7.676715 7.683891
5650 105 7.334709 7.718735
5660 105 6.986389 7.750477
5670 105 6.633860 7.780309
5680 105 6.281331 7.810142
5690 105 5.928802 7.839974
5700 105 5.532496 7.848805
5710 105 5.106725 7.843316
5720 105 4.681165 7.838065
5730 105 4.255605 7.832815
5740 105 3.835937 7.824462
5750 105 3.468886 7.787708
5760 105 3.101835 7.750954
5770 105 2.734994 7.714201
5780 105 2.381623 7.687948
5790 105 2.082973 7.703222
5800 105 1.784113 7.718735
5810 105 1.490093 7.740453
5820 105 1.237535 7.818018
5830 105 0.984977 7.895582
5840 105 0.732419 7.973147
5850 105 0.483228 8.055246
5860 105 0.264344 8.179349
5870 105 0.045460 8.303452
5500 106 14.836317 4.319742
5510 106 14.270166 4.319742
5520 106 13.704225 4.319742
5530 106 13.126919 4.282273
5540 106 12.533197 4.188479
5550 106 11.939475 4.094686
5560 106 11.380901 4.063183
5570 106 10.845898 4.073207
5580 106 10.327102 4.079651
5590 106 9.872076 4.071775
5600 106 9.417261 4.064138
5610 106 8.972759 4.064376
5620 106 8.622124 4.135974
5630 106 8.271279 4.207572
5640 106 7.919592 4.279648
5650 106 7.559696 4.356735
5660 106 7.200011 4.433583
5670 106 6.840116 4.510670
5680 106 6.459595 4.455540
5690 106 6.079285 4.400409
5700 106 5.718547 4.422127
5710 106 5.387907 4.558402
5720 106 5.084206 4.745989
5730 106 4.843644 5.052667
5740 106 4.617184 5.353378
5750 106 4.447338 5.628791
5760 106 4.277282 5.903966
5770 106 4.156265 6.185107
5780 106 4.068080 6.470067
5790 106 3.979895 6.754788
5800 106 3.911915 7.016598
5810 106 3.864350 7.255258
5820 106 3.816785 7.493918
5830 106 3.751751 7.699404
5840 106 3.660199 7.855010
5850 106 3.577696 7.992478
5860 106 3.574750 7.965509
5870 106 3.571593 7.938541
5880 106 3.568646 7.911811
5890 106 3.565700 7.884842
5900 106 3.562753 7.857874
5910 106 3.559807 7.831144
5920 106 3.556860 7.804175
5930 106 3.553914 7.777207
5940 106 3.550967 7.750477
5950 106 3.548021 7.723508
5960 106 3.545074 7.696540
5970 106 3.542128 7.669810
5980 106 3.538971 7.642841
5990 106 3.536024 7.615873
6000 106 3.604005 7.510147
6010 106 3.679772 7.395590
6020 106 3.690927 7.323276
6030 106 3.605267 7.314446
6040 106 3.519398 7.305615
6050 106 3.367442 7.331629
6060 106 3.187073 7.372440
6070 106 3.006705 7.413489
6080 106 2.770142 7.428048
6090 106 2.309013 7.337118
6100 106 1.845358 7.240461
6110 106 1.356027 7.092015
6120 106 0.866906 6.943807
6130 106 0.377785 6.795360
6140 106 -0.111547 6.646914
5560 107 0.012628 5.579150
5570 107 0.517744 5.634758
5580 107 1.022860 5.690366
5590 107 1.527977 5.746212
5600 107 2.001944 5.789648
5610 107 2.472334 5.831652
5620 107 2.942723 5.873895
5630 107 3.375229 5.984394
5640 107 3.769851 6.163389
5650 107 4.164473 6.342384
5660 107 4.569829 6.501809
5670 107 5.000020 6.616127
5680 107 5.430000 6.730206
5690 107 5.889866 6.765528
5700 107 6.349732 6.800850
5710 107 6.785816 6.791065
5720 107 7.165916 6.675553
5730 107 7.546227 6.560042
5740 107 7.937692 6.441189
5750 107 8.374196 6.308494
5760 107 8.810701 6.176038
5770 107 9.266568 6.032604
5780 107 9.741799 5.878668
5790 107 10.217029 5.724733
5800 107 10.688050 5.543590
5810 107 11.152546 5.321398
5820 107 11.617043 5.099205
5830 107 12.095851 4.914005
5840 107 12.589391 4.765798
5850 107 13.082932 4.617590
5860 107 13.607201 4.516398
5870 107 14.151884 4.445993
5880 107 14.696568 4.375827
5890 107 15.241462 4.305661
5580 108 0.048197 4.877013
5590 108 0.543842 4.954100
5600 108 1.039487 5.031187
5610 108 1.535133 5.108036
5620 108 1.986580 5.224024
5630 108 2.419086 5.356481
5640 108 2.851802 5.489175
5650 108 3.276310 5.627121
5660 108 3.626945 5.812798
5670 108 3.977791 5.998237
5680 108 4.328636 6.183914
5690 108 4.658014 6.345009
5700 108 4.966135 6.481284
5710 108 5.274466 6.617798
5720 108 5.661511 6.703476
5730 108 6.082442 6.767915
5740 108 6.509896 6.809919
5750 108 6.996071 6.653597
5760 108 7.482456 6.497274
5770 108 7.973471 6.366489
5780 108 8.483638 6.337611
5790 108 8.993806 6.308494
5800 108 9.504183 6.279617
5810 108 10.023190 6.226157
5820 108 10.543039 6.170072
5830 108 11.063098 6.113987
5840 108 11.584631 6.034752
5850 108 12.107847 5.932367
5860 108 12.630853 5.830220
5870 108 13.154069 5.727835
5880 108 13.621302 5.512564
5890 108 14.088324 5.297054
5900 108 14.555557 5.081783
5910 108 15.022579 4.866273
5580 109 14.862836 4.554584
5590 109 14.346986 4.485372
5600 109 13.830925 4.415922
5610 109 13.320337 4.374634
5620 109 12.822166 4.398500
5630 109 12.324205 4.422366
5640 109 11.862655 4.482508
5650 109 11.486975 4.627375
5660 109 11.111085 4.772241
5670 109 10.718778 4.865319
5680 109 10.309844 4.906130
5690 109 9.900910 4.947179
5700 109 9.491976 4.987990
5710 109 9.026428 4.915676
5720 109 8.560879 4.843362
5730 109 8.095330 4.771048
5740 109 7.682608 4.724748
5750 109 7.292616 4.689665
5760 109 6.902624 4.654582
5770 109 6.523366 4.648854
5780 109 6.168943 4.711622
5790 109 5.814309 4.774389
5800 109 5.459886 4.837157
5810 109 5.069263 4.882264
5820 109 4.642229 4.909471
5830 109 4.215406 4.936917
5840 109 3.788372 4.964124
5850 109 3.309564 5.005889
5860 109 2.830756 5.047655
5870 109 2.351948 5.089420
5880 109 1.873139 5.131186
5890 109 1.461259 5.120923
5900 109 1.049590 5.110422
5910 109 0.637709 5.100160
5920 109 0.226040 5.089659
5930 109 -0.185841 5.079397
5580 110 14.814218 4.229052
5590 110 14.334358 4.181320
5600 110 13.854497 4.133588
5610 110 13.366850 4.144089
5620 110 12.878150 4.161272
5630 110 12.391344 4.188002
5640 110 11.919902 4.302559
5650 110 11.448460 4.417116
5660 110 10.998907 4.510670
5670 110 10.563875 4.590144
5680 110 10.129054 4.669856
5690 110 9.684973 4.672004
5700 110 9.234999 4.622602
5710 110 8.785024 4.573199
5720 110 8.363673 4.525944
5730 110 7.954318 4.479406
5740 110 7.545174 4.433106
5750 110 7.141713 4.394920
5760 110 6.791078 4.430242
5770 110 6.440232 4.465564
5780 110 6.080968 4.505897
5790 110 5.709287 4.553629
5800 110 5.337395 4.601361
5810 110 4.924884 4.651241
5820 110 4.451337 4.704223
5830 110 3.977791 4.757206
5840 110 3.504244 4.810427
5850 110 3.023963 4.827133
5860 110 2.541787 4.834770
5870 110 2.059822 4.842407
5880 110 1.600587 4.848612
5890 110 1.150823 4.854102
5900 110 0.701270 4.859352
5910 110 0.251506 4.864841
5920 110 -0.198048 4.870331
5610 111 -0.096603 4.465086
5620 111 0.436084 4.457688
5630 111 0.968771 4.450289
5640 111 1.501458 4.442891
5650 111 2.015624 4.396829
5660 111 2.511270 4.312105
5670 111 3.006915 4.227381
5680 111 3.446998 4.130962
5690 111 3.803946 4.016644
5700 111 4.148267 3.918794
5710 111 4.379779 3.966526
5720 111 4.623498 4.005666
5730 111 4.977079 3.967481
5740 111 5.330660 3.929295
5750 111 5.623628 3.902565
5760 111 5.876186 3.883472
5770 111 6.113591 3.870823
5780 111 6.215035 3.914975
5790 111 6.316268 3.959127
5800 111 6.431814 4.019031
5810 111 6.568616 4.102562
5820 111 6.655117 4.152681
5830 111 6.666272 4.152681
5840 111 6.677216 4.152681
5850 111 6.688371 4.152681
5860 111 6.699525 4.152681
5870 111 6.710470 4.152681
5880 111 6.721624 4.152681
5890 111 6.732568 4.152681
5900 111 6.743723 4.152681
5910 111 6.754878 4.152681
5920 111 6.765822 4.152681
5930 111 6.776977 4.152681
5940 111 6.778450 4.153396
5950 111 6.779923 4.154351
5960 111 6.781396 4.155067
5970 111 6.782870 4.156022
5980 111 6.784132 4.156738
5990 111 6.785606 4.157692
6000 111 6.787079 4.158408
6010 111 6.788552 4.159363
6020 111 6.790025 4.160079
6030 111 6.791499 4.160795
6040 111 6.792972 4.161750
6050 111 6.794445 4.162466
6060 111 6.795918 4.163420
6070 111 6.797392 4.164136
6080 111 6.798654 4.165091
6090 111 6.800128 4.165807
6100 111 6.801601 4.166761
6110 111 6.803074 4.167477
6120 111 6.804547 4.168432
6130 111 6.806021 4.169148
6140 111 6.807494 4.169864
6150 111 6.808967 4.170819
6160 111 6.810440 4.171535
6170 111 6.811914 4.172489
6180 111 6.813177 4.173205
6190 111 6.814650 4.174160
6200 111 6.816123 4.174876
6210 111 6.817596 4.175831
6220 111 6.819070 4.176546
6230 111 6.820543 4.177262
6240 111 6.822016 4.178217
6250 111 6.823489 4.178933
6260 111 6.824963 4.179888
6270 111 6.826225 4.180604
6280 111 6.827699 4.181558
6290 111 6.829172 4.182274
6300 111 6.830645 4.183229
6310 111 6.832118 4.183945
6320 111 6.833592 4.184661
6330 111 6.835065 4.185616
6340 111 6.836538 4.186332
6350 111 6.838011 4.187286
6360 111 6.839485 4.188002
6370 111 6.840747 4.188957
6380 111 6.842221 4.189673
6390 111 6.843694 4.190627
6400 111 6.845167 4.191343
6410 111 6.846640 4.192298
6420 111 6.848114 4.193014
6430 111 6.849587 4.193730
6440 111 6.851060 4.194685
6450 111 6.852534 4.195401
6460 111 6.854007 4.196355
6470 111 6.855270 4.197071
6480 111 6.856743 4.198026
6490 111 6.858216 4.198742
6500 111 6.859689 4.199696
6510 111 6.861163 4.200412
6520 111 6.862636 4.201128
6530 111 6.864109 4.202083
6540 111 6.865582 4.202799
6550 111 6.867056 4.203754
6560 111 6.868318 4.204470
6570 111 6.869792 4.205424
6580 111 6.871265 4.206140
6590 111 6.872738 4.207095
6600 111 6.874211 4.207811
6610 111 6.875685 4.208527
6620 111 6.877158 4.209482
6630 111 6.878631 4.210198
6640 111 6.880104 4.211152
6650 111 6.881578 4.211868
6660 111 6.882840 4.212823
6670 111 6.884314 4.213539
6680 111 6.885787 4.214493
6690 111 6.887260 4.215209
6700 111 6.888734 4.216164
6710 111 6.890207 4.216880
6720 111 6.891680 4.217596
6730 111 6.893153 4.218551
6740 111 6.894627 4.219267
6750 111 6.896100 4.220221
6760 111 6.897363 4.220937
6770 111 6.898836 4.221892
6780 111 6.900309 4.222608
6790 111 6.901782 4.223562
6800 111 6.903256 4.224278
6810 111 6.903045 4.224278
6820 111 6.902624 4.224278
6830 111 6.902414 4.224278
6840 111 6.901993 4.224278
6850 111 6.901782 4.224278
6860 111 6.901361 4.224278
6870 111 6.901151 4.224278
6880 111 6.900730 4.224278
6890 111 6.900520 4.224278
6900 111 6.900309 4.224278
6910 111 6.899888 4.224278
6920 111 6.899678 4.224278
6930 111 6.899257 4.224278
6940 111 6.899046 4.224278
6950 111 6.898625 4.224278
6960 111 6.898415 4.224278
6970 111 6.897994 4.224278
6980 111 6.897784 4.224278
6990 111 6.897573 4.224278
7000 111 6.897152 4.224278
7010 111 6.896942 4.224278
7020 111 6.896521 4.224278
7030 111 6.896310 4.224278
7040 111 6.895889 4.224278
7050 111 6.895679 4.224278
7060 111 6.895258 4.224278
7070 111 6.895047 4.224278
7080 111 6.894837 4.224278
7090 111 6.894416 4.224278
7100 111 6.894206 4.224278
7110 111 6.893785 4.224278
7120 111 6.893574 4.224278
7130 111 6.893153 4.224278
7140 111 6.892943 4.224278
7150 111 6.892522 4.224278
7160 111 6.892311 4.224278
7170 111 6.892101 4.224278
7180 111 6.891680 4.224278
7190 111 6.891470 4.224278
7200 111 6.891049 4.224278
7210 111 6.890838 4.224278
7220 111 6.890417 4.224278
7230 111 6.890207 4.224278
7240 111 6.889786 4.224278
7250 111 6.889575 4.224278
7260 111 6.889365 4.224278
7270 111 6.888944 4.224278
7280 111 6.888734 4.224278
7290 111 6.888313 4.224278
7300 111 6.888102 4.224278
7310 111 6.887681 4.224278
7320 111 6.887471 4.224278
7330 111 6.887050 4.224278
7340 111 6.886839 4.224278
7350 111 6.886629 4.224278
7360 111 6.886208 4.224278
7370 111 6.885997 4.224278
7380 111 6.885577 4.224278
7390 111 6.885366 4.224278
7400 111 6.884945 4.224278
7410 111 6.884735 4.224278
7420 111 6.884314 4.224278
7430 111 6.884103 4.224278
7440 111 6.883893 4.224278
7450 111 6.883472 4.224278
7460 111 6.883261 4.224278
7470 111 6.882840 4.224278
7480 111 6.882630 4.224278
7490 111 6.882209 4.224278
7500 111 6.881999 4.224278
7510 111 6.881578 4.224278
7520 111 6.881367 4.224278
7530 111 6.881157 4.224278
7540 111 6.880736 4.224278
7550 111 6.880525 4.224278
7560 111 6.880104 4.224278
7570 111 6.879894 4.224278
7580 111 6.879473 4.224278
7590 111 6.879263 4.224278
7600 111 6.878842 4.224278
7610 111 6.878631 4.224278
7620 111 6.878421 4.224278
7630 111 6.878000 4.224278
7640 111 6.877789 4.224278
7650 111 6.877368 4.224278
7660 111 6.877158 4.224278
7670 111 6.876737 4.224278
7680 111 6.876527 4.224278
7690 111 6.876106 4.224278
7700 111 6.875895 4.224278
7710 111 6.875685 4.224278
7720 111 6.875264 4.224278
7730 111 6.875053 4.224278
7740 111 6.874632 4.224278
7750 111 6.874422 4.224278
7760 111 6.874001 4.224278
7770 111 6.873790 4.224278
7780 111 6.873370 4.224278
7790 111 6.873159 4.224278
7800 111 6.872949 4.224278
7810 111 6.872528 4.224278
7820 111 6.872317 4.224278
7830 111 6.871896 4.224278
7840 111 6.871686 4.224278
7850 111 6.871265 4.224278
7860 111 6.871054 4.224278
7870 111 6.870634 4.224278
7880 111 6.870423 4.224278
7890 111 6.870213 4.224278
7900 111 6.869792 4.224278
7910 111 6.869581 4.224278
7920 111 6.869160 4.224278
7930 111 6.868950 4.224278
7940 111 6.868529 4.224278
7950 111 6.868318 4.224278
7960 111 6.867897 4.224278
7970 111 6.867687 4.224278
7980 111 6.867477 4.224278
7990 111 6.867056 4.224278
8000 111 6.866845 4.224278
8010 111 6.866424 4.224278
8020 111 6.866214 4.224278
8030 111 6.865793 4.224278
8040 111 6.865582 4.224278
8050 111 6.865161 4.224278
8060 111 6.864951 4.224278
8070 111 6.864740 4.224278
8080 111 6.864320 4.224278
8090 111 6.864109 4.224278
8100 111 6.863688 4.224278
8110 111 6.863478 4.224278
8120 111 6.863057 4.224278
8130 111 6.862846 4.224278
8140 111 6.862425 4.224278
8150 111 6.862215 4.224278
8160 111 6.862004 4.224278
8170 111 6.861584 4.224278
8180 111 6.861373 4.224278
8190 111 6.860952 4.224278
8200 111 6.860742 4.224278
8210 111 6.860321 4.224278
8220 111 6.860110 4.224278
8230 111 6.859689 4.224278
8240 111 6.859479 4.224278
8250 111 6.859268 4.224278
8260 111 6.858847 4.224278
8270 111 6.858637 4.224278
8280 111 6.858216 4.224278
8290 111 6.858006 4.224278
8300 111 6.857585 4.224278
8310 111 6.857374 4.224278
8320 111 6.856953 4.224278
8330 111 6.856743 4.224278
8340 111 6.856532 4.224278
8350 111 6.856111 4.224278
8360 111 6.855901 4.224278
8370 111 6.855480 4.224278
8380 111 6.855270 4.224278
8390 111 6.854849 4.224278
8400 111 6.854638 4.224278
8410 111 6.854217 4.224278
8420 111 6.854007 4.224278
8430 111 6.853796 4.224278
8440 111 6.853375 4.224278
8450 111 6.853165 4.224278
8460 111 6.852744 4.224278
8470 111 6.852534 4.224278
8480 111 6.852113 4.224278
8490 111 6.851902 4.224278
8500 111 6.851481 4.224278
8510 111 6.851271 4.224278
8520 111 6.851060 4.224278
8530 111 6.850639 4.224278
8540 111 6.850429 4.224278
8550 111 6.850008 4.224278
8560 111 6.849797 4.224278
8570 111 6.849377 4.224278
8580 111 6.849166 4.224278
8590 111 6.848745 4.224278
8600 111 6.848535 4.224278
8610 111 6.848324 4.224278
8620 111 6.847903 4.224278
8630 111 6.847693 4.224278
8640 111 6.847272 4.224278
8650 111 6.847061 4.224278
8660 111 6.846640 4.224278
8670 111 6.846430 4.224278
8680 111 6.846009 4.224278
8690 111 6.845799 4.224278
8700 111 6.845588 4.224278
8710 111 6.845167 4.224278
8720 111 6.844957 4.224278
8730 111 6.844536 4.224278
8740 111 6.844325 4.224278
8750 111 6.843904 4.224278
8760 111 6.843694 4.224278
8770 111 6.843273 4.224278
8780 111 6.843063 4.224278
8790 111 6.842852 4.224278
8800 111 6.842431 4.224278
8810 111 6.842221 4.224278
8820 111 6.841800 4.224278
8830 111 6.841589 4.224278
8840 111 6.841168 4.224278
8850 111 6.840958 4.224278
8860 111 6.840537 4.224278
8870 111 6.840327 4.224278
8880 111 6.840116 4.224278
8890 111 6.839695 4.224278
8900 111 6.839485 4.224278
8910 111 6.839064 4.224278
8920 111 6.838853 4.224278
8930 111 6.838432 4.224278
8940 111 6.838222 4.224278
8950 111 6.837801 4.224278
8960 111 6.837590 4.224278
8970 111 6.837380 4.224278
8980 111 6.836959 4.224278
8990 111 6.836749 4.224278
9000 111 6.836328 4.224278
9010 111 6.836117 4.224278
9020 111 6.835696 4.224278
9030 111 6.835486 4.224278
9040 111 6.835065 4.224278
9050 111 6.834854 4.224278
9060 111 6.834644 4.224278
9070 111 6.834223 4.224278
9080 111 6.834013 4.224278
9090 111 6.833592 4.224278
9100 111 6.833381 4.224278
9110 111 6.832960 4.224278
9120 111 6.832750 4.224278
9130 111 6.832329 4.224278
9140 111 6.832118 4.224278
9150 111 6.831908 4.224278
9160 111 6.831487 4.224278
9170 111 6.831277 4.224278
9180 111 6.830856 4.224278
9190 111 6.830645 4.224278
9200 111 6.830224 4.224278
9210 111 6.830014 4.224278
9220 111 6.829593 4.224278
9230 111 6.829382 4.224278
9240 111 6.829172 4.224278
9250 111 6.828751 4.224278
9260 111 6.828540 4.224278
9270 111 6.828120 4.224278
9280 111 6.827909 4.224278
9290 111 6.827488 4.224278
9300 111 6.827278 4.224278
9310 111 6.826857 4.224278
9320 111 6.826646 4.224278
9330 111 6.826436 4.224278
9340 111 6.826015 4.224278
9350 111 6.825804 4.224278
9360 111 6.825384 4.224278
9370 111 6.825173 4.224278
9380 111 6.824752 4.224278
9390 111 6.824542 4.224278
9400 111 6.824121 4.224278
9410 111 6.823910 4.224278
9420 111 6.823700 4.224278
9430 111 6.823279 4.224278
9440 111 6.823068 4.224278
9450 111 6.822647 4.224278
9460 111 6.822437 4.224278
9470 111 6.822016 4.224278
9480 111 6.821806 4.224278
9490 111 6.821385 4.224278
9500 111 6.821174 4.224278
9510 111 6.820964 4.224278
9520 111 6.820543 4.224278
9530 111 6.820332 4.224278
9540 111 6.819911 4.224278
9550 111 6.819701 4.224278
9560 111 6.819280 4.224278
9570 111 6.853165 4.224278
9580 111 7.195171 4.224278
9590 111 7.581374 4.302082
9600 111 8.011354 4.457688
9610 111 8.467222 4.587280
9620 111 9.026007 4.611862
9630 111 9.584792 4.636683
9640 111 10.138736 4.695154
9650 111 10.681104 4.832861
9660 111 11.223473 4.970568
9670 111 11.680814 5.222831
9680 111 12.101744 5.524258
9690 111 12.623697 5.613278
9700 111 13.170907 5.649077
9710 111 13.759998 5.644782
9720 111 14.359403 5.630223
9730 111 14.959018 5.615665
9740 111 15.558423 5.601345
5630 112 0.314224 5.206841
5640 112 0.836809 5.157438
5650 112 1.359394 5.108036
5660 112 1.835045 5.003980
5670 112 2.263763 4.844794
5680 112 2.692480 4.685608
5690 112 3.070896 4.554345
5700 112 3.436895 4.429765
5710 112 3.777849 4.334301
5720 112 4.093546 4.267953
5730 112 4.402509 4.301366
5740 112 4.708736 4.377259
5750 112 5.009070 4.391340
5760 112 5.303721 4.343608
5770 112 5.527656 4.303514
5780 112 5.680664 4.270817
5790 112 5.811363 4.248144
5800 112 5.890287 4.248144
5810 112 5.969211 4.248144
5820 112 6.043506 4.248622
5830 112 6.074023 4.253634
5840 112 6.104751 4.258645
5850 112 6.135479 4.263657
5860 112 6.166207 4.268431
5870 112 6.187464 4.272010
5880 112 6.186832 4.272488
5890 112 6.185991 4.272726
5900 112 6.185359 4.273204
5910 112 6.184728 4.273442
5920 112 6.184096 4.273681
5930 112 6.183254 4.274158
5940 112 6.182623 4.274397
5950 112 6.181992 4.274874
5960 112 6.181150 4.275113
5970 112 6.180518 4.275352
5980 112 6.179887 4.275829
5990 112 6.179256 4.276068
6000 112 6.178414 4.276545
6010 112 6.177782 4.276784
6020 112 6.177151 4.277261
6030 112 6.176520 4.277500
6040 112 6.175678 4.277738
6050 112 6.175046 4.278216
6060 112 6.174415 4.278454
6070 112 6.173573 4.278932
6080 112 6.172942 4.279170
6090 112 6.172310 4.279409
6100 112 6.171679 4.279886
6110 112 6.170837 4.280125
6120 112 6.170206 4.280602
6130 112 6.169574 4.280841
6140 112 6.168732 4.281079
6150 112 6.168101 4.281557
6160 112 6.167470 4.281795
6170 112 6.166838 4.282273
6180 112 6.165996 4.282511
6190 112 6.165365 4.282750
6200 112 6.164734 4.283227
6210 112 6.163892 4.283466
6220 112 6.163260 4.283943
6230 112 6.162629 4.284182
6240 112 6.161997 4.284421
6250 112 6.161156 4.284898
6260 112 6.160524 4.285137
6270 112 6.159893 4.285614
6280 112 6.159051 4.285853
6290 112 6.158420 4.286091
6300 112 6.157788 4.286569
6310 112 6.157157 4.286807
6320 112 6.156315 4.287285
6330 112 6.155684 4.287523
6340 112 6.155052 4.288001
6350 112 6.154210 4.288239
6360 112 6.153579 4.288478
6370 112 6.152947 4.288955
6380 112 6.152316 4.289194
6390 112 6.151474 4.289671
6400 112 6.150843 4.289910
6410 112 6.150211 4.290149
6420 112 6.149580 4.290626
6430 112 6.148738 4.290865
6440 112 6.148107 4.291342
6450 112 6.147475 4.291581
6460 112 6.146634 4.291819
6470 112 6.146002 4.292296
6480 112 6.145371 4.292535
6490 112 6.144739 4.293012
6500 112 6.143897 4.293251
6510 112 6.143266 4.293490
6520 112 6.142635 4.293967
6530 112 6.141793 4.294206
6540 112 6.141161 4.294683
6550 112 6.140530 4.294922
6560 112 6.139899 4.295160
6570 112 6.139057 4.295638
6580 112 6.138425 4.295876
6590 112 6.137794 4.296354
6600 112 6.136952 4.296592
6610 112 6.136321 4.297070
6620 112 6.135689 4.297308
6630 112 6.135058 4.297547
6640 112 6.134216 4.298024
6650 112 6.133585 4.298263
6660 112 6.132953 4.298740
6670 112 6.132111 4.298979
6680 112 6.131480 4.299218
6690 112 6.130849 4.299695
6700 112 6.130217 4.299934
6710 112 6.129375 4.300411
6720 112 6.128744 4.300650
6730 112 6.128113 4.300888
6740 112 6.127481 4.301366
6750 112 6.126639 4.301604
6760 112 6.126008 4.302082
6770 112 6.125377 4.302320
6780 112 6.124535 4.302559
6790 112 6.123903 4.303036
6800 112 6.123272 4.303275
6810 112 6.122641 4.303752
6820 112 6.121799 4.303991
6830 112 6.121167 4.304229
6840 112 6.120536 4.304707
6850 112 6.119694 4.304945
6860 112 6.119063 4.305423
6870 112 6.118431 4.305661
6880 112 6.117800 4.305900
6890 112 6.116958 4.306377
6900 112 6.116327 4.306616
6910 112 6.115695 4.307093
6920 112 6.114853 4.307332
6930 112 6.114222 4.307809
6940 112 6.113591 4.308048
6950 112 6.112959 4.308287
6960 112 6.112117 4.308764
6970 112 6.111486 4.309003
6980 112 6.110854 4.309480
6990 112 6.110013 4.309719
7000 112 6.109381 4.309957
7010 112 6.108750 4.310435
7020 112 6.108118 4.310673
7030 112 6.107277 4.311151
7040 112 6.106645 4.311389
7050 112 6.106014 4.311628
7060 112 6.105172 4.312105
7070 112 6.104541 4.312344
7080 112 6.103909 4.312821
7090 112 6.103278 4.313060
7100 112 6.102436 4.313299
7110 112 6.101804 4.313776
7120 112 6.101173 4.314015
7130 112 6.100542 4.314492
7140 112 6.099700 4.314731
7150 112 6.099068 4.314969
7160 112 6.098437 4.315446
7170 112 6.097595 4.315685
7180 112 6.096964 4.316162
7190 112 6.096332 4.316401
7200 112 6.095701 4.316640
7210 112 6.094859 4.317117
7220 112 6.094228 4.317356
7230 112 6.093596 4.317833
7240 112 6.092754 4.318072
7250 112 6.092123 4.318549
7260 112 6.091492 4.318788
7270 112 6.090860 4.319026
7280 112 6.090018 4.319504
7290 112 6.089387 4.319742
7300 112 6.088756 4.320220
7310 112 6.087914 4.320458
7320 112 6.087282 4.320697
7330 112 6.086651 4.321174
7340 112 6.086020 4.321413
7350 112 6.085178 4.321890
7360 112 6.084546 4.322129
7370 112 6.083915 4.322368
7380 112 6.083073 4.322845
7390 112 6.082442 4.323084
7400 112 6.081810 4.323561
7410 112 6.081179 4.323800
7420 112 6.080337 4.324038
7430 112 6.079706 4.324516
7440 112 6.079074 4.324754
7450 112 6.078232 4.325232
7460 112 6.077601 4.325470
7470 112 6.076970 4.325709
7480 112 6.076338 4.326186
7490 112 6.075496 4.326425
7500 112 6.074865 4.326902
7510 112 6.074234 4.327141
7520 112 6.073602 4.327379
7530 112 6.072760 4.327857
7540 112 6.072129 4.328095
7550 112 6.071497 4.328573
7560 112 6.070656 4.328811
7570 112 6.070024 4.329289
7580 112 6.069393 4.329527
7590 112 6.068761 4.329766
7600 112 6.067920 4.330243
7610 112 6.067288 4.330482
7620 112 6.066657 4.330959
7630 112 6.065815 4.331198
7640 112 6.065184 4.331437
7650 112 6.064552 4.331914
7660 112 6.063921 4.332153
7670 112 6.063079 4.332630
7680 112 6.062447 4.332869
7690 112 6.061816 4.333107
7700 112 6.060974 4.333585
7710 112 6.060343 4.333823
7720 112 6.059711 4.334301
7730 112 6.059080 4.334539
7740 112 6.058238 4.334778
7750 112 6.057607 4.335255
7760 112 6.056975 4.335494
7770 112 6.056134 4.335971
7780 112 6.055502 4.336210
7790 112 6.054871 4.336449
7800 112 6.054239 4.336926
7810 112 6.053397 4.337165
7820 112 6.052766 4.337642
7830 112 6.052135 4.337881
7840 112 6.051503 4.338119
7850 112 6.050661 4.338596
7860 112 6.050030 4.338835
7870 112 6.049399 4.339312
7880 112 6.048557 4.339551
7890 112 6.047925 4.340028
7900 112 6.047294 4.340267
7910 112 6.046663 4.340506
7920 112 6.045821 4.340983
7930 112 6.045189 4.341222
7940 112 6.044558 4.341699
7950 112 6.043716 4.341938
7960 112 6.043085 4.342176
7970 112 6.042453 4.342654
7980 112 6.041822 4.342892
7990 112 6.040980 4.343370
8000 112 6.040349 4.343608
8010 112 6.039928 4.343608
8020 112 6.039507 4.343608
8030 112 6.039086 4.343608
8040 112 6.038665 4.343608
8050 112 6.038244 4.343608
8060 112 6.037823 4.343608
8070 112 6.037402 4.343608
8080 112 6.036981 4.343608
8090 112 6.036560 4.343608
8100 112 6.036139 4.343608
8110 112 6.035718 4.343608
8120 112 6.035297 4.343608
8130 112 6.034877 4.343608
8140 112 6.034456 4.343608
8150 112 6.034035 4.343608
8160 112 6.033614 4.343608
8170 112 6.033193 4.343608
8180 112 6.032772 4.343608
8190 112 6.032351 4.343608
8200 112 6.031930 4.343608
8210 112 6.031509 4.343608
8220 112 6.031088 4.343608
8230 112 6.030667 4.343608
8240 112 6.030246 4.343608
8250 112 6.029825 4.343608
8260 112 6.029404 4.343608
8270 112 6.028984 4.343608
8280 112 6.028563 4.343608
8290 112 6.028142 4.343608
8300 112 6.027721 4.343608
8310 112 6.027300 4.343608
8320 112 6.026879 4.343608
8330 112 6.026458 4.343608
8340 112 6.026037 4.343608
8350 112 6.025616 4.343608
8360 112 6.025195 4.343608
8370 112 6.024774 4.343608
8380 112 6.024353 4.343608
8390 112 6.023932 4.343608
8400 112 6.023511 4.343608
8410 112 6.023091 4.343608
8420 112 6.022670 4.343608
8430 112 6.022249 4.343608
8440 112 6.021828 4.343608
8450 112 6.021407 4.343608
8460 112 6.020986 4.343608
8470 112 6.020565 4.343608
8480 112 6.020144 4.343608
8490 112 6.019723 4.343608
8500 112 6.019302 4.343608
8510 112 6.018881 4.343608
8520 112 6.018460 4.343608
8530 112 6.018039 4.343608
8540 112 6.017618 4.343608
8550 112 6.017197 4.343608
8560 112 6.016777 4.343608
8570 112 6.016356 4.343608
8580 112 6.015935 4.343608
8590 112 6.015514 4.343608
8600 112 6.015093 4.343608
8610 112 6.014672 4.343608
8620 112 6.014251 4.343608
8630 112 6.013830 4.343608
8640 112 6.013409 4.343608
8650 112 6.012988 4.343608
8660 112 6.012567 4.343608
8670 112 6.012146 4.343608
8680 112 6.011725 4.343608
8690 112 6.011304 4.343608
8700 112 6.010884 4.343608
8710 112 6.010463 4.343608
8720 112 6.010042 4.343608
8730 112 6.009621 4.343608
8740 112 6.009200 4.343608
8750 112 6.008779 4.343608
8760 112 6.008358 4.343608
8770 112 6.007937 4.343608
8780 112 6.007516 4.343608
8790 112 6.007095 4.343608
8800 112 6.006674 4.343608
8810 112 6.006253 4.343608
8820 112 6.005832 4.343608
8830 112 6.005411 4.343608
8840 112 6.004991 4.343608
8850 112 6.004570 4.343608
8860 112 6.004149 4.343608
8870 112 6.003728 4.343608
8880 112 6.003307 4.343608
8890 112 6.002886 4.343608
8900 112 6.002465 4.343608
8910 112 6.002044 4.343608
8920 112 6.001623 4.343608
8930 112 6.001202 4.343608
8940 112 6.000781 4.343608
8950 112 6.000360 4.343608
8960 112 5.999939 4.343608
8970 112 5.999518 4.343608
8980 112 5.999097 4.343608
8990 112 5.998677 4.343608
9000 112 5.998256 4.343608
9010 112 5.997835 4.343608
9020 112 5.997414 4.343608
9030 112 5.996993 4.343608
9040 112 5.996572 4.343608
9050 112 5.996151 4.343608
9060 112 5.995730 4.343608
9070 112 5.995309 4.343608
9080 112 5.994888 4.343608
9090 112 5.994467 4.343608
9100 112 5.994046 4.343608
9110 112 5.993625 4.343608
9120 112 5.993204 4.343608
9130 112 5.992784 4.343608
9140 112 5.992363 4.343608
9150 112 5.991942 4.343608
9160 112 5.991521 4.343608
9170 112 5.991100 4.343608
9180 112 5.990679 4.343608
9190 112 5.990258 4.343608
9200 112 5.989837 4.343608
9210 112 5.989416 4.343608
9220 112 5.988995 4.343608
9230 112 5.988574 4.343608
9240 112 5.988153 4.343608
9250 112 5.987732 4.343608
9260 112 5.987311 4.343608
9270 112 5.986891 4.343608
9280 112 5.986470 4.343608
9290 112 5.986049 4.343608
9300 112 5.985628 4.343608
9310 112 5.985207 4.343608
9320 112 5.984786 4.343608
9330 112 5.984365 4.343608
9340 112 5.983944 4.343608
9350 112 5.983523 4.343608
9360 112 5.983102 4.343608
9370 112 5.982681 4.343608
9380 112 5.982260 4.343608
9390 112 5.981839 4.343608
9400 112 5.981418 4.343608
9410 112 5.980997 4.343608
9420 112 5.980577 4.343608
9430 112 5.980156 4.343608
9440 112 5.979735 4.343608
9450 112 5.979314 4.343608
9460 112 5.978893 4.343608
9470 112 5.978472 4.343608
9480 112 5.978051 4.343608
9490 112 5.977630 4.343608
9500 112 5.977209 4.343608
9510 112 6.019302 4.343608
9520 112 6.061395 4.343608
9530 112 6.103488 4.343608
9540 112 6.145581 4.343608
9550 112 6.187674 4.343608
9560 112 6.262810 4.343608
9570 112 6.337946 4.343608
9580 112 6.436023 4.400887
9590 112 6.625442 4.687278
9600 112 6.877579 4.977489
9610 112 7.380380 5.282257
9620 112 7.934535 5.498960
9630 112 8.565930 5.583207
9640 112 9.209111 5.608505
9650 112 9.857344 5.608505
9660 112 10.489371 5.633326
9670 112 11.056785 5.757906
9680 112 11.623988 5.882487
9690 112 12.220657 6.077472
9700 112 12.820482 6.280333
9710 112 13.457771 6.321143
9720 112 14.099058 6.343816
9730 112 14.663315 6.247159
9740 112 15.207998 6.120908
5640 113 15.159591 9.629446
5650 113 14.708565 9.333985
5660 113 14.257538 9.038285
5670 113 13.838923 8.756905
5680 113 13.434198 8.481492
5690 113 13.028632 8.208942
5700 113 12.616541 7.960259
5710 113 12.204451 7.711814
5720 113 11.738691 7.583415
5730 113 11.250202 7.506805
5740 113 10.761502 7.429957
5750 113 10.247757 7.539502
5760 113 9.731065 7.669571
5770 113 9.226369 7.778400
5780 113 8.726515 7.877683
5790 113 8.216137 7.950235
5800 113 7.681977 7.959304
5810 113 7.147816 7.968373
5820 113 6.635123 7.956679
5830 113 6.131901 7.935916
5840 113 5.624470 7.885320
5850 113 5.110935 7.789856
5860 113 4.597400 7.694392
5870 113 4.040930 7.565516
5880 113 3.479620 7.432821
5890 113 2.911995 7.313252
5900 113 2.318063 7.244996
5910 113 1.724341 7.176739
5920 113 1.141142 7.102754
5930 113 0.573728 7.019701
5940 113 0.006314 6.936647
5830 114 0.160164 4.672482
5840 114 0.855541 4.527376
5850 114 1.551128 4.382033
5860 114 2.294912 4.264373
5870 114 3.044167 4.149817
5880 114 3.788372 4.013542
5890 114 4.525000 3.844332
5900 114 5.261628 3.675361
5910 114 6.033403 3.516175
5920 114 6.804968 3.357227
5930 114 7.586215 3.330498
5940 114 8.373775 3.392072
5950 114 9.161336 3.453646
5960 114 9.948054 3.567964
5970 114 10.733721 3.735026
5980 114 11.519387 3.902088
5990 114 12.305684 3.982755
6000 114 13.092403 3.977027
6010 114 13.879122 3.971299
6020 114 14.665840 3.965810
6030 114 15.452559 3.960082
5830 115 0.072190 10.115834
5840 115 0.222462 9.859991
5850 115 0.372734 9.604386
5860 115 0.541948 9.349498
5870 115 0.739153 9.096041
5880 115 0.936570 8.842346
5890 115 1.152717 8.595333
5900 115 1.444212 8.375050
5910 115 1.735495 8.154767
5920 115 2.084236 7.937348
5930 115 2.471281 7.721838
5940 115 2.858327 7.506328
5950 115 3.285150 7.383657
5960 115 3.752172 7.353824
5970 115 4.219194 7.323992
5980 115 4.694214 7.278169
5990 115 5.187965 7.195593
6000 115 5.681716 7.113017
6010 115 6.160314 7.022326
6020 115 6.632177 6.928294
6030 115 7.104250 6.834262
6040 115 7.576744 6.730206
6050 115 8.050290 6.610876
6060 115 8.523837 6.491547
6070 115 8.997383 6.372217
6080 115 9.518285 6.288686
6090 115 10.050972 6.213985
6100 115 10.583869 6.139523
6110 115 11.141602 6.090359
6120 115 11.716172 6.058140
6130 115 12.290531 6.025921
6140 115 12.865101 5.993702
6150 115 13.416940 5.854086
6160 115 13.966254 5.702776
6170 115 14.515358 5.551466
6180 115 15.064672 5.400155
5900 116 0.420930 4.470814
5910 116 1.052326 4.391340
5920 116 1.686036 4.325709
5930 116 2.339951 4.385374
5940 116 2.993866 4.445039
5950 116 3.643362 4.540503
5960 116 4.282123 4.719498
5970 116 4.921095 4.898492
5980 116 5.556279 5.102785
5990 116 6.187674 5.332137
6000 116 6.819070 5.561728
6010 116 7.442257 5.650032
6020 116 8.064392 5.722585
6030 116 8.704416 5.779386
6040 116 9.356226 5.825686
6050 116 10.008037 5.871747
6060 116 10.655849 5.887737
6070 116 11.300082 5.873179
6080 116 11.944316 5.858621
6090 116 12.585814 5.827834
6100 116 13.217209 5.731176
6110 116 13.848604 5.634758
6120 116 14.480000 5.538101
6130 116 15.111395 5.441443
6020 117 14.724139 7.890093
6030 117 14.118000 7.727804
6040 117 13.511860 7.565516
6050 117 12.823008 7.446186
6060 117 12.134366 7.326856
6070 117 11.460246 7.359552
6080 117 10.789915 7.430196
6090 117 10.111796 7.498691
6100 117 9.364645 7.546423
6110 117 8.624229 7.586518
6120 117 7.944216 7.559072
6130 117 7.264203 7.531626
6140 117 6.593030 7.491292
6150 117 5.930486 7.438310
6160 117 5.267942 7.385089
6170 117 4.607713 7.482701
6180 117 3.948325 7.618021
6190 117 3.288938 7.753341
6200 117 2.714158 7.914675
6210 117 2.160845 8.082691
6220 117 1.622476 8.268369
6230 117 1.220698 8.615619
6240 117 0.818920 8.962869
6250 117 0.604456 9.409879
6260 117 0.410828 9.868105
6270 117 0.217200 10.326332
6010 118 0.350424 9.886721
6020 118 0.377995 9.565007
6030 118 0.422403 9.269547
6040 118 0.534581 9.078619
6050 118 0.646759 8.887691
6060 118 0.791770 8.723970
6070 118 1.066848 8.668840
6080 118 1.342136 8.613709
6090 118 1.680353 8.601061
6100 118 2.060453 8.616335
6110 118 2.440764 8.631848
6120 118 2.824652 8.642587
6130 118 3.212329 8.648792
6140 118 3.600006 8.655236
6150 118 3.987682 8.661441
6160 118 4.389460 8.611084
6170 118 4.797342 8.536622
6180 118 5.205013 8.461922
6190 118 5.605528 8.390085
6200 118 5.998887 8.321113
6210 118 6.392036 8.251901
6220 118 6.785185 8.182929
6230 118 7.197907 8.076009
6240 118 7.618837 7.953099
6250 118 8.039767 7.830189
6260 118 8.455646 7.711575
6270 118 8.864369 7.599167
6280 118 9.272882 7.486997
6290 118 9.681395 7.374588
6300 118 10.075175 7.274589
6310 118 10.468955 7.174352
6320 118 10.862736 7.074354
6330 118 11.318814 6.949773
6340 118 11.781837 6.822568
6350 118 12.244860 6.695123
6360 118 12.691678 6.516844
6370 118 13.136601 6.332599
6380 118 13.581524 6.148592
6390 118 14.028552 5.965779
6400 118 14.478526 5.784636
6410 118 14.928501 5.603493
6420 118 15.378475 5.422589
6060 119 0.010944 8.390801
6070 119 0.377574 8.321590
6080 119 0.743994 8.252140
6090 119 1.110624 8.182929
6100 119 1.491356 8.162165
6110 119 1.878191 8.162165
6120 119 2.265026 8.162165
6130 119 2.651860 8.162165
6140 119 3.108991 8.145698
6150 119 3.566331 8.129230
6160 119 4.022199 8.110137
6170 119 4.465228 8.065985
6180 119 4.908257 8.022072
6190 119 5.351286 7.978158
6200 119 5.787791 7.927563
6210 119 6.208721 7.861931
6220 119 6.629651 7.796300
6230 119 7.050581 7.730668
6240 119 7.468144 7.650956
6250 119 7.878130 7.537831
6260 119 8.287906 7.424945
6270 119 8.697681 7.311820
6280 119 9.116086 7.184376
6290 119 9.542699 7.042373
6300 119 9.969311 6.900609
6310 119 10.395924 6.758607
6320 119 10.814329 6.601569
6330 119 11.230629 6.440712
6340 119 11.646929 6.279855
6350 119 12.063229 6.118999
6360 119 12.494261 5.955755
6370 119 12.984224 5.782011
6380 119 13.473976 5.608505
6390 119 13.963729 5.435000
6400 119 14.453691 5.261255
6410 119 14.943444 5.087750
6140 120 15.183374 4.360315
6150 120 14.717825 4.396352
6160 120 14.252276 4.432628
6170 120 13.786727 4.468666
6180 120 13.308340 4.510670
6190 120 12.817325 4.558402
6200 120 12.326310 4.606134
6210 120 11.858867 4.675107
6220 120 11.415207 4.765559
6230 120 10.971546 4.855772
6240 120 10.527886 4.945986
6250 120 10.066546 5.074146
6260 120 9.600997 5.211375
6270 120 9.135449 5.348843
6280 120 8.705468 5.527838
6290 120 8.310846 5.748599
6300 120 7.916224 5.969359
6310 120 7.521392 6.190119
6320 120 7.140029 6.385820
6330 120 6.771715 6.556223
6340 120 6.403401 6.726865
6350 120 6.037823 6.822806
6360 120 5.673718 6.887245
6370 120 5.306667 6.950967
6380 120 4.914992 7.010632
6390 120 4.523316 7.070297
6400 120 4.131641 7.129962
6410 120 3.700608 7.119938
6420 120 3.230639 7.040464
6430 120 2.760671 6.960990
6440 120 2.303330 6.859321
6450 120 1.859038 6.735457
6460 120 1.414746 6.611831
6470 120 0.971717 6.501332
6480 120 0.529109 6.394412
6490 120 0.086291 6.287492
6170 121 14.903034 4.746943
6180 121 14.348880 4.898015
6190 121 13.794515 5.049325
6200 121 13.257408 5.181066
6210 121 12.759868 5.267938
6220 121 12.262539 5.354571
6230 121 11.765000 5.441443
6240 121 11.267460 5.506598
6250 121 10.770131 5.571513
6260 121 10.272592 5.636667
6270 121 9.823880 5.739768
6280 121 9.395794 5.859098
6290 121 8.967918 5.978428
6300 121 8.576453 6.127590
6310 121 8.200563 6.289640
6320 121 7.824882 6.451452
6330 121 7.393850 6.616366
6340 121 6.956714 6.781518
6350 121 6.508634 6.948103
6360 121 6.035087 7.117074
6370 121 5.561541 7.286045
6380 121 5.128824 7.376974
6390 121 4.700528 7.459312
6400 121 4.272442 7.541650
6410 121 3.784584 7.519932
6420 121 3.296725 7.498214
6430 121 2.806131 7.382464
6440 121 2.315116 7.243325
6450 121 1.844516 7.121608
6460 121 1.405065 7.026145
6470 121 0.965403 6.930681
6480 121 0.525742 6.835217
6490 121 0.086080 6.739753
6250 122 0.160795 8.697956
6260 122 0.313803 8.481015
6270 122 0.466812 8.264073
6280 122 0.639183 8.065747
6290 122 0.888584 7.942121
6300 122 1.137985 7.818256
6310 122 1.386544 7.721361
6320 122 1.634262 7.651195
6330 122 1.881769 7.581029
6340 122 2.127171 7.497498
6350 122 2.353210 7.294159
6360 122 2.579460 7.090821
6370 122 2.799186 6.915884
6380 122 3.009651 6.783189
6390 122 3.220116 6.650733
6400 122 3.457310 6.605865
6410 122 3.706080 6.598466
6420 122 3.954850 6.591306
6430 122 4.235610 6.610876
6440 122 4.564357 6.670541
6450 122 4.893314 6.730206
6460 122 5.231952 6.798940
6470 122 5.609527 6.904189
6480 122 5.987101 7.009677
6490 122 6.364675 7.114926
6500 122 6.750668 7.094163
6510 122 7.138766 7.041896
6520 122 7.526653 6.989868
6530 122 7.925906 6.904667
6540 122 8.332314 6.797747
6550 122 8.738722 6.690589
6560 122 9.143236 6.599898
6570 122 9.547118 6.516129
6580 122 9.951001 6.432120
6590 122 10.354883 6.348351
6600 122 10.727196 6.225918
6610 122 11.099509 6.103486
6620 122 11.472032 5.981292
6630 122 11.850238 5.858382
6640 122 12.282323 5.732847
6650 122 12.714408 5.607312
6660 122 13.146282 5.481538
6670 122 13.572053 5.352901
6680 122 13.982881 5.216387
6690 122 14.393709 5.080112
6700 122 14.804747 4.943599
6710 122 15.215575 4.807324
6270 123 0.203941 7.711337
6280 123 0.486385 7.486519
6290 123 0.769040 7.261463
6300 123 1.051694 7.036407
6310 123 1.348871 6.880323
6320 123 1.652151 6.754072
6330 123 1.955431 6.627821
6340 123 2.266920 6.521379
6350 123 2.597771 6.461714
6360 123 2.928412 6.402049
6370 123 3.245162 6.342384
6380 123 3.547600 6.282719
6390 123 3.850249 6.223054
6400 123 4.148057 6.200859
6410 123 4.435131 6.266013
6420 123 4.721995 6.330929
6430 123 5.009070 6.396083
6440 123 5.314665 6.442383
6450 123 5.620050 6.488444
6460 123 5.925645 6.534744
6470 123 6.257970 6.485580
6480 123 6.593451 6.425915
6490 123 6.928932 6.366250
6500 123 7.264414 6.307779
6510 123 7.600106 6.249546
6520 123 7.935587 6.191551
6530 123 8.271279 6.133557
6540 123 8.601919 6.008499
6550 123 8.932771 5.883441
6560 123 9.263411 5.758622
6570 123 9.594262 5.633565
6580 123 9.936268 5.507791
6590 123 10.281221 5.381778
6600 123 10.626173 5.255766
6610 123 10.988383 5.132379
6620 123 11.419205 5.018777
6630 123 11.850238 4.904936
6640 123 12.281060 4.791334
6650 123 12.712093 4.677732
6660 123 13.159752 4.551958
6670 123 13.607622 4.425946
6680 123 14.055281 4.300172
6690 123 14.502940 4.174399
6700 123 14.950600 4.048625
6710 123 15.398469 3.922612
6390 124 15.258720 9.808918
6400 124 14.837790 9.808918
6410 124 14.416860 9.808918
6420 124 14.070224 9.800565
6430 124 13.773047 9.786484
6440 124 13.506598 10.035645
6450 124 13.303710 10.312729
6460 124 13.126288 10.588858
6470 124 13.078512 10.884557
6480 124 13.062938 11.185269
6490 124 13.046522 11.495527
6500 124 13.023160 11.893134
6510 124 12.999798 12.290980
6520 124 12.960862 12.664482
6530 124 12.898986 13.001231
6540 124 12.837109 13.338219
6550 124 12.775232 13.675207
6410 125 15.229466 8.385312
6420 125 14.881777 8.603208
6430 125 14.534089 8.821105
6440 125 14.211657 9.096041
6450 125 13.948575 9.503672
6460 125 13.685494 9.911303
6470 125 13.541536 10.315115
6480 125 13.411047 10.718212
6490 125 13.280348 11.121547
6500 125 13.304552 11.543736
6510 125 13.328966 11.965925
6520 125 13.350012 12.375943
6530 125 13.366218 12.767583
6540 125 13.382424 13.159224
6550 125 13.398630 13.550865
6560 125 13.414625 13.942744
6450 126 14.962386 8.748791
6460 126 14.606279 9.033273
6470 126 14.250172 9.317756
6480 126 13.974041 9.675507
6490 126 13.732427 10.064284
6500 126 13.490814 10.453299
6510 126 13.367481 10.840167
6520 126 13.244148 11.226796
6530 126 13.130918 11.613186
6540 126 13.109872 11.995042
6550 126 13.088825 12.376897
6560 126 13.065043 12.754696
6570 126 13.015794 13.096934
6580 126 12.966755 13.438933
6590 126 12.917717 13.780933
6530 127 0.238457 5.018300
6540 127 0.799767 5.170326
6550 127 1.361078 5.322114
6560 127 1.922178 5.473901
6570 127 2.463073 5.615426
6580 127 3.001653 5.755997
6590 127 3.540234 5.896329
6600 127 4.088074 6.011602
6610 127 4.645596 6.102054
6620 127 5.203118 6.192267
6630 127 5.760430 6.282481
6640 127 6.306166 6.280571
6650 127 6.848956 6.255512
6660 127 7.391745 6.230214
6670 127 7.934535 6.205155
6680 127 8.497739 6.089166
6690 127 9.060733 5.972939
6700 127 9.623938 5.856950
6710 127 10.181881 5.729028
6720 127 10.728038 5.574377
6730 127 11.274195 5.419487
6740 127 11.820141 5.264597
6750 127 12.395974 5.162211
6760 127 12.991590 5.094671
6770 127 13.587207 5.027130
6780 127 14.183033 4.959589
6790 127 14.778650 4.892049
6800 127 15.374266 4.824508
6530 128 0.101444 4.191343
6540 128 0.695798 4.338596
6550 128 1.289941 4.486088
6560 128 1.884294 4.633580
6570 128 2.444131 4.793482
6580 128 2.989236 4.958635
6590 128 3.534130 5.123787
6600 128 4.079235 5.289178
6610 128 4.616763 5.397291
6620 128 5.152607 5.491323
6630 128 5.688241 5.585355
6640 128 6.224716 5.610415
6650 128 6.762034 5.566501
6660 128 7.299351 5.522349
6670 128 7.836458 5.478436
6680 128 8.365988 5.342877
6690 128 8.892151 5.167701
6700 128 9.418314 4.992763
6710 128 9.986990 4.839066
6720 128 10.573557 4.694438
6730 128 11.160333 4.549810
6740 128 11.743953 4.412104
6750 128 12.322732 4.285375
6760 128 12.901511 4.158647
6770 128 13.475871 4.043374
6780 128 14.032551 3.974163
6790 128 14.589231 3.904713
6800 128 15.146122 3.835502
6570 129 -0.026940 5.443830
6580 129 0.633500 5.789648
6590 129 1.293939 6.135227
6600 129 1.954379 6.480807
6610 129 2.651860 6.793929
6620 129 3.353341 7.103232
6630 129 4.048928 7.371008
6640 129 4.720943 7.471961
6650 129 5.392748 7.572914
6660 129 6.071918 7.595348
6670 129 6.755930 7.565516
6680 129 7.438468 7.529239
6690 129 8.115745 7.466949
6700 129 8.792811 7.404659
6710 129 9.506078 7.358598
6720 129 10.223132 7.314446
6730 129 10.943344 7.298217
6740 129 11.675762 7.393681
6750 129 12.408181 7.489145
6760 129 13.069883 7.639023
6770 129 13.701279 7.812051
6780 129 14.332674 7.985080
6790 129 14.964069 8.158108
6750 130 0.021047 9.474794
6760 130 0.177001 9.191982
6770 130 0.332745 8.909170
6780 130 0.513324 8.669556
6790 130 0.750940 8.530895
6800 130 0.988555 8.392472
6810 130 1.245322 8.249753
6820 130 1.578488 8.090567
6830 130 1.911655 7.931381
6840 130 2.194941 7.858829
6850 130 2.465388 7.807517
6860 130 2.736046 7.756443
6870 130 3.009651 7.700836
6880 130 3.283256 7.644989
6890 130 3.556860 7.589382
6900 130 3.813417 7.514920
6910 130 4.069764 7.440219
6920 130 4.326321 7.365757
6930 130 4.592559 7.324469
6940 130 4.861113 7.291534
6950 130 5.129456 7.258599
6960 130 5.386434 7.262895
6970 130 5.641938 7.271487
6980 130 5.897232 7.281510
6990 130 6.149791 7.305376
7000 130 6.402349 7.329242
7010 130 6.655959 7.350722
7020 130 6.919040 7.350722
7030 130 7.182122 7.350722
7040 130 7.424999 7.338312
7050 130 7.620942 7.297262
7060 130 7.816885 7.255974
7070 130 7.986730 7.286045
7080 130 8.117008 7.422320
7090 130 8.208771 7.517068
7100 130 8.210454 7.515158
7110 130 8.212349 7.513010
7120 130 8.214243 7.510863
7130 130 8.216137 7.508715
7140 130 8.217821 7.506805
7150 130 8.219715 7.504657
7160 130 8.221609 7.502509
7170 130 8.223503 7.500362
7180 130 8.225187 7.498452
7190 130 8.227081 7.496304
7200 130 8.228975 7.494156
7210 130 8.230870 7.492008
7220 130 8.232553 7.490099
7230 130 8.234447 7.487951
7240 130 8.236342 7.485803
7250 130 8.238236 7.483655
7260 130 8.239920 7.481746
7270 130 8.241814 7.479598
7280 130 8.243708 7.477450
7290 130 8.245602 7.475302
7300 130 8.247286 7.473393
7310 130 8.249180 7.471245
7320 130 8.251074 7.469097
7330 130 8.252968 7.466949
7340 130 8.254652 7.465040
7350 130 8.256546 7.462892
7360 130 8.258440 7.460744
7370 130 8.260335 7.458596
7380 130 8.262018 7.456687
7390 130 8.263913 7.454539
7400 130 8.265807 7.452391
7410 130 8.267701 7.450243
7420 130 8.269385 7.448334
7430 130 8.271279 7.446186
7440 130 8.273173 7.444038
7450 130 8.275067 7.441890
7460 130 8.276751 7.439981
7470 130 8.278645 7.437833
7480 130 8.280539 7.435685
7490 130 8.282433 7.433537
7500 130 8.284117 7.431628
7510 130 8.286011 7.429480
7520 130 8.287906 7.427332
7530 130 8.289800 7.425184
7540 130 8.291483 7.423274
7550 130 8.365146 7.350722
7560 130 8.486585 7.231392
7570 130 8.608023 7.112062
7580 130 8.834063 7.076740
7590 130 9.060102 7.041419
7600 130 9.253730 6.999653
7610 130 9.371169 6.943568
7620 130 9.488819 6.887483
7630 130 9.606469 6.831398
7640 130 9.705178 6.637606
7650 130 9.801571 6.428779
7660 130 9.994988 6.279139
7670 130 10.285640 6.188210
7680 130 10.616912 6.159571
7690 130 11.009219 6.224725
7700 130 11.411839 6.296084
7710 130 11.856131 6.393457
7720 130 12.300423 6.490592
7730 130 12.768287 6.543336
7740 130 13.259302 6.551212
7750 130 13.750317 6.559087
7760 130 14.202607 6.516367
7770 130 14.615960 6.422574
7780 130 15.029524 6.328781
6770 131 0.192576 8.095102
6780 131 0.451658 7.865750
6790 131 0.710741 7.636159
6800 131 1.030648 7.502032
6810 131 1.357079 7.378645
6820 131 1.683721 7.255258
6830 131 1.983213 7.227812
6840 131 2.282705 7.200127
6850 131 2.573567 7.149293
6860 131 2.851381 7.063375
6870 131 3.129195 6.977458
6880 131 3.434791 6.904428
6890 131 3.743543 6.832830
6900 131 4.052085 6.761232
6910 131 4.353681 6.731161
6920 131 4.654225 6.705386
6930 131 4.948877 6.692259
6940 131 5.187965 6.789871
6950 131 5.427053 6.887483
6960 131 5.648252 6.915168
6970 131 5.867557 6.934976
6980 131 6.082442 6.920418
6990 131 6.292907 6.871016
7000 131 6.503372 6.821613
7010 131 6.745407 6.797270
7020 131 7.008488 6.789871
7030 131 7.271570 6.782473
7040 131 7.528337 6.773881
7050 131 7.775213 6.763380
7060 131 8.014932 6.752879
7070 131 8.187093 6.742139
7080 131 8.359253 6.731400
7090 131 8.407239 6.794167
7100 131 8.441335 6.865049
7110 131 8.475430 6.935931
7120 131 8.515418 6.992732
7130 131 8.578558 6.992732
7140 131 8.641697 6.992732
7150 131 8.686737 6.990346
7160 131 8.659587 6.978890
7170 131 8.632437 6.967434
7180 131 8.605287 6.955740
7190 131 8.578137 6.944284
7200 131 8.550987 6.932590
7210 131 8.523837 6.921134
7220 131 8.542779 6.915884
7230 131 8.561510 6.910395
7240 131 8.580452 6.905144
7250 131 8.599183 6.899655
7260 131 8.618125 6.894404
7270 131 8.636857 6.889154
7280 131 8.655799 6.883665
7290 131 8.674530 6.878414
7300 131 8.693472 6.873164
7310 131 8.712414 6.867674
7320 131 8.731145 6.862424
7330 131 8.750087 6.856935
7340 131 8.768818 6.851684
7350 131 8.782919 6.876743
7360 131 8.793864 6.921850
7370 131 8.804597 6.967196
7380 131 8.815542 7.012541
7390 131 8.826486 7.057648
7400 131 8.837430 7.102993
7410 131 8.817436 7.091537
7420 131 8.789865 7.066001
7430 131 8.762294 7.040464
7440 131 8.734723 7.014927
7450 131 8.707152 6.989391
7460 131 8.679581 6.963854
7470 131 8.652221 6.938079
7480 131 8.624650 6.912542
7490 131 8.661902 6.862901
7500 131 8.796600 6.776984
7510 131 8.931297 6.691066
7520 131 8.984335 6.655506
7530 131 9.028111 6.625673
7540 131 9.071888 6.595841
7550 131 9.115875 6.566008
7560 131 9.167018 6.535699
7570 131 9.283826 6.500377
7580 131 9.400845 6.465055
7590 131 9.495975 6.423290
7600 131 9.558483 6.371501
7610 131 9.621202 6.319950
7620 131 9.683710 6.268400
7630 131 9.867446 6.092507
7640 131 10.103167 5.863394
7650 131 10.368143 5.662442
7660 131 10.750137 5.574138
7670 131 11.132131 5.485595
7680 131 11.470348 5.503495
7690 131 11.765000 5.627598
7700 131 12.059651 5.751701
7710 131 12.394922 5.831175
7720 131 12.729982 5.910887
7730 131 13.095981 5.937378
7740 131 13.534169 5.839767
7750 131 13.972358 5.742393
7760 131 14.410336 5.645020
7770 131 14.848524 5.547647
7780 131 15.286712 5.450274
6930 132 14.849787 5.756236
6940 132 14.248488 5.767691
6950 132 13.622775 5.779147
6960 132 12.940026 5.790603
6970 132 12.257278 5.802297
6980 132 11.574529 5.813991
6990 132 10.903145 5.836187
7000 132 10.276801 5.900148
7010 132 9.650667 5.964108
7020 132 9.024323 6.028308
7030 132 8.399452 6.076517
7040 132 7.786367 5.983201
7050 132 7.173282 5.889647
7060 132 6.582086 5.813037
7070 132 5.996361 5.740246
7080 132 5.377384 5.696093
7090 132 4.724942 5.680103
7100 132 4.072500 5.664113
7110 132 3.433949 5.621632
7120 132 2.809288 5.552420
7130 132 2.184838 5.482970
7140 132 1.557442 5.388700
7150 132 0.926046 5.257198
7160 132 0.294651 5.125458
7170 132 -0.336744 4.993718
6950 133 0.084186 5.011856
6960 133 0.630133 5.123787
6970 133 1.175869 5.235480
6980 133 1.721815 5.347411
6990 133 2.300384 5.433568
7000 133 2.887160 5.513041
7010 133 3.473937 5.592515
7020 133 4.032091 5.666977
7030 133 4.561621 5.736188
7040 133 5.091151 5.805638
7050 133 5.608264 5.907546
7060 133 6.106856 6.058140
7070 133 6.622285 6.126636
7080 133 7.154551 6.112555
7090 133 7.753745 6.039048
7100 133 8.369566 5.950505
7110 133 8.982230 5.860530
7120 133 9.566902 5.754326
7130 133 10.151364 5.648361
7140 133 10.736036 5.542158
7150 133 11.324917 5.467457
7160 133 11.918008 5.424021
7170 133 12.511098 5.380585
7180 133 13.093666 5.343593
7190 133 13.633298 5.331183
7200 133 14.172931 5.319011
7210 133 14.712563 5.306839
7220 133 15.252196 5.294668
6950 134 -0.144800 5.936663
6960 134 0.427455 6.011124
6970 134 0.999709 6.085825
6980 134 1.571964 6.160287
6990 134 2.147376 6.218042
7000 134 2.727417 6.250261
7010 134 3.307670 6.282481
7020 134 3.887922 6.314700
7030 134 4.428186 6.357897
7040 134 4.951402 6.405629
7050 134 5.474408 6.453361
7060 134 5.999097 6.493456
7070 134 6.529470 6.503002
7080 134 7.059842 6.512549
7090 134 7.587267 6.473647
7100 134 8.113430 6.413982
7110 134 8.639593 6.354317
7120 134 9.200272 6.280094
7130 134 9.795678 6.191551
7140 134 10.390873 6.102770
7150 134 10.986279 6.014227
7160 134 11.563585 5.945970
7170 134 12.140890 5.877952
7180 134 12.718196 5.809696
7190 134 13.276139 5.769839
7200 134 13.815140 5.758145
7210 134 14.354141 5.746451
7220 134 14.893143 5.734756
7230 134 15.432144 5.723062
7000 135 0.212149 5.745735
7010 135 0.650758 5.686070
7020 135 1.089157 5.626405
7030 135 1.553443 5.651703
7040 135 2.028673 5.713277
7050 135 2.503903 5.774851
7060 135 2.985869 5.902296
7070 135 3.472674 6.073892
7080 135 3.959270 6.245488
7090 135 4.452810 6.348351
7100 135 4.956032 6.348351
7110 135 5.458834 6.334270
7120 135 5.958688 6.192506
7130 135 6.458543 6.050742
7140 135 6.958397 5.908978
7150 135 7.484771 5.815185
7160 135 8.013880 5.726403
7170 135 8.542989 5.637860
7180 135 9.091461 5.584639
7190 135 9.668767 5.584639
7200 135 10.246073 5.584639
7210 135 10.823379 5.584639
7220 135 11.367010 5.593947
7230 135 11.906853 5.604448
7240 135 12.446696 5.614710
7250 135 12.986539 5.625211
7260 135 13.511860 5.602539
7270 135 14.002875 5.503018
7280 135 14.494101 5.403735
7290 135 14.985116 5.304214
7030 136 15.072669 7.885081
7040 136 14.684993 7.740692
7050 136 14.297316 7.596303
7060 136 13.909429 7.451914
7070 136 13.496917 7.323276
7080 136 13.026527 7.232108
7090 136 12.556138 7.140940
7100 136 12.085748 7.049533
7110 136 11.605678 7.048101
7120 136 11.124554 7.056693
7130 136 10.645746 7.082707
7140 136 10.186511 7.267191
7150 136 9.727276 7.451675
7160 136 9.302558 7.618737
7170 136 8.881628 7.783889
7180 136 8.444492 7.897253
7190 136 7.969261 7.889616
7200 136 7.493821 7.881979
7210 136 7.025957 7.859783
7220 136 6.587558 7.780309
7230 136 6.149159 7.700836
7240 136 5.710550 7.621123
7250 136 5.245422 7.501555
7260 136 4.762194 7.355018
7270 136 4.279177 7.208719
7280 136 3.795949 7.062182
7290 136 3.313563 6.929010
7300 136 2.833281 6.849536
7310 136 2.352789 6.770063
7320 136 1.872508 6.690350
7330 136 1.403171 6.622809
7340 136 0.958879 6.582953
7350 136 0.514377 6.543336
7360 136 0.070085 6.503480
7140 137 0.255505 4.386806
7150 137 0.682328 4.472962
7160 137 1.108941 4.559118
7170 137 1.535764 4.645274
7180 137 1.888503 4.849090
7190 137 2.232824 5.066032
7200 137 2.689744 5.223070
7210 137 3.194860 5.354333
7220 137 3.722917 5.461730
7230 137 4.260656 5.559103
7240 137 4.798604 5.656237
7250 137 5.348550 5.748599
7260 137 5.898495 5.840960
7270 137 6.448440 5.933321
7280 137 6.957977 5.865303
7290 137 7.463093 5.779386
7300 137 7.991781 5.632371
7310 137 8.555828 5.393711
7320 137 9.119874 5.155052
7330 137 9.689603 4.950998
7340 137 10.259753 4.750762
7350 137 10.830114 4.550765
7360 137 11.426782 4.440743
7370 137 12.030186 4.353155
7380 137 12.633589 4.265567
7390 137 13.237624 4.238359
7400 137 13.842080 4.226188
7410 137 14.446536 4.213777
7420 137 15.050991 4.201606
7160 138 0.330641 5.645975
7170 138 0.894477 5.680103
7180 138 1.458313 5.714232
7190 138 1.981319 5.768646
7200 138 2.477385 5.836903
7210 138 2.973662 5.905159
7220 138 3.499403 5.956949
7230 138 4.032512 6.004681
7240 138 4.565620 6.052413
7250 138 5.075366 6.125681
7260 138 5.579220 6.205155
7270 138 6.083073 6.284629
7280 138 6.624389 6.279617
7290 138 7.203168 6.190119
7300 138 7.777107 6.095849
7310 138 8.306637 5.957187
7320 138 8.836167 5.818765
7330 138 9.365697 5.680103
7340 138 9.952474 5.571513
7350 138 10.539251 5.463161
7360 138 11.126028 5.354571
7370 138 11.696178 5.245265
7380 138 12.259382 5.135720
7390 138 12.822376 5.025937
7400 138 13.385581 4.916392
7410 138 13.967938 4.852670
7420 138 14.550084 4.789186
7430 138 15.132441 4.725464
7170 139 14.026447 12.162581
7180 139 13.968359 11.759246
7190 139 13.910270 11.356149
7200 139 13.837029 10.950189
7210 139 13.728639 10.538023
7220 139 13.620250 10.125619
7230 139 13.511860 9.713454
7240 139 13.328545 9.344008
7250 139 13.145230 8.974324
7260 139 12.961915 8.604879
7270 139 12.716302 8.310134
7280 139 12.463744 8.023742
7290 139 12.211186 7.737351
7300 139 11.878861 7.456925
7310 139 11.537908 7.176977
7320 139 11.196744 6.897268
7330 139 10.808646 6.733070
7340 139 10.420759 6.569111
7350 139 10.032661 6.404913
7360 139 9.600787 6.306347
7370 139 9.158179 6.224009
7380 139 8.715360 6.141671
7390 139 8.305374 6.244772
7400 139 7.898966 6.368159
7410 139 7.492558 6.491547
7420 139 7.071628 6.672451
7430 139 6.650697 6.853116
7440 139 6.229767 7.034020
7450 139 5.816414 7.148100
7460 139 5.406217 7.233779
7470 139 4.996021 7.319457
7480 139 4.586035 7.405136
7490 139 4.134377 7.448811
7500 139 3.672616 7.481985
7510 139 3.210856 7.515158
7520 139 2.775403 7.547616
7530 139 2.446657 7.577449
7540 139 2.117700 7.607281
7550 139 1.788953 7.637114
7560 139 1.559336 7.669571
7570 139 1.329719 7.702268
7580 139 1.196494 7.807755
7590 139 1.087473 7.931381
7600 139 0.973401 8.056916
7610 139 0.815552 8.198680
7620 139 0.657703 8.340444
7630 139 0.499855 8.482208
7640 139 0.351477 8.689603
7650 139 0.204151 8.904397
7660 139 0.056826 9.119191
7200 140 14.057807 12.153034
7210 140 13.913007 11.772611
7220 140 13.768417 11.392187
7230 140 13.623617 11.013195
7240 140 13.477765 10.646136
7250 140 13.332123 10.278839
7260 140 13.186481 9.911780
7270 140 13.049889 9.541380
7280 140 12.950339 9.158331
7290 140 12.850579 8.775044
7300 140 12.750818 8.391995
7310 140 12.567714 8.042835
7320 140 12.259593 7.744511
7330 140 11.951472 7.446186
7340 140 11.575581 7.282704
7350 140 11.154651 7.209435
7360 140 10.733721 7.135928
7370 140 10.336152 7.312775
7380 140 9.938583 7.489383
7390 140 9.534069 7.668378
7400 140 9.113139 7.851907
7410 140 8.692209 8.035437
7420 140 8.233185 8.059541
7430 140 7.757533 8.015389
7440 140 7.282093 7.971237
7450 140 6.796760 7.911572
7460 140 6.311638 7.851907
7470 140 5.826306 7.792242
7480 140 5.344551 7.770524
7490 140 4.867848 7.805607
7500 140 4.391355 7.840690
7510 140 3.914651 7.875773
7520 140 3.456889 7.947371
7530 140 2.999128 8.018969
7540 140 2.541366 8.090567
7550 140 2.083605 8.162165
7560 140 1.752964 8.162165
7570 140 1.422113 8.162165
7580 140 1.125988 8.194623
7590 140 0.968140 8.356434
7600 140 0.810291 8.518484
7610 140 0.652863 8.731130
7620 140 0.496277 9.019670
7630 140 0.339691 9.308210
7640 140 0.183105 9.596988
7650 140 0.026519 9.885528
7350 141 0.310647 4.902311
7360 141 0.929835 4.986558
7370 141 1.548813 5.070805
7380 141 2.167791 5.155052
7390 141 2.765091 5.238821
7400 141 3.362391 5.322830
7410 141 3.959691 5.406599
7420 141 4.568987 5.490607
7430 141 5.206486 5.574854
7440 141 5.844195 5.659101
7450 141 6.481694 5.743348
7460 141 7.074785 5.641440
7470 141 7.663035 5.519247
7480 141 8.251285 5.396814
7490 141 8.839535 5.274382
7500 141 9.464826 5.155052
7510 141 10.089908 5.035722
7520 141 10.715200 4.916392
7530 141 11.355224 4.843362
7540 141 12.005140 4.801358
7550 141 12.655057 4.759115
7560 141 13.305604 4.723793
7570 141 13.958046 4.715918
7580 141 14.610488 4.708042
7590 141 15.262930 4.699927
7360 142 -0.139959 5.496813
7370 142 0.525531 5.597050
7380 142 1.190812 5.697048
7390 142 1.856092 5.797047
7400 142 2.511270 5.904921
7410 142 3.156345 6.020432
7420 142 3.801210 6.135943
7430 142 4.451758 6.208257
7440 142 5.110303 6.215894
7450 142 5.768849 6.223532
7460 142 6.419186 6.215417
7470 142 7.050581 6.170310
7480 142 7.681977 6.125204
7490 142 8.313372 6.080097
7500 142 8.969392 6.022103
7510 142 9.641617 5.955994
7520 142 10.314053 5.889647
7530 142 10.986279 5.823299
7540 142 11.617674 5.809934
7550 142 12.249069 5.796808
7560 142 12.880465 5.783443
7570 142 13.500916 5.757190
7580 142 14.105161 5.710890
7590 142 14.709407 5.664590
7600 142 15.313652 5.618529
7430 143 15.271769 7.911095
7440 143 14.807273 7.713723
7450 143 14.342776 7.516113
7460 143 13.878280 7.318741
7470 143 13.437145 7.193445
7480 143 13.001693 7.086525
7490 143 12.566240 6.979606
7500 143 12.055021 6.962184
7510 143 11.535382 6.954785
7520 143 11.015954 6.947148
7530 143 10.541776 7.132109
7540 143 10.087172 7.399408
7550 143 9.625832 7.637114
7560 143 9.137132 7.756443
7570 143 8.648643 7.875773
7580 143 8.159101 7.972908
7590 143 7.667875 8.036391
7600 143 7.176860 8.100114
7610 143 6.670692 8.130662
7620 143 6.141582 8.111092
7630 143 5.612684 8.091761
7640 143 5.083574 8.072429
7650 143 4.574459 8.116342
7660 143 4.073973 8.187224
7670 143 3.573277 8.258345
7680 143 3.072791 8.329227
7690 143 2.585985 8.418724
7700 143 2.099389 8.508222
7710 143 1.612584 8.597719
7720 143 1.236903 8.718481
7730 143 0.888794 8.846880
7740 143 0.571202 9.017999
7750 143 0.375891 9.358805
7760 143 0.180369 9.699850
7770 143 -0.014943 10.040656
7480 144 -0.054300 4.561505
7490 144 0.407250 4.630716
7500 144 0.869010 4.700166
7510 144 1.330771 4.769377
7520 144 1.783692 4.846226
7530 144 2.230930 4.928325
7540 144 2.678169 5.010424
7550 144 3.119514 5.134527
7560 144 3.551809 5.321398
7570 144 3.984105 5.508507
7580 144 4.416400 5.695616
7590 144 4.802603 5.821867
7600 144 5.169234 5.921866
7610 144 5.535864 6.021864
7620 144 5.907545 6.061959
7630 144 6.282384 6.061959
7640 144 6.657222 6.061959
7650 144 6.990388 6.072221
7660 144 7.261046 6.097758
7670 144 7.531704 6.123294
7680 144 7.738171 6.109691
7690 144 7.901702 6.069835
7700 144 8.183515 5.995611
7710 144 8.494582 5.912558
7720 144 8.838903 5.850506
7730 144 9.216267 5.809218
7740 144 9.593631 5.768169
7750 144 9.977940 5.755997
7760 144 10.367090 5.763157
7770 144 10.756030 5.770555
7780 144 11.061836 5.762918
7790 144 11.173172 5.720914
7800 144 11.172751 5.708981
7810 144 11.097615 5.717573
7820 144 11.022268 5.726165
7830 144 11.087302 5.713516
7840 144 11.187273 5.695616
7850 144 11.287244 5.677717
7860 144 11.387215 5.659817
7870 144 11.781416 5.649077
7880 144 12.249069 5.640247
7890 144 12.722195 5.627121
7900 144 13.243727 5.575332
7910 144 13.765260 5.523304
7920 144 14.287003 5.471515
7930 144 14.808536 5.419725
7940 144 15.330068 5.367698
7490 145 0.211307 5.566501
7500 145 0.640656 5.623780
7510 145 1.070005 5.681058
7520 145 1.518506 5.775567
7530 145 1.980056 5.894897
7540 145 2.441395 6.014227
7550 145 2.912837 6.071505
7560 145 3.384279 6.128784
7570 145 3.822888 6.229975
7580 145 4.228875 6.374842
7590 145 4.634652 6.519708
7600 145 5.051163 6.595364
7610 145 5.472093 6.641186
7620 145 5.875134 6.682474
7630 145 6.116747 6.682474
7640 145 6.358361 6.682474
7650 145 6.594293 6.678656
7660 145 6.821595 6.669109
7670 145 7.048897 6.659563
7680 145 7.341233 6.633788
7690 145 7.640725 6.606342
7700 145 7.945058 6.555985
7710 145 8.260756 6.452645
7720 145 8.576453 6.349067
7730 145 8.920143 6.280810
7740 145 9.329497 6.293936
7750 145 9.594262 6.300619
7760 145 9.714438 6.300619
7770 145 9.806201 6.318280
7780 145 9.855239 6.362670
7790 145 9.904067 6.407300
7800 145 9.953105 6.451690
7810 145 10.010562 6.491547
7820 145 10.145892 6.491547
7830 145 10.281221 6.491547
7840 145 10.502209 6.457418
7850 145 10.923139 6.343100
7860 145 11.344069 6.229021
7870 145 11.792360 6.280810
7880 145 12.240861 6.332838
7890 145 12.737980 6.309688
7900 145 13.256145 6.254796
7910 145 13.769259 6.197995
7920 145 14.239438 6.126397
7930 145 14.709407 6.054799
7940 145 15.179375 5.983201
7490 146 14.886197 7.935916
7500 146 14.519777 7.865272
7510 146 14.153358 7.794390
7520 146 13.818297 7.695347
7530 146 13.490814 7.589382
7540 146 13.159752 7.487474
7550 146 12.796279 7.422320
7560 146 12.432805 7.357166
7570 146 12.206976 7.282465
7580 146 11.996511 7.206333
7590 146 11.786046 7.205855
7600 146 11.607782 7.232824
7610 146 11.558323 7.239745
7620 146 11.508653 7.246905
7630 146 11.459194 7.253826
7640 146 11.255674 7.245712
7650 146 11.013639 7.233779
7660 146 10.742981 7.292489
7670 146 10.465167 7.368860
7680 146 10.168411 7.449527
7690 146 9.827247 7.539979
7700 146 9.486083 7.630431
7710 146 9.130608 7.714439
7720 146 8.753244 7.788424
7730 146 8.375880 7.862647
7740 146 7.987782 7.915391
7750 146 7.588951 7.946655
7760 146 7.190120 7.978158
7770 146 6.791288 8.009662
7780 146 6.385301 8.018969
7790 146 5.975946 8.018969
7800 146 5.566802 8.018969
7810 146 5.159342 8.016344
7820 146 4.767035 7.989137
7830 146 4.374728 7.961930
7840 146 3.982631 7.934961
7850 146 3.590324 7.907754
7860 146 3.178023 7.884365
7870 146 2.757093 7.862647
7880 146 2.336163 7.841168
7890 146 1.915232 7.819450
7900 146 1.521452 7.785083
7910 146 1.190601 7.721838
7920 146 0.859960 7.658593
7930 146 0.529109 7.595109
7940 146 0.198469 7.531865
7950 146 -0.132383 7.468620
7510 147 0.238036 4.187525
7520 147 0.820814 4.224278
7530 147 1.403592 4.261032
7540 147 1.967849 4.337642
7550 147 2.524108 4.431435
7560 147 3.080367 4.525228
7570 147 3.551388 4.693961
7580 147 4.013149 4.871047
7590 147 4.474699 5.048132
7600 147 4.934354 5.230945
7610 147 5.393589 5.415430
7620 147 5.823570 5.567933
7630 147 6.233977 5.699196
7640 147 6.623547 5.639292
7650 147 7.027220 5.478674
7660 147 7.541596 5.425453
7670 147 8.064392 5.361970
7680 147 8.599183 5.282257
7690 147 9.134186 5.202784
7700 147 9.757162 5.279155
7710 147 10.380139 5.355526
7720 147 10.974914 5.462445
7730 147 11.541486 5.600152
7740 147 12.108268 5.737859
7750 147 12.659476 5.680103
7760 147 13.216157 5.589651
7770 147 13.836397 5.401349
7780 147 14.421490 5.184168
7790 147 14.865782 4.852670
7800 147 15.310074 4.521171
7520 148 15.031418 7.782696
7530 148 14.652581 7.567902
7540 148 14.268061 7.360030
7550 148 13.831977 7.215163
7560 148 13.396104 7.070297
7570 148 12.949708 6.945000
7580 148 12.478476 6.865526
7590 148 12.054600 6.787723
7600 148 11.819510 6.717557
7610 148 11.587578 6.713500
7620 148 11.358802 6.775790
7630 148 11.123712 6.839990
7640 148 10.864209 6.911588
7650 148 10.604705 6.983186
7660 148 10.322472 7.056932
7670 148 9.949528 7.138553
7680 148 9.576794 7.220414
7690 148 9.203850 7.302274
7700 148 8.793022 7.306570
7710 148 8.365567 7.277692
7720 148 7.938323 7.248814
7730 148 7.506870 7.239029
7740 148 7.068681 7.258599
7750 148 6.630703 7.277931
7760 148 6.192725 7.297262
7770 148 5.786738 7.262418
7780 148 5.394221 7.204185
7790 148 5.001703 7.146190
7800 148 4.609186 7.088196
7810 148 4.251395 7.094163
7820 148 3.893605 7.100129
7830 148 3.535814 7.106096
7840 148 3.178023 7.112062
7850 148 2.812235 7.083662
7860 148 2.446446 7.055261
7870 148 2.080658 7.026860
7880 148 1.714870 6.998460
7890 148 1.389070 6.966957
7900 148 1.073372 6.934976
7910 148 0.757674 6.902757
7920 148 0.441977 6.870538
7930 148 0.126279 6.838558
7540 149 0.165847 9.631355
7550 149 0.190471 9.498183
7560 149 0.214885 9.365011
7570 149 0.239299 9.231600
7580 149 0.263713 9.098428
7590 149 0.178895 8.794614
7600 149 0.021047 8.376959
7630 150 0.042093 5.441443
7640 150 0.508063 5.535237
7650 150 0.974243 5.629030
7660 150 1.431163 5.718050
7670 150 1.852093 5.788216
7680 150 2.273023 5.858382
7690 150 2.693953 5.928548
7700 150 3.114884 5.995134
7710 150 3.535814 6.060766
7720 150 3.956744 6.126397
7730 150 4.377674 6.192029
7740 150 4.822598 6.255273
7750 150 5.273624 6.317564
7760 150 5.724651 6.380092
7770 150 6.175678 6.442621
7780 150 6.633860 6.496320
7790 150 7.096883 6.544052
7800 150 7.559907 6.591784
7810 150 8.019983 6.649539
7820 150 8.453331 6.796792
7830 150 8.886679 6.944284
7840 150 9.319816 7.091776
7850 150 9.701179 7.145713
7860 150 10.060232 7.159794
7870 150 10.533779 7.134257
7880 150 11.007325 7.108721
7890 150 11.469296 7.071490
7900 150 11.885386 6.988198
7910 150 12.301475 6.905144
7920 150 12.717565 6.821852
7930 150 13.133444 6.738559
7940 150 13.516911 6.658608
7950 150 13.896380 6.579135
7960 150 14.276059 6.499422
7970 150 14.655738 6.419949
7980 150 15.035417 6.340475
7630 151 0.324327 4.808518
7640 151 0.767145 4.956725
7650 151 1.209753 5.104933
7660 151 1.655729 5.218774
7670 151 2.104651 5.298248
7680 151 2.553573 5.377721
7690 151 2.978081 5.462207
7700 151 3.377965 5.551704
7710 151 3.777849 5.641202
7720 151 4.177732 5.730699
7730 151 4.601188 5.790364
7740 151 5.048427 5.820197
7750 151 5.495665 5.850029
7760 151 5.938273 5.882009
7770 151 6.370147 5.918763
7780 151 6.801811 5.955517
7790 151 7.233475 5.992270
7800 151 7.656300 6.040002
7810 151 8.065865 6.104440
7820 151 8.475430 6.169117
7830 151 8.884995 6.233555
7840 151 9.253519 6.357181
7850 151 9.604154 6.506343
7860 151 9.979835 6.636174
7870 151 10.412972 6.720421
7880 151 10.834954 6.722808
7890 151 11.249360 6.670541
7900 151 11.663766 6.618275
7910 151 12.080697 6.526630
7920 151 12.501628 6.375319
7930 151 12.922558 6.224248
7940 151 13.347276 6.075085
7950 151 13.777888 5.928548
7960 151 14.208289 5.782011
7970 151 14.638901 5.635713
7980 151 15.069302 5.489175
7680 152 15.162748 4.126667
7690 152 14.649634 4.148862
7700 152 14.136731 4.171296
7710 152 13.623617 4.193730
7720 152 13.152807 4.251008
7730 152 12.699886 4.323322
7740 152 12.247175 4.395636
7750 152 11.804778 4.449573
7760 152 11.377954 4.476303
7770 152 10.951131 4.502794
7780 152 10.524518 4.529286
7790 152 10.186511 4.585371
7800 152 9.870814 4.649093
7810 152 9.555116 4.712815
7820 152 9.267410 4.751001
7830 152 8.986860 4.782742
7840 152 8.706310 4.814484
7850 152 8.410607 4.967704
7860 152 8.110904 5.151472
7870 152 7.822357 5.329989
7880 152 7.576744 5.489175
7890 152 7.331131 5.648361
7900 152 7.075206 5.785591
7910 152 6.776977 5.835232
7920 152 6.478747 5.884873
7930 152 6.123482 5.853609
7940 152 5.753695 5.802058
7950 152 5.383908 5.750508
7960 152 5.006544 5.700389
7970 152 4.561410 5.663636
7980 152 4.116277 5.626882
7990 152 3.655148 5.680103
8000 152 3.178023 5.823299
8010 152 2.700899 5.966495
8020 152 2.239349 6.090598
8030 152 1.793163 6.195608
8040 152 1.346977 6.300619
8050 152 0.973822 6.474124
8060 152 0.600878 6.647869
8070 152 0.325800 6.873402
8080 152 0.075136 7.112062
7690 153 14.987852 4.876058
7700 153 14.474738 4.913289
7710 153 13.961834 4.950759
7720 153 13.448721 4.987990
7730 153 12.946761 4.997059
7740 153 12.445012 5.006367
7750 153 11.983673 5.027369
7760 153 11.582947 5.065793
7770 153 11.182432 5.104217
7780 153 10.790546 5.155052
7790 153 10.418654 5.234525
7800 153 10.046973 5.314238
7810 153 9.699495 5.364834
7820 153 9.409264 5.348366
7830 153 9.119032 5.331899
7840 153 8.845217 5.365550
7850 153 8.596447 5.473901
7860 153 8.357780 5.586071
7870 153 8.159101 5.711845
7880 153 7.960211 5.837857
7890 153 7.761532 5.963870
7900 153 7.498661 6.065061
7910 153 7.193066 6.149786
7920 153 6.887681 6.234510
7930 153 6.562302 6.286299
7940 153 6.217139 6.305392
7950 153 5.871977 6.324485
7960 153 5.461780 6.397992
7970 153 5.051794 6.471260
7980 153 4.641598 6.544768
7990 153 4.235821 6.622093
8000 153 3.870243 6.735218
8010 153 3.504875 6.848343
8020 153 3.139298 6.961229
8030 153 2.785085 7.090105
8040 153 2.457812 7.255974
8050 153 2.130328 7.421604
8060 153 1.803055 7.587472
8070 153 1.530923 7.817063
8080 153 1.282785 8.074100
8090 153 1.034436 8.331136
8100 153 0.786298 8.588173
8110 153 0.656441 8.807740
8120 153 0.556259 9.017999
8130 153 0.456078 9.228258
8140 153 0.355686 9.438518
7720 154 -0.100181 4.878206
7730 154 0.623819 4.973670
7740 154 1.347819 5.069134
7750 154 2.066978 5.171519
7760 154 2.741939 5.336194
7770 154 3.416691 5.500631
7780 154 4.094178 5.661010
7790 154 4.781767 5.804206
7800 154 5.469357 5.947402
7810 154 6.129796 6.069835
7820 154 6.682267 6.109691
7830 154 7.234738 6.149547
7840 154 7.769109 6.124488
7850 154 8.298850 6.083438
7860 154 8.828590 6.042150
7870 154 9.481453 5.796331
7880 154 10.147996 5.527838
7890 154 10.809067 5.260539
7900 154 11.464666 4.994434
7910 154 12.120265 4.728328
7920 154 12.877308 4.529763
7930 154 13.645505 4.338835
7940 154 14.400233 4.285853
7950 154 15.153488 4.248144
7720 155 15.299340 4.654821
7730 155 14.776966 4.592769
7740 155 14.254802 4.530956
7750 155 13.732427 4.469143
7760 155 13.190901 4.367474
7770 155 12.647269 4.261509
7780 155 12.103428 4.155306
7790 155 11.555166 4.058649
7800 155 10.996171 3.984187
7810 155 10.437175 3.909486
7820 155 9.879653 3.824523
7830 155 9.335811 3.645528
7840 155 8.792180 3.466534
7850 155 8.199300 3.329304
7860 155 7.585583 3.209974
7870 155 6.993756 3.128830
7880 155 6.453492 3.136706
7890 155 5.913438 3.144820
7900 155 5.377384 3.204008
7910 155 4.851221 3.383003
7920 155 4.325058 3.561998
7930 155 3.816153 3.657939
7940 155 3.309143 3.744811
7950 155 2.737730 3.828581
7960 155 2.138746 3.911157
7970 155 1.536395 3.991108
7980 155 0.905000 4.046238
7990 155 0.273605 4.101369
8000 155 -0.357791 4.156260
7780 156 0.105233 5.703969
7790 156 0.539212 5.786068
7800 156 0.973401 5.867928
7810 156 1.407380 5.950027
7820 156 1.858196 6.015659
7830 156 2.313012 6.077472
7840 156 2.768037 6.139046
7850 156 3.231271 6.246204
7860 156 3.698293 6.372933
7870 156 4.165315 6.499661
7880 156 4.588139 6.658608
7890 156 4.966977 6.849536
7900 156 5.345814 7.040464
7910 156 5.724651 7.231392
7920 156 6.109381 7.305376
7930 156 6.493901 7.379600
7940 156 6.882209 7.447856
7950 156 7.303139 7.465517
7960 156 7.724070 7.483417
7970 156 8.117850 7.471484
7980 156 8.470589 7.415399
7990 156 8.823539 7.359075
8000 156 9.176279 7.302990
8010 156 9.590053 7.204185
8020 156 10.003617 7.105380
8030 156 10.418654 7.006574
8040 156 10.845898 6.905144
8050 156 11.273353 6.803952
8060 156 11.700597 6.702760
8070 156 12.127421 6.576509
8080 156 12.554244 6.443815
8090 156 12.981067 6.311120
8100 156 13.405575 6.176277
8110 156 13.821665 6.031888
8120 156 14.237754 5.887737
8130 156 14.653844 5.743348
8140 156 15.069723 5.598959
7780 157 -0.080187 4.626420
7790 157 0.397358 4.718066
7800 157 0.875114 4.809950
7810 157 1.349292 4.903982
7820 157 1.793584 5.019016
7830 157 2.237876 5.133811
7840 157 2.669750 5.224024
7850 157 3.082893 5.277007
7860 157 3.496036 5.329989
7870 157 3.967688 5.466264
7880 157 4.464386 5.638099
7890 157 4.947614 5.821390
7900 157 5.376963 6.050503
7910 157 5.806311 6.279617
7920 157 6.239028 6.452645
7930 157 6.668166 6.585579
7940 157 7.054159 6.572452
7950 157 7.438468 6.539279
7960 157 7.819200 6.459805
7970 157 8.200352 6.378183
7980 157 8.581715 6.288686
7990 157 8.963288 6.199188
8000 157 9.344651 6.109691
8010 157 9.720121 6.051697
8020 157 10.095590 5.993702
8030 157 10.470850 5.935469
8040 157 10.860000 5.877952
8050 157 11.280930 5.821867
8060 157 11.701860 5.765782
8070 157 12.122790 5.709697
8080 157 12.568976 5.560773
8090 157 13.017898 5.401587
8100 157 13.467031 5.242640
8110 157 13.871334 5.116389
8120 157 14.270587 4.994195
8130 157 14.670050 4.871762
8140 157 15.069302 4.749330
7780 158 0.201415 4.824269
7790 158 0.682538 4.960783
7800 158 1.163662 5.097057
7810 158 1.623317 5.194431
7820 158 2.050982 5.232855
7830 158 2.478648 5.271279
7840 158 2.909680 5.332137
7850 158 3.348079 5.444785
7860 158 3.786688 5.557432
7870 158 4.225087 5.670080
7880 158 4.660750 5.849552
7890 158 5.095360 6.057424
7900 158 5.529760 6.265297
7910 158 5.938063 6.426154
7920 158 6.328896 6.555746
7930 158 6.719940 6.685100
7940 158 7.105302 6.799179
7950 158 7.442046 6.771733
7960 158 7.778790 6.744526
7970 158 8.115535 6.717319
7980 158 8.461960 6.655744
7990 158 8.814700 6.571498
8000 158 9.167650 6.487251
8010 158 9.531754 6.404913
8020 158 9.940478 6.329974
8030 158 10.349411 6.255035
8040 158 10.758345 6.179857
8050 158 11.159281 6.097042
8060 158 11.556850 6.010886
8070 158 11.954418 5.924730
8080 158 12.352408 5.830698
8090 158 12.753554 5.666738
8100 158 13.154701 5.502540
8110 158 13.555847 5.338581
8120 158 13.964570 5.223308
8130 158 14.374136 5.113764
8140 158 14.783701 5.004219
8150 158 15.193266 4.894435
7900 159 14.981327 4.982262
7910 159 14.436644 4.954339
7920 159 13.891960 4.926177
7930 159 13.347276 4.898254
7940 159 12.830374 4.977489
7950 159 12.320628 5.083454
7960 159 11.810881 5.189419
7970 159 11.301135 5.295622
7980 159 10.804647 5.398007
7990 159 10.339309 5.492278
8000 159 9.874181 5.586549
8010 159 9.408843 5.680819
8020 159 8.948976 5.776760
8030 159 8.494582 5.874372
8040 159 8.040188 5.971984
8050 159 7.585794 6.069596
8060 159 7.130137 6.154082
8070 159 6.662484 6.120908
8080 159 6.194620 6.087734
8090 159 5.726966 6.054560
8100 159 5.252999 6.001339
8110 159 4.772717 5.927832
8120 159 4.292436 5.854564
8130 159 3.812155 5.781056
8140 159 3.326401 5.705163
8150 159 2.837280 5.627837
8160 159 2.348159 5.550511
8170 159 1.858828 5.472947
8180 159 1.371391 5.420203
8190 159 0.883953 5.369845
8200 159 0.396516 5.319488
8210 159 -0.090921 5.269370
7990 160 14.899036 4.865796
8000 160 14.261537 4.935962
8010 160 13.623827 5.006128
8020 160 12.986329 5.076533
8030 160 12.389450 5.148369
8040 160 11.797201 5.220444
8050 160 11.205162 5.292758
8060 160 10.612914 5.364834
8070 160 10.062547 5.515667
8080 160 9.540383 5.719005
8090 160 9.018009 5.922343
8100 160 8.541306 6.105634
8110 160 8.069443 6.286538
8120 160 7.597790 6.467681
8130 160 7.170757 6.658608
8140 160 6.743934 6.849536
8150 160 6.316900 7.040464
8160 160 5.882079 7.197741
8170 160 5.439471 7.321128
8180 160 4.996652 7.444515
8190 160 4.571513 7.580790
8200 160 4.158159 7.725656
8210 160 3.744806 7.870762
8220 160 3.334399 7.946178
8230 160 2.924834 8.004172
8240 160 2.515269 8.062167
8250 160 2.116858 8.117297
8260 160 1.817366 8.144743
8270 160 1.517874 8.172189
8280 160 1.249531 8.264312
8290 160 1.012758 8.420872
8300 160 0.775985 8.577672
8310 160 0.582988 8.689603
8320 160 0.491857 8.697479
8330 160 0.400515 8.705594
8340 160 0.305174 8.704400
8350 160 0.199942 8.681966
8360 160 0.094709 8.659532
8370 160 -0.010523 8.637337
8150 161 9.706230 12.299333
8160 161 9.718437 11.850175
8170 161 9.730854 11.401017
8180 161 9.743272 10.951621
8190 161 9.755689 10.502463
8200 161 9.759899 10.041134
8210 161 9.731065 9.531118
8220 161 9.702442 9.021340
8230 161 9.297717 8.617528
8240 161 8.838272 8.339012
8250 161 8.355465 8.114433
8260 161 7.748904 7.988182
8270 161 7.130347 7.889377
8280 161 6.483799 7.855249
8290 161 5.837460 7.821120
8300 161 5.194910 7.771240
8310 161 4.556149 7.705370
8320 161 3.917598 7.639500
8330 161 3.303671 7.705609
8340 161 2.706160 7.859545
8350 161 2.108650 8.013480
8360 161 1.617845 8.194384
8370 161 1.233536 8.401780
8380 161 0.887952 8.639485
8390 161 0.697060 8.997474
8400 161 0.506379 9.355464
8410 161 0.315698 9.713454
8180 162 0.146063 4.256498
8190 162 0.765041 4.340744
8200 162 1.384019 4.424991
8210 162 2.003207 4.509238
8220 162 2.589352 4.654582
8230 162 3.161607 4.826178
8240 162 3.733862 4.997775
8250 162 4.323374 5.170565
8260 162 4.930566 5.345025
8270 162 5.537758 5.519485
8280 162 6.101384 5.551704
8290 162 6.660168 5.568172
8300 162 7.218953 5.584639
8310 162 7.724070 5.414236
8320 162 8.229186 5.243594
8330 162 8.734302 5.073191
8340 162 9.275408 4.929995
8350 162 9.852714 4.814007
8360 162 10.430019 4.698257
8370 162 11.007325 4.582268
8380 162 11.603573 4.614010
8390 162 12.200031 4.645990
8400 162 12.796279 4.677732
8410 162 13.394421 4.658878
8420 162 13.992562 4.640024
8430 162 14.590704 4.621170
8440 162 15.188846 4.602316
8190 163 0.369998 4.793959
8200 163 0.983924 4.883457
8210 163 1.596588 4.981069
8220 163 2.197887 5.151710
8230 163 2.799186 5.322114
8240 163 3.389120 5.494665
8250 163 3.952745 5.671750
8260 163 4.516160 5.848597
8270 163 5.078734 6.003726
8280 163 5.637729 6.070789
8290 163 6.196935 6.138091
8300 163 6.755930 6.205155
8310 163 7.319766 6.128545
8320 163 7.883392 6.051697
8330 163 8.450174 5.951221
8340 163 9.028953 5.755042
8350 163 9.607732 5.559103
8360 163 10.189247 5.420441
8370 163 10.774551 5.368414
8380 163 11.359854 5.316147
8390 163 11.948315 5.279632
8400 163 12.548982 5.305646
8410 163 13.149860 5.331660
8420 163 13.750738 5.357674
8430 163 14.351405 5.383688
8440 163 14.952283 5.409702
8250 164 14.841158 5.936901
8260 164 14.323624 5.982008
8270 164 13.805880 6.027115
8280 164 13.288346 6.072221
8290 164 12.799015 6.247398
8300 164 12.322101 6.477943
8310 164 11.844976 6.708727
8320 164 11.383637 6.891540
8330 164 10.929032 7.053829
8340 164 10.489792 7.213254
8350 164 10.112428 7.361462
8360 164 9.735064 7.509669
8370 164 9.333286 7.618259
8380 164 8.874893 7.635443
8390 164 8.416289 7.652388
8400 164 7.963789 7.664559
8410 164 7.517393 7.671719
8420 164 7.070996 7.679118
8430 164 6.639964 7.686039
8440 164 6.270177 7.692483
8450 164 5.900389 7.698926
8460 164 5.530602 7.705370
8470 164 5.131981 7.704893
8480 164 4.704316 7.697256
8490 164 4.276441 7.689380
8500 164 3.840357 7.674822
8510 164 3.391856 7.649763
8520 164 2.943144 7.624465
8530 164 2.494643 7.599405
8540 164 2.055402 7.494872
8550 164 1.622476 7.337118
8560 164 1.189759 7.179603
8570 164 0.756833 7.022087
8580 164 0.324116 6.864333
8590 164 -0.108810 6.706818
8270 165 14.938603 2.586118
8280 165 14.494943 3.225249
8290 165 14.051493 3.864618
8300 165 13.543430 4.391340
8310 165 12.938343 4.749330
8320 165 12.333255 5.107320
8330 165 11.788993 5.436432
8340 165 11.244730 5.765782
8350 165 10.694995 6.073415
8360 165 10.097274 6.187971
8370 165 9.499553 6.302528
8380 165 8.901411 6.455748
8390 165 8.302849 6.634742
8400 165 7.704286 6.813737
8410 165 7.122350 6.982947
8420 165 6.565249 7.137360
8430 165 6.008147 7.291773
8440 165 5.451046 7.446186
8450 165 4.918991 7.558833
8460 165 4.386935 7.671481
8470 165 3.855089 7.784367
8480 165 3.333767 7.903697
8490 165 2.828651 8.033289
8500 165 2.323535 8.162881
8510 165 1.818419 8.292473
8520 165 1.421692 8.453569
8530 165 1.037172 8.618005
8540 165 0.652442 8.782681
8550 165 0.305174 9.021340
8560 165 -0.042093 9.260000
8300 166 13.021266 13.479744
8310 166 13.093666 13.099559
8320 166 13.165855 12.719135
8330 166 13.238255 12.338712
8340 166 13.270246 11.955424
8350 166 13.302026 11.572136
8360 166 13.334017 11.188849
8370 166 13.335069 10.806516
8380 166 13.323073 10.424660
8390 166 13.311076 10.042804
8400 166 13.277612 9.667393
8410 166 13.158279 9.317279
8420 166 13.038945 8.967165
8430 166 12.904247 8.607266
8440 166 12.707252 8.206795
8450 166 12.510467 7.806562
8460 166 12.306526 7.407046
8470 166 12.038604 7.016598
8480 166 11.770682 6.626151
8490 166 11.542748 6.164105
8500 166 11.319024 5.694184
8510 166 11.095510 5.224502
8520 166 10.860631 4.795391
8530 166 10.621332 4.383942
8540 166 10.381823 3.972492
8550 166 10.216608 3.798748
8560 166 10.070335 3.684669
8570 166 9.992883 3.592546
8580 166 9.984675 3.522380
8590 166 9.976467 3.452214
8600 166 9.968259 3.382048
8610 166 9.960051 3.311643
8620 166 9.911012 3.099475
8630 166 9.801360 2.673944
8640 166 9.696128 2.244834
8650 166 9.633409 1.782789
8660 166 9.570690 1.320743
8670 166 9.508182 0.858698
8680 166 9.445464 0.396653
8690 166 9.382745 -0.065393
8310 167 14.185348 12.314846
8320 167 14.156304 11.870461
8330 167 14.127260 11.426077
8340 167 14.095480 10.980021
8350 167 14.039496 10.518453
8360 167 13.983302 10.057124
8370 167 13.925424 9.594124
8380 167 13.851551 9.116804
8390 167 13.777467 8.639485
8400 167 13.703594 8.162165
8410 167 13.607832 7.671481
8420 167 13.479027 7.161226
8430 167 13.350433 6.650733
8440 167 13.221839 6.140239
8450 167 13.043154 5.633087
8460 167 12.851841 5.126890
8470 167 12.660529 4.620692
8480 167 12.465007 4.197787
8490 167 12.265696 3.858652
8500 167 12.143837 3.670588
8510 167 12.073752 3.583000
8520 167 12.003457 3.495650
8530 167 11.864550 3.460567
8540 167 11.679551 3.460567
8550 167 11.494552 3.460567
8560 167 11.296504 3.432644
8570 167 11.067729 3.339089
8580 167 10.838953 3.245773
8590 167 10.761081 3.254604
8600 167 10.682998 3.263434
8610 167 10.611440 3.198041
8620 167 10.554825 2.959382
8630 167 10.498210 2.720722
8640 167 10.466430 2.323353
8650 167 10.445383 1.857967
8660 167 10.414445 1.265852
8670 167 10.379508 0.619561
8680 167 10.344360 -0.026969
8310 168 15.052886 7.959543
8320 168 14.677416 7.843554
8330 168 14.301946 7.727327
8340 168 13.926476 7.611338
8350 168 13.535643 7.504657
8360 168 13.121447 7.412296
8370 168 12.707252 7.319935
8380 168 12.297476 7.236165
8390 168 11.897593 7.172443
8400 168 11.497709 7.108959
8410 168 11.089196 7.072206
8420 168 10.660479 7.098697
8430 168 10.231761 7.125427
8440 168 9.828089 7.217311
8450 168 9.441254 7.352631
8460 168 9.054630 7.488190
8470 168 8.667795 7.623510
8480 168 8.278856 7.747852
8490 168 7.889916 7.870762
8500 168 7.500766 7.993671
8510 168 7.125086 8.055007
8520 168 6.758245 8.075532
8530 168 6.391615 8.096056
8540 168 6.023091 8.113001
8550 168 5.639202 8.098920
8560 168 5.255524 8.084839
8570 168 4.871636 8.070997
8580 168 4.470068 8.085317
8590 168 4.060714 8.111808
8600 168 3.651570 8.138299
8610 168 3.240531 8.162165
8620 168 2.813919 8.162165
8630 168 2.387306 8.162165
8640 168 1.960693 8.162165
8650 168 1.567544 8.225887
8660 168 1.224696 8.384835
8670 168 0.881638 8.544021
8680 168 0.665070 8.792227
8690 168 0.502801 9.078619
8700 168 0.340322 9.365011
8710 168 0.178053 9.651402
8300 169 15.113079 3.800180
8310 169 14.578708 4.130724
8320 169 14.044547 4.461029
8330 169 13.510387 4.790618
8340 169 12.977279 5.116866
8350 169 12.444171 5.443114
8360 169 11.917376 5.755520
8370 169 11.416890 6.013511
8380 169 10.916404 6.271502
8390 169 10.415708 6.529493
8400 169 9.924482 6.708727
8410 169 9.442517 6.808725
8420 169 8.960342 6.908724
8430 169 8.500475 7.034259
8440 169 8.073442 7.197980
8450 169 7.646408 7.361700
8460 169 7.219585 7.525182
8470 169 6.808546 7.696779
8480 169 6.399402 7.869091
8490 169 5.990047 8.041403
8500 169 5.575010 8.185076
8510 169 5.146714 8.261925
8520 169 4.718207 8.338535
8530 169 4.343789 8.418486
8540 169 4.023462 8.501539
8550 169 3.702923 8.584354
8560 169 3.380491 8.666453
8570 169 3.058269 8.748314
8580 169 2.736046 8.830413
8590 169 2.464126 8.770748
8600 169 2.192415 8.711083
8610 169 2.031409 8.716811
8620 169 1.944277 8.766213
8630 169 1.857144 8.815616
8640 169 1.810631 8.836140
8650 169 1.781798 8.844494
8660 169 1.752753 8.852608
8670 169 1.723709 8.860961
8680 169 1.694665 8.869075
8690 169 1.665621 8.877429
8700 169 1.481885 8.741392
8710 169 1.280891 8.589605
8720 169 1.095471 8.560727
8730 169 0.916576 8.584593
8740 169 0.907526 8.581729
8750 169 0.971296 8.567171
8760 169 1.035067 8.552613
8770 169 1.071688 8.543066
8780 169 1.067058 8.540918
8790 169 1.062638 8.538532
8800 169 1.058219 8.536384
8810 169 1.053799 8.534236
8820 169 1.049379 8.531849
8830 169 1.044959 8.529701
8840 169 1.040540 8.527553
8850 169 1.036120 8.525167
8860 169 1.031490 8.523019
8870 169 1.027070 8.520632
8880 169 1.022650 8.518484
8890 169 1.018230 8.516336
8900 169 1.013810 8.513950
8910 169 1.009391 8.511802
8920 169 1.004971 8.509415
8930 169 1.000551 8.507267
8940 169 0.995921 8.505119
8950 169 0.991501 8.502733
8960 169 0.987081 8.500585
8970 169 0.982662 8.498198
8980 169 0.978242 8.496050
8990 169 0.973822 8.493902
9000 169 0.969402 8.491516
9010 169 0.964983 8.489368
9020 169 0.960352 8.487220
9030 169 0.955933 8.484833
9040 169 0.951513 8.482685
9050 169 0.947093 8.480299
9060 169 0.942673 8.478151
9070 169 0.938253 8.476003
9080 169 0.933834 8.473616
9090 169 0.929203 8.471468
9100 169 0.924784 8.469082
9110 169 0.920364 8.466934
9120 169 0.915944 8.464786
9130 169 0.911524 8.462399
9140 169 0.907105 8.460251
9150 169 0.902685 8.457865
9160 169 0.898265 8.455717
9170 169 0.893635 8.453569
9180 169 0.889215 8.451182
9190 169 0.884795 8.449034
9200 169 0.887110 8.453330
9210 169 0.891109 8.459297
9220 169 0.895108 8.465263
9230 169 0.898896 8.471230
9240 169 0.902895 8.477196
9250 169 0.906894 8.483163
9260 169 0.910893 8.489368
9270 169 0.914892 8.495334
9280 169 0.918891 8.501301
9290 169 0.922679 8.507267
9300 169 0.926678 8.513234
9310 169 0.930677 8.519200
9320 169 0.934676 8.525167
9330 169 0.938674 8.531133
9340 169 0.942463 8.537100
9350 169 0.946462 8.543066
9360 169 0.950460 8.549033
9370 169 0.954459 8.554999
9380 169 0.958458 8.560966
9390 169 0.962246 8.567171
9400 169 0.966245 8.573137
9410 169 0.970244 8.579104
9420 169 0.974243 8.585070
9430 169 0.978242 8.591037
9440 169 0.982030 8.597003
9450 169 0.986029 8.602970
9460 169 0.990028 8.608936
9470 169 0.994027 8.614903
9480 169 0.998026 8.620869
9490 169 1.002024 8.626836
9500 169 1.005813 8.632802
9510 169 1.009812 8.638769
9520 169 1.008549 8.641394
9530 169 1.006655 8.643542
9540 169 1.004760 8.645690
9550 169 1.002866 8.647838
9560 169 1.000972 8.649986
9570 169 0.999078 8.652134
9580 169 0.997184 8.654282
9590 169 0.995290 8.656430
9600 169 0.993395 8.658578
9610 169 0.991501 8.660725
9620 169 0.989607 8.662873
9630 169 0.987713 8.665021
9640 169 0.985819 8.667169
9650 169 0.983924 8.669317
9660 169 0.982030 8.671465
9670 169 0.980136 8.673613
9680 169 0.978242 8.675761
9690 169 0.976348 8.677909
9700 169 0.974453 8.680057
9710 169 0.972559 8.682205
9720 169 0.970665 8.684353
9730 169 0.968771 8.686501
9740 169 0.966877 8.688649
9750 169 0.964983 8.690797
9760 169 0.963088 8.692945
9770 169 0.961194 8.695092
9780 169 0.959300 8.697240
9790 169 0.957406 8.699388
9800 169 0.955512 8.701536
9810 169 0.953617 8.703684
9820 169 0.951723 8.705832
9830 169 0.949829 8.707980
9840 169 0.947935 8.710128
9850 169 0.946041 8.712276
9860 169 0.944146 8.714424
9870 169 0.942252 8.716572
9880 169 0.940358 8.718720
9890 169 0.938464 8.720868
9900 169 0.936570 8.723016
9910 169 0.934676 8.725164
9920 169 0.932781 8.727312
9930 169 0.930887 8.729459
9940 169 0.928993 8.731607
9950 169 0.927099 8.733755
9960 169 0.925205 8.735903
9970 169 0.923310 8.738051
9980 169 0.921416 8.740199
9990 169 0.919522 8.742347
10000 169 0.917628 8.744495
10010 169 0.915734 8.746643
10020 169 0.913840 8.748791
10030 169 0.911945 8.750939
10040 169 0.910051 8.753087
10050 169 0.908157 8.755235
10060 169 0.906263 8.757383
10070 169 0.904369 8.759531
10080 169 0.902474 8.761679
10090 169 0.900580 8.763827
10100 169 0.898686 8.765974
10110 169 0.896792 8.768122
10120 169 0.894898 8.770270
10130 169 0.893003 8.772418
10140 169 0.891109 8.774566
10150 169 0.889215 8.776714
10160 169 0.887321 8.778862
10170 169 0.885427 8.781010
10180 169 0.883533 8.783158
10190 169 0.881638 8.785306
10200 169 0.879744 8.787454
10210 169 0.877850 8.789602
10220 169 0.875956 8.791750
10230 169 0.874062 8.793898
10240 169 0.872167 8.796046
10250 169 0.870273 8.798194
10260 169 0.868379 8.800341
10270 169 0.866485 8.802489
10280 169 0.864591 8.804637
10290 169 0.844386 8.805592
10300 169 0.658124 8.796523
10310 169 0.471863 8.787215
10320 169 0.298860 8.849505
10330 169 0.138907 8.983155
10340 169 -0.021047 9.116804
8310 170 -0.081240 5.438102
8320 170 0.399884 5.608505
8330 170 0.881007 5.778908
8340 170 1.361920 5.949550
8350 170 1.841991 6.105872
8360 170 2.317221 6.205871
8370 170 2.792451 6.306108
8380 170 3.269786 6.394651
8390 170 3.767325 6.380092
8400 170 4.264865 6.365773
8410 170 4.762194 6.351215
8420 170 5.209011 6.294652
8430 170 5.642991 6.227589
8440 170 6.077180 6.160287
8450 170 6.532416 6.071028
8460 170 7.001964 5.967211
8470 170 7.471511 5.863155
8480 170 7.941059 5.759100
8490 170 8.444913 5.686070
8500 170 8.963499 5.626405
8510 170 9.482295 5.566740
8520 170 10.000250 5.626882
8530 170 10.518415 5.700389
8540 170 11.036369 5.773658
8550 170 11.554535 5.847165
8560 170 12.117739 5.821390
8570 170 12.680733 5.795615
8580 170 13.243938 5.769839
8590 170 13.807353 5.736427
8600 170 14.370979 5.685115
8610 170 14.934815 5.634042
8620 170 15.498440 5.582969
8340 171 15.074353 7.564561
8350 171 14.602911 7.335448
8360 171 14.131469 7.106334
8370 171 13.639612 6.893211
8380 171 13.117027 6.703954
8390 171 12.594443 6.514697
8400 171 12.066596 6.380092
8410 171 11.533488 6.300619
8420 171 11.000380 6.221145
8430 171 10.486003 6.235226
8440 171 9.990358 6.342861
8450 171 9.494712 6.450736
8460 171 9.013379 6.550496
8470 171 8.553723 6.638561
8480 171 8.094067 6.726388
8490 171 7.634411 6.814453
8500 171 7.194750 6.923043
8510 171 6.768347 7.045476
8520 171 6.341945 7.167670
8530 171 5.915753 7.290102
8540 171 5.496717 7.347858
8550 171 5.081049 7.377690
8560 171 4.665591 7.407523
8570 171 4.249922 7.437355
8580 171 3.877399 7.442367
8590 171 3.523396 7.436878
8600 171 3.169394 7.431628
8610 171 2.815392 7.426138
8620 171 2.436344 7.443560
8630 171 1.998366 7.514442
8640 171 1.560388 7.585563
8650 171 1.122200 7.656445
8660 171 0.736628 7.849282
8670 171 0.385783 8.123264
8680 171 0.035148 8.397245
8470 172 0.027781 7.324231
8480 172 0.415458 7.217550
8490 172 0.803135 7.110869
8500 172 1.190812 7.003949
8510 172 1.578488 6.897268
8520 172 1.999419 6.848343
8530 172 2.420349 6.799656
8540 172 2.841279 6.750731
8550 172 3.262209 6.702044
8560 172 3.716814 6.717557
8570 172 4.193938 6.775790
8580 172 4.670852 6.834262
8590 172 5.147977 6.892495
8600 172 5.631625 6.943807
8610 172 6.175046 6.932829
8620 172 6.718257 6.921612
8630 172 7.261467 6.910633
8640 172 7.804888 6.899416
8650 172 8.346415 6.851923
8660 172 8.887731 6.794883
8670 172 9.428837 6.738082
8680 172 9.969943 6.681281
8690 172 10.420969 6.648346
8700 172 10.811803 6.631401
8710 172 11.202847 6.614218
8720 172 11.457721 6.658608
8730 172 11.678709 6.718273
8740 172 11.819089 6.630208
8750 172 11.939475 6.505150
8760 172 12.234968 6.364341
8770 172 12.605808 6.216610
8780 172 13.109030 6.126636
8790 172 13.700226 6.075563
8800 172 14.291633 6.024489
8810 172 14.882830 5.973416
8820 172 15.474237 5.922104
8480 173 0.267501 6.450736
8490 173 0.634131 6.273650
8500 173 1.000762 6.096565
8510 173 1.391385 5.944061
8520 173 1.818419 5.828072
8530 173 2.245452 5.712084
8540 173 2.672275 5.596334
8550 173 3.142455 5.623302
8560 173 3.617264 5.666022
8570 173 4.092284 5.708981
8580 173 4.567093 5.751701
8590 173 5.069894 5.831175
8600 173 5.572695 5.910887
8610 173 6.075496 5.990361
8620 173 6.578297 6.038093
8630 173 7.080888 6.038093
8640 173 7.583689 6.038093
8650 173 8.086490 6.038093
8660 173 8.613074 5.959574
8670 173 9.145340 5.861246
8680 173 9.677607 5.762918
8690 173 10.177040 5.680819
8700 173 10.627015 5.623302
8710 173 11.076989 5.565785
8720 173 11.402158 5.542635
8730 173 11.602731 5.553852
8740 173 11.810671 5.572706
8750 173 12.029765 5.602539
8760 173 12.249069 5.632371
8770 173 12.838372 5.479629
8780 173 13.427674 5.326887
8790 173 13.997614 5.264358
8800 173 14.547980 5.291804
8810 173 15.098346 5.319250
8710 174 0.093447 7.326856
8720 174 0.244560 7.207526
8730 174 0.395885 7.088196
8740 174 0.547209 6.968866
8750 174 0.560258 6.968866
8760 174 0.573307 6.968866
8770 174 0.586356 6.968866
8780 174 0.599405 6.968866
8790 174 0.612453 6.968866
8800 174 0.625502 6.968866
8810 174 0.638551 6.968866
8820 174 0.651810 6.968866
8830 174 0.664859 6.968866
8840 174 0.677908 6.968866
8850 174 0.690957 6.968866
8860 174 0.704006 6.968866
8870 174 0.717055 6.968866
8880 174 0.730103 6.968866
8890 174 0.736628 6.964570
8900 174 0.736628 6.955979
8910 174 0.736628 6.947387
8920 174 0.736628 6.938556
8930 174 0.736628 6.929965
8940 174 0.736628 6.921373
8950 174 0.736628 6.912781
8960 174 0.736628 6.904189
8970 174 0.736628 6.895598
8980 174 0.736628 6.887006
8990 174 0.736628 6.878175
9000 174 0.736628 6.869584
9010 174 0.736628 6.860992
9020 174 0.736628 6.852400
9030 174 0.736628 6.843808
9040 174 0.736628 6.835217
9050 174 0.736628 6.826625
9060 174 0.736628 6.817794
9070 174 0.736628 6.809203
9080 174 0.736628 6.800611
9090 174 0.736628 6.792019
9100 174 0.736628 6.783427
9110 174 0.736628 6.774836
9120 174 0.736628 6.766244
9130 174 0.736628 6.757414
9140 174 0.601930 6.668155
9150 174 0.377364 6.524959
9160 174 0.153008 6.381763
8800 175 0.015364 4.924745
8810 175 0.493120 4.840975
8820 175 0.971086 4.756967
8830 175 1.448842 4.673198
8840 175 1.935016 4.621647
8850 175 2.455076 4.698734
8860 175 2.974924 4.776060
8870 175 3.494984 4.853147
8880 175 3.982421 5.001355
8890 175 4.461860 5.166985
8900 175 4.941300 5.332615
8910 175 5.430000 5.484402
8920 175 5.956163 5.579866
8930 175 6.482325 5.675330
8940 175 7.002806 5.764589
8950 175 7.500766 5.828550
8960 175 7.998726 5.892510
8970 175 8.496687 5.956710
8980 175 8.993595 6.012556
8990 175 9.482295 5.995373
9000 175 9.970785 5.978428
9010 175 10.454433 5.992509
9020 175 10.926296 6.079381
9030 175 11.398369 6.166015
9040 175 11.870232 6.252887
9050 175 12.352618 6.531403
9060 175 12.834794 6.809680
9070 175 13.296133 6.915168
9080 175 13.743372 6.905144
9090 175 14.194398 6.866242
9100 175 14.661210 6.710398
9110 175 15.127811 6.554791
8810 176 0.283707 5.447649
8820 176 0.860592 5.359344
8830 176 1.437477 5.270802
8840 176 1.988895 5.256482
8850 176 2.515058 5.316147
8860 176 3.041221 5.375812
8870 176 3.577907 5.467219
8880 176 4.139217 5.633087
8890 176 4.700317 5.798717
8900 176 5.261628 5.964586
8910 176 5.781897 6.079142
8920 176 6.284699 6.171981
8930 176 6.787500 6.264820
8940 176 7.290511 6.351692
8950 176 7.795628 6.385820
8960 176 8.300744 6.419949
8970 176 8.805860 6.454077
8980 176 9.282143 6.508491
8990 176 9.739062 6.576748
9000 176 10.196193 6.645005
9010 176 10.656059 6.727820
9020 176 11.142233 6.941659
9030 176 11.628618 7.155737
9040 176 12.108689 7.358598
9050 176 12.564767 7.517784
9060 176 13.020845 7.676970
9070 176 13.476712 7.835917
9080 176 13.936158 7.797970
9090 176 14.397918 7.628760
9100 176 14.859468 7.459312
9110 176 15.321229 7.289864
8880 177 14.762654 4.139077
8890 177 14.191452 4.207334
8900 177 13.620039 4.275352
8910 177 13.048837 4.343608
8920 177 12.505837 4.422366
8930 177 12.028712 4.525706
8940 177 11.551798 4.629284
8950 177 11.089617 4.721645
8960 177 10.661952 4.788948
8970 177 10.234497 4.856011
8980 177 9.808937 4.913767
8990 177 9.399582 4.887275
9000 177 9.002645 4.916392
9010 177 8.634331 5.075578
9020 177 8.266017 5.234525
9030 177 7.981468 5.415668
9040 177 7.706180 5.599436
9050 177 7.417632 5.741200
9060 177 7.098146 5.785352
9070 177 6.778450 5.829504
9080 177 6.473065 5.857666
9090 177 6.176730 5.875566
9100 177 5.880606 5.893226
9110 177 5.604054 5.881771
9120 177 5.329818 5.867451
9130 177 5.055582 5.852893
9140 177 4.857535 5.832846
9150 177 4.710209 5.808980
9160 177 4.562884 5.785114
9170 177 4.469016 5.766498
9180 177 4.410717 5.751224
9190 177 4.352629 5.735950
9200 177 4.294330 5.720675
9210 177 4.236242 5.705401
9220 177 4.202567 5.707072
9230 177 4.171629 5.710652
9240 177 4.140691 5.714232
9250 177 4.109542 5.717573
9260 177 4.078603 5.721153
9270 177 4.047665 5.724733
9280 177 4.022409 5.726165
9290 177 4.047665 5.708981
9300 177 4.072921 5.691798
9310 177 4.098177 5.674614
9320 177 4.123432 5.657431
9330 177 4.148688 5.640247
9340 177 4.173944 5.623064
9350 177 4.199200 5.605880
9360 177 4.224456 5.588697
9370 177 4.249711 5.571513
9380 177 4.274967 5.554330
9390 177 4.300223 5.537146
9400 177 4.325479 5.519963
9410 177 4.326321 5.509939
9420 177 4.310957 5.505166
9430 177 4.295593 5.500154
9440 177 4.280229 5.495142
9450 177 4.265075 5.490130
9460 177 4.249711 5.485118
9470 177 4.234348 5.480106
9480 177 4.218984 5.475333
9490 177 4.203620 5.470321
9500 177 4.188256 5.465309
9510 177 4.172892 5.460298
9520 177 4.157528 5.455286
9530 177 4.142164 5.450274
9540 177 4.126800 5.445501
9550 177 4.111436 5.440489
9560 177 4.096072 5.435477
9570 177 4.080918 5.430465
9580 177 4.065555 5.425453
9590 177 4.050191 5.420441
9600 177 4.017568 5.421157
9610 177 3.959059 5.429988
9620 177 3.900550 5.438818
9630 177 3.842251 5.447649
9640 177 3.783742 5.456479
9650 177 3.725232 5.465309
9660 177 3.429529 5.465309
9670 177 3.133825 5.465309
9680 177 2.838332 5.465309
9690 177 2.542629 5.465309
9700 177 2.191994 5.425453
9710 177 1.827679 5.375573
9720 177 1.463153 5.325693
9730 177 1.098838 5.275814
9740 177 0.734523 5.225934
9750 177 0.369998 5.176054
9760 177 0.005683 5.126174
8900 178 14.694463 4.472246
8910 178 14.029183 4.633819
8920 178 13.363903 4.795630
8930 178 12.730614 4.925222
8940 178 12.145100 5.007321
8950 178 11.559796 5.089420
8960 178 11.012376 5.156961
8970 178 10.616702 5.166507
8980 178 10.221028 5.176054
8990 178 9.846189 5.200636
9000 178 9.479980 5.231900
9010 178 9.118190 5.316386
9020 178 8.762504 5.481061
9030 178 8.407029 5.645498
9040 178 8.067338 5.819719
9050 178 7.743432 6.003249
9060 178 7.419737 6.186778
9070 178 7.069313 6.335463
9080 178 6.716152 6.480568
9090 178 6.362150 6.603955
9100 178 6.002675 6.534267
9110 178 5.642991 6.464578
9120 178 5.364335 6.423767
9130 178 5.120195 6.395128
9140 178 4.889104 6.361716
9150 178 4.709788 6.308494
9160 178 4.530472 6.255512
9170 178 4.441866 6.226396
9180 178 4.444181 6.221145
9190 178 4.446496 6.215894
9200 178 4.448811 6.210644
9210 178 4.451127 6.205393
9220 178 4.453442 6.200382
9230 178 4.455757 6.195131
9240 178 4.458072 6.189881
9250 178 4.460387 6.184630
9260 178 4.462702 6.179380
9270 178 4.465017 6.174129
9280 178 4.467332 6.168879
9290 178 4.469648 6.163628
9300 178 4.471963 6.158377
9310 178 4.474278 6.153127
9320 178 4.476593 6.148115
9330 178 4.478908 6.142865
9340 178 4.481223 6.137614
9350 178 4.483538 6.132364
9360 178 4.485853 6.127113
9370 178 4.487958 6.121863
9380 178 4.490273 6.116612
9390 178 4.492588 6.111361
9400 178 4.494903 6.106111
9410 178 4.497218 6.101099
9420 178 4.499534 6.095849
9430 178 4.501849 6.090598
9440 178 4.499323 6.085825
9450 178 4.453652 6.085825
9460 178 4.407771 6.085825
9470 178 4.362100 6.085825
9480 178 4.316429 6.085825
9490 178 4.287806 6.082722
9500 178 4.276651 6.076279
9510 178 4.265496 6.069835
9520 178 4.254131 6.063630
9530 178 4.242977 6.057186
9540 178 4.231822 6.050742
9550 178 4.220457 6.044537
9560 178 4.209302 6.038093
9570 178 4.198148 6.031649
9580 178 4.186782 6.025444
9590 178 4.175628 6.019000
9600 178 4.164473 6.012556
9610 178 4.153108 6.006351
9620 178 4.141953 5.999907
9630 178 4.130799 5.993464
9640 178 4.030828 5.986304
9650 178 3.842041 5.977951
9660 178 3.653464 5.969836
9670 178 3.343870 5.949073
9680 178 2.953667 5.919956
9690 178 2.563465 5.890840
9700 178 2.173473 5.861723
9710 178 1.808106 5.805161
9720 178 1.467784 5.720914
9730 178 1.127251 5.636667
9740 178 0.788823 5.562683
9750 178 0.468916 5.581775
9760 178 0.149009 5.600868
9110 179 0.137855 10.109152
9120 179 0.290863 9.921088
9130 179 0.443871 9.733024
9140 179 0.596879 9.544960
9150 179 0.715581 9.355464
9160 179 0.799767 9.164536
9170 179 0.883953 8.973608
9180 179 1.069794 8.834470
9190 179 1.357500 8.746882
9200 179 1.645206 8.659294
9210 179 1.919652 8.545691
9220 179 2.180839 8.405837
9230 179 2.442027 8.265744
9240 179 2.707423 8.086271
9250 179 2.975135 7.880069
9260 179 3.206015 7.696779
9270 179 3.381543 7.547616
9280 179 3.556860 7.398454
9290 179 3.542128 7.381748
9300 179 3.527606 7.365280
9310 179 3.512873 7.348574
9320 179 3.498351 7.332106
9330 179 3.483618 7.315400
9340 179 3.469096 7.298933
9350 179 3.454364 7.282226
9360 179 3.439631 7.265520
9370 179 3.425109 7.249053
9380 179 3.410377 7.232347
9390 179 3.395855 7.215879
9400 179 3.304302 7.088196
9410 179 3.135930 6.849536
9420 179 2.967558 6.610876
9430 179 2.605769 6.357181
9440 179 2.243979 6.103724
9450 179 1.882400 5.850029
9460 179 1.396226 5.663158
9470 179 0.879113 5.492517
9480 179 0.362000 5.322114
9490 179 -0.155113 5.151710
9180 180 0.302017 4.111392
9190 180 0.779773 4.124280
9200 180 1.257739 4.137168
9210 180 1.735495 4.150055
9220 180 2.206937 4.228097
9230 180 2.676906 4.322606
9240 180 3.146664 4.416877
9250 180 3.616632 4.511148
9260 180 4.047455 4.694200
9270 180 4.439341 4.965794
9280 180 4.831227 5.237389
9290 180 5.221429 5.445739
9300 180 5.610579 5.612085
9310 180 5.999518 5.778431
9320 180 6.395824 5.892272
9330 180 6.809388 5.883919
9340 180 7.222742 5.875327
9350 180 7.645987 5.833561
9360 180 8.078914 5.758622
9370 180 8.511840 5.683444
9380 180 8.944767 5.608505
9390 180 9.433888 5.671750
9400 180 9.922799 5.734756
9410 180 10.411919 5.798001
9420 180 10.876205 5.883441
9430 180 11.324286 5.983440
9440 180 11.772366 6.083438
9450 180 12.204240 6.161719
9460 180 12.619698 6.218281
9470 180 13.034946 6.274843
9480 180 13.450404 6.331406
9490 180 13.854918 6.360761
9500 180 14.254802 6.378660
9510 180 14.654686 6.396560
9520 180 15.054569 6.414459
9210 181 0.147326 4.081083
9220 181 0.579410 4.093732
9230 181 1.011285 4.106142
9240 181 1.443370 4.118791
9250 181 1.881348 4.137168
9260 181 2.343529 4.178694
9270 181 2.805500 4.220221
9280 181 3.267681 4.261748
9290 181 3.729863 4.303036
9300 181 4.153739 4.437402
9310 181 4.552150 4.633341
9320 181 4.950350 4.829520
9330 181 5.328556 5.103024
9340 181 5.701710 5.395859
9350 181 6.066657 5.578673
9360 181 6.426131 5.687979
9370 181 6.804968 5.769123
9380 181 7.261046 5.737382
9390 181 7.717124 5.705640
9400 181 8.163731 5.673659
9410 181 8.573296 5.641440
9420 181 8.982861 5.609221
9430 181 9.392426 5.577002
9440 181 9.839033 5.583446
9450 181 10.322472 5.628553
9460 181 10.805910 5.673659
9470 181 11.289559 5.718766
9480 181 11.726905 5.758861
9490 181 12.152676 5.797763
9500 181 12.578447 5.836664
9510 181 13.004218 5.875566
9520 181 13.429989 5.913035
9530 181 13.855550 5.949311
9540 181 14.280900 5.985588
9550 181 14.706460 6.022103
9560 181 15.132020 6.058379
9220 182 0.147326 4.200412
9230 182 0.582778 4.216880
9240 182 1.018230 4.233348
9250 182 1.453472 4.245042
9260 182 1.887662 4.215209
9270 182 2.321641 4.185377
9280 182 2.755830 4.155544
9290 182 3.192545 4.246235
9300 182 3.629681 4.350291
9310 182 4.066817 4.454347
9320 182 4.503953 4.558402
9330 182 4.807865 4.911857
9340 182 5.111987 5.265551
9350 182 5.441365 5.545976
9360 182 5.829884 5.656237
9370 182 6.218402 5.766498
9380 182 6.645436 5.787500
9390 182 7.088886 5.770555
9400 182 7.532336 5.753372
9410 182 8.004199 5.720914
9420 182 8.479429 5.687024
9430 182 8.954449 5.652896
9440 182 9.415788 5.652896
9450 182 9.856712 5.703969
9460 182 10.297847 5.755042
9470 182 10.738772 5.806354
9480 182 11.172330 5.850984
9490 182 11.576633 5.869838
9500 182 11.980937 5.888692
9510 182 12.385240 5.907546
9520 182 12.787018 5.918763
9530 182 13.184376 5.918763
9540 182 13.581945 5.918763
9550 182 13.979514 5.918763
9560 182 14.377082 5.918763
9570 182 14.774651 5.918763
9580 182 15.172219 5.918763
9300 183 15.104660 6.547632
9310 183 14.717615 6.624719
9320 183 14.330569 6.701806
9330 183 13.943734 6.778654
9340 183 13.527224 6.744049
9350 183 13.098296 6.661472
9360 183 12.667264 6.581521
9370 183 12.219183 6.527823
9380 183 11.771103 6.473886
9390 183 11.323023 6.419949
9400 183 10.895147 6.451690
9410 183 10.467061 6.483671
9420 183 10.039186 6.515413
9430 183 9.629621 6.624957
9440 183 9.220056 6.734741
9450 183 8.810490 6.844286
9460 183 8.399242 6.930442
9470 183 7.983783 6.961945
9480 183 7.568536 6.993448
9490 183 7.153078 7.024713
9500 183 6.727307 7.049056
9510 183 6.291434 7.066001
9520 183 5.855350 7.083184
9530 183 5.419477 7.100129
9540 183 5.001072 7.112062
9550 183 4.624129 7.112062
9560 183 4.246975 7.112062
9570 183 3.869822 7.112062
9580 183 3.492879 7.112062
9590 183 3.120566 7.114449
9600 183 2.753305 7.118983
9610 183 2.386043 7.123756
9620 183 2.018781 7.128530
9630 183 1.651520 7.133064
9640 183 1.298149 7.203707
9650 183 0.965403 7.373156
9660 183 0.632658 7.542366
9670 183 0.346847 7.746897
9680 183 0.170056 8.033289
9690 183 -0.006735 8.319681
9300 184 15.223994 7.193445
9310 184 14.784543 7.228528
9320 184 14.345091 7.263611
9330 184 13.905640 7.298694
9340 184 13.465347 7.321844
9350 184 13.022739 7.297262
9360 184 12.579921 7.272441
9370 184 12.137523 7.231392
9380 184 11.695546 7.151918
9390 184 11.253569 7.072206
9400 184 10.806542 7.047385
9410 184 10.348149 7.149532
9420 184 9.889545 7.251917
9430 184 9.462301 7.302990
9440 184 9.065995 7.302990
9450 184 8.669900 7.302990
9460 184 8.275067 7.310388
9470 184 7.891810 7.383657
9480 184 7.508764 7.457164
9490 184 7.125507 7.530671
9500 184 6.743092 7.586995
9510 184 6.363202 7.575301
9520 184 5.983313 7.563845
9530 184 5.603423 7.552151
9540 184 5.225007 7.543320
9550 184 4.859218 7.560504
9560 184 4.493430 7.577449
9570 184 4.127642 7.594393
9580 184 3.761853 7.611577
9590 184 3.392698 7.608474
9600 184 3.023121 7.603224
9610 184 2.653755 7.597973
9620 184 2.284178 7.592484
9630 184 1.940488 7.620407
9640 184 1.635314 7.697972
9650 184 1.330139 7.775536
9660 184 1.024965 7.853101
9670 184 0.767777 7.983648
9680 184 0.582357 8.193907
9690 184 0.396937 8.404166
9700 184 0.211517 8.614425
9710 184 0.026098 8.824685
9490 185 14.917346 6.788201
9500 185 14.340882 6.902519
9510 185 13.764418 7.016598
9520 185 13.238255 7.099174
9530 185 12.712093 7.181751
9540 185 12.189087 7.227812
9550 185 11.671132 7.218504
9560 185 11.152967 7.209435
9570 185 10.638380 7.185092
9580 185 10.124635 7.156930
9590 185 9.610889 7.129007
9600 185 9.084516 7.109675
9610 185 8.539411 7.103470
9620 185 7.994517 7.097265
9630 185 7.449413 7.091299
9640 185 6.901782 7.069103
9650 185 6.351837 7.031156
9660 185 5.801681 6.993209
9670 185 5.251525 6.955263
9680 185 4.712103 6.914213
9690 185 4.267811 6.845240
9700 185 3.823520 6.776268
9710 185 3.379228 6.707295
9720 185 2.934725 6.638561
9730 185 2.435292 6.591306
9740 185 1.898816 6.558371
9750 185 1.362341 6.525675
9760 185 0.825865 6.492979
9770 185 0.289390 6.460282
9780 185 -0.247297 6.427347
9540 186 15.217259 9.089358
9550 186 14.952704 8.979098
9560 186 14.688360 8.869075
9570 186 14.423805 8.758815
9580 186 14.159461 8.648554
9590 186 13.853445 8.521348
9600 186 13.529750 8.386744
9610 186 13.205844 8.252140
9620 186 12.882148 8.117536
9630 186 12.570450 7.950474
9640 186 12.261697 7.775536
9650 186 11.952945 7.600599
9660 186 11.645245 7.484849
9670 186 11.337545 7.383657
9680 186 11.024162 7.320173
9690 186 10.687418 7.406091
9700 186 10.350674 7.492008
9710 186 10.018981 7.634011
9720 186 9.689603 7.800118
9730 186 9.377904 7.973624
9740 186 9.092724 8.158347
9750 186 8.807544 8.343069
9760 186 8.540674 8.486742
9770 186 8.316108 8.534474
9780 186 8.091752 8.582206
9790 186 7.861293 8.612755
9800 186 7.617153 8.603208
9810 186 7.373014 8.593662
9820 186 7.155814 8.618005
9830 186 6.945349 8.650940
9840 186 6.734884 8.683875
9850 186 6.541677 8.713231
9860 186 6.350364 8.742108
9870 186 6.159051 8.771225
9880 186 6.098858 8.803921
9890 186 6.126008 8.839243
9900 186 6.153368 8.874565
9910 186 6.180729 8.909886
9920 186 6.207879 8.945208
9930 186 6.229557 8.972415
9940 186 6.228084 8.966210
9950 186 6.226821 8.959766
9960 186 6.225347 8.953561
9970 186 6.224085 8.947356
9980 186 6.222611 8.941151
9990 186 6.221138 8.934946
10000 186 6.219875 8.928740
10010 186 6.218402 8.922535
10020 186 6.217139 8.916091
10030 186 6.215666 8.909886
10040 186 6.214403 8.903681
10050 186 6.212930 8.897476
10060 186 6.211667 8.891271
10070 186 6.210194 8.885066
10080 186 6.208931 8.878861
10090 186 6.035718 8.822059
10100 186 5.843564 8.759769
10110 186 5.587428 8.656430
10120 186 5.288778 8.525644
10130 186 4.990128 8.394620
10140 186 4.686427 8.205840
10150 186 4.377674 7.959304
10160 186 4.068922 7.712769
10170 186 3.714288 7.439265
10180 186 3.313773 7.139031
10190 186 2.913258 6.838797
10200 186 2.500957 6.527346
10210 186 2.071398 6.199188
10220 186 1.641628 5.871031
10230 186 1.137774 5.654089
10240 186 0.633921 5.437148
10250 186 0.130067 5.220206
9620 187 14.961333 4.947656
9630 187 14.526302 4.984887
9640 187 14.091270 5.021880
9650 187 13.656450 5.059110
9660 187 13.221418 5.096103
9670 187 12.873098 5.005651
9680 187 12.562031 4.860307
9690 187 12.200031 4.725464
9700 187 11.761422 4.606134
9710 187 11.323023 4.486804
9720 187 10.854528 4.440504
9730 187 10.386032 4.394443
9740 187 9.917747 4.348143
9750 187 9.482926 4.348620
9760 187 9.052104 4.354348
9770 187 8.621072 4.360076
9780 187 8.190039 4.365804
9790 187 7.762795 4.410194
9800 187 7.336814 4.471291
9810 187 6.911043 4.532388
9820 187 6.485272 4.593485
9830 187 6.065604 4.634773
9840 187 5.654777 4.646229
9850 187 5.244159 4.657923
9860 187 4.833542 4.669618
9870 187 4.409244 4.660787
9880 187 3.953166 4.603748
9890 187 3.497299 4.546947
9900 187 3.041221 4.490145
9910 187 2.585353 4.435731
9920 187 2.131801 4.402796
9930 187 1.678249 4.369861
9940 187 1.224696 4.336926
9950 187 0.771144 4.303991
9960 187 0.317592 4.271294
9970 187 -0.136171 4.238359
9630 188 15.027209 4.916392
9640 188 14.599333 4.972000
9650 188 14.171247 5.027846
9660 188 13.743372 5.083454
9670 188 13.413994 5.062690
9680 188 13.084616 5.041927
9690 188 12.806802 4.976057
9700 188 12.491104 4.898492
9710 188 12.036079 4.841691
9720 188 11.588840 4.811859
9730 188 11.141602 4.782026
9740 188 10.694364 4.752194
9750 188 10.197035 4.731431
9760 188 9.694233 4.711622
9770 188 9.191432 4.691574
9780 188 8.701890 4.682744
9790 188 8.243497 4.699927
9800 188 7.784894 4.716872
9810 188 7.345232 4.777253
9820 188 6.924302 4.881070
9830 188 6.509686 4.964124
9840 188 6.119904 4.964124
9850 188 5.730123 4.964124
9860 188 5.358863 4.964124
9870 188 5.005913 4.964124
9880 188 4.653173 4.964124
9890 188 4.294961 4.960783
9900 188 3.888764 4.927609
9910 188 3.482566 4.894197
9920 188 3.076158 4.860784
9930 188 2.669960 4.827610
9940 188 2.291755 4.780833
9950 188 1.920705 4.730476
9960 188 1.549655 4.680357
9970 188 1.178605 4.630000
9980 188 0.764830 4.638115
9990 188 0.351266 4.646468
10000 188 -0.062508 4.654582
9840 189 -0.007787 5.892272
9850 189 0.491226 5.919479
9860 189 0.990449 5.946686
9870 189 1.489462 5.973893
9880 189 1.979845 5.983440
9890 189 2.457391 5.966018
9900 189 2.934725 5.948357
9910 189 3.412060 5.930935
9920 189 3.886028 5.911842
9930 189 4.352208 5.889169
9940 189 4.818178 5.866497
9950 189 5.284148 5.843824
9960 189 5.748644 5.810411
9970 189 6.197987 5.681297
9980 189 6.647330 5.552420
9990 189 7.096673 5.423305
10000 189 7.540333 5.317340
10010 189 7.975154 5.245742
10020 189 8.410186 5.174144
10030 189 8.864369 5.129038
10040 189 9.347597 5.123549
10050 189 9.830615 5.118059
10060 189 10.313843 5.112809
10070 189 10.796860 5.107320
10080 189 11.298188 4.966988
10090 189 11.799726 4.826656
10100 189 12.301054 4.686085
10110 189 12.796279 4.622124
10120 189 13.287294 4.608759
10130 189 13.778519 4.595633
10140 189 14.269534 4.582268
10150 189 14.760550 4.568903
10160 189 15.251775 4.555777
9850 190 0.326852 6.534267
9860 190 0.775353 6.521618
9870 190 1.224065 6.509207
9880 190 1.672566 6.496558
9890 190 2.174526 6.491547
9900 190 2.711632 6.491547
9910 190 3.248950 6.491547
9920 190 3.786057 6.491547
9930 190 4.260024 6.435461
9940 190 4.718207 6.365296
9950 190 5.176179 6.294891
9960 190 5.639202 6.227589
9970 190 6.109592 6.164344
9980 190 6.580192 6.101338
9990 190 7.050581 6.038093
10000 190 7.422894 5.891317
10010 190 7.795207 5.744303
10020 190 8.183304 5.630223
10030 190 8.594553 5.565069
10040 190 9.026007 5.519963
10050 190 9.537016 5.553852
10060 190 10.043605 5.587503
10070 190 10.508312 5.617336
10080 190 10.973230 5.647168
10090 190 11.503812 5.572706
10100 190 12.063018 5.453376
10110 190 12.622014 5.334047
10120 190 13.162067 5.282973
10130 190 13.683179 5.299918
10140 190 14.204290 5.317102
10150 190 14.725612 5.334047
10160 190 15.246724 5.350991
9900 191 15.144648 5.104217
9910 191 14.601859 5.135482
9920 191 14.059069 5.166985
9930 191 13.516280 5.198488
9940 191 12.969912 5.233332
9950 191 12.391133 5.299680
9960 191 11.812354 5.365788
9970 191 11.233575 5.432136
9980 191 10.681104 5.520917
9990 191 10.154942 5.632371
10000 191 9.628779 5.743825
10010 191 9.124083 5.874611
10020 191 8.640856 6.024728
10030 191 8.157417 6.175084
10040 191 7.666192 6.240954
10050 191 7.172861 6.285583
10060 191 6.679531 6.330451
10070 191 6.192515 6.351692
10080 191 5.709287 6.356942
10090 191 5.226270 6.362432
10100 191 4.743042 6.367921
10110 191 4.247396 6.358136
10120 191 3.701239 6.287015
10130 191 3.155293 6.216133
10140 191 2.609136 6.145251
10150 191 2.085499 6.086780
10160 191 1.583960 6.041196
10170 191 1.082422 5.995373
10180 191 0.580884 5.949789
10190 191 0.079345 5.903966
9900 192 15.124444 5.632371
9910 192 14.573867 5.632371
9920 192 14.023501 5.632371
9930 192 13.472924 5.632371
9940 192 12.922558 5.632371
9950 192 12.377453 5.736427
9960 192 11.832559 5.840483
9970 192 11.287454 5.944538
9980 192 10.750768 6.051935
9990 192 10.288797 6.191313
10000 192 9.827037 6.330451
10010 192 9.365066 6.469590
10020 192 8.873840 6.605149
10030 192 8.353150 6.737127
10040 192 7.832670 6.869106
10050 192 7.311979 7.000847
10060 192 6.809178 7.055261
10070 192 6.313953 7.076263
10080 192 5.818729 7.097265
10090 192 5.328766 7.077218
10100 192 4.851010 6.961229
10110 192 4.373044 6.845002
10120 192 3.895288 6.729013
10130 192 3.379438 6.653835
10140 192 2.838332 6.606103
10150 192 2.297016 6.558371
10160 192 1.758436 6.509685
10170 192 1.241744 6.451690
10180 192 0.725052 6.393935
10190 192 0.208571 6.335940
9910 193 -0.079977 8.959289
9920 193 0.330430 8.517768
9930 193 0.740837 8.076248
9940 193 1.243007 7.797970
9950 193 1.806633 7.628760
9960 193 2.370048 7.459312
9970 193 2.939145 7.232347
9980 193 3.513925 6.947864
9990 193 4.088706 6.663143
10000 193 4.616131 6.388207
10010 193 5.138506 6.114225
10020 193 5.662143 5.855280
10030 193 6.192094 5.657908
10040 193 6.721835 5.460298
10050 193 7.268833 5.286315
10060 193 7.856452 5.166985
10070 193 8.444071 5.047655
10080 193 9.058839 4.814007
10090 193 9.676554 4.567710
10100 193 10.294480 4.321174
10110 193 10.885676 4.116404
10120 193 11.470348 3.921896
10130 193 12.049759 3.740038
10140 193 12.582025 3.669633
10150 193 13.107136 3.625481
10160 193 13.621091 3.619753
10170 193 14.134837 3.614264
10180 193 14.648793 3.608775
10190 193 15.162748 3.603286
9930 194 15.142754 4.595872
9940 194 14.565448 4.527615
9950 194 13.988143 4.459597
9960 194 13.410837 4.391340
9970 194 12.823850 4.319026
9980 194 12.214132 4.236689
9990 194 11.604625 4.154351
10000 194 10.988594 4.102323
10010 194 10.363092 4.095641
10020 194 9.737589 4.088958
10030 194 9.111876 4.082515
10040 194 8.511209 4.133588
10050 194 7.916645 4.199219
10060 194 7.322081 4.264851
10070 194 6.727517 4.330482
10080 194 6.160945 4.371532
10090 194 5.601529 4.406376
10100 194 5.041902 4.441459
10110 194 4.482486 4.476303
10120 194 3.932330 4.446232
10130 194 3.386173 4.387999
10140 194 2.840227 4.330005
10150 194 2.294070 4.272010
10160 194 1.784323 4.208288
10170 194 1.274577 4.144805
10180 194 0.764620 4.081083
10190 194 0.254873 4.017360
10200 194 -0.254873 3.953877
9950 195 14.830845 5.449319
9960 195 14.234387 5.409702
9970 195 13.638139 5.369845
9980 195 13.030316 5.306601
9990 195 12.405024 5.208511
10000 195 11.779943 5.110184
10010 195 11.154651 5.011856
10020 195 10.582186 4.773196
10030 195 10.009721 4.534536
10040 195 9.462932 4.398261
10050 195 8.941821 4.364133
10060 195 8.409554 4.381078
10070 195 7.860451 4.474394
10080 195 7.310927 4.562221
10090 195 6.758456 4.599452
10100 195 6.205985 4.636683
10110 195 5.653514 4.673914
10120 195 5.098517 4.719498
10130 195 4.543100 4.765798
10140 195 3.987682 4.812336
10150 195 3.421321 4.836918
10160 195 2.828862 4.810427
10170 195 2.236402 4.783697
10180 195 1.674250 4.758876
10190 195 1.132302 4.735010
10200 195 0.590355 4.711144
10210 195 0.048407 4.687278
10050 196 15.060883 5.219490
10060 196 14.555767 5.386552
10070 196 14.050651 5.553614
10080 196 13.541536 5.716380
10090 196 12.995800 5.840005
10100 196 12.450274 5.963870
10110 196 11.918008 6.038093
10120 196 11.405736 6.038093
10130 196 10.893674 6.038093
10140 196 10.389189 6.016375
10150 196 9.896069 5.961722
10160 196 9.402950 5.907069
10170 196 8.909830 5.852654
10180 196 8.462802 5.820197
10190 196 8.020825 5.790364
10200 196 7.578849 5.760532
10210 196 7.136872 5.730699
10220 196 6.665220 5.733324
10230 196 6.190410 5.739530
10240 196 5.715391 5.745496
10250 196 5.240581 5.751701
10260 196 4.788713 5.681535
10270 196 4.336844 5.611369
10280 196 3.884975 5.541203
10290 196 3.436685 5.433090
10300 196 2.991130 5.299680
10310 196 2.545365 5.166269
10320 196 2.093496 5.042643
10330 196 1.616372 4.957680
10340 196 1.139248 4.872956
10350 196 0.662334 4.787993
10360 196 0.185209 4.703269
10130 197 0.176159 8.296531
10140 197 0.511641 8.154767
10150 197 0.847122 8.013003
10160 197 1.185971 7.910856
10170 197 1.538921 7.966941
10180 197 1.891660 8.023265
10190 197 2.244610 8.079350
10200 197 2.585564 8.102023
10210 197 2.923571 8.116581
10220 197 3.261578 8.131139
10230 197 3.631996 8.111092
10240 197 4.034827 8.056439
10250 197 4.437867 8.002024
10260 197 4.840698 7.947371
10270 197 5.250473 7.884604
10280 197 5.660459 7.821836
10290 197 6.070235 7.759069
10300 197 6.485482 7.687232
10310 197 6.922197 7.579835
10320 197 7.358913 7.472438
10330 197 7.795628 7.365041
10340 197 8.233606 7.254542
10350 197 8.676003 7.132348
10360 197 9.118611 7.009916
10370 197 9.561009 6.887483
10380 197 10.006985 6.775313
10390 197 10.461168 6.687486
10400 197 10.915352 6.599659
10410 197 11.369536 6.511594
10420 197 11.831928 6.429018
10430 197 12.302317 6.351931
10440 197 12.772707 6.274605
10450 197 13.240150 6.195131
10460 197 13.680653 6.095371
10470 197 14.121157 5.995373
10480 197 14.561660 5.895374
10490 197 15.002163 5.795615
10150 198 0.143327 8.460967
10160 198 0.525321 8.345933
10170 198 0.907315 8.231138
10180 198 1.313934 8.189372
10190 198 1.757384 8.257629
10200 198 2.200834 8.325886
10210 198 2.630814 8.381732
10220 198 3.051744 8.429464
10230 198 3.472674 8.477196
10240 198 3.902234 8.486504
10250 198 4.337686 8.470036
10260 198 4.773138 8.453569
10270 198 5.206486 8.394381
10280 198 5.638781 8.317055
10290 198 6.071077 8.239491
10300 198 6.503372 8.162165
10310 198 6.947664 8.036153
10320 198 7.391956 7.910140
10330 198 7.836247 7.784367
10340 198 8.285801 7.665037
10350 198 8.742721 7.555969
10360 198 9.199640 7.446902
10370 198 9.656771 7.337834
10380 198 10.098537 7.222800
10390 198 10.538619 7.107050
10400 198 10.978702 6.991300
10410 198 11.413312 6.910156
10420 198 11.844555 6.851923
10430 198 12.275798 6.793690
10440 198 12.707041 6.735457
10450 198 13.154911 6.664098
10460 198 13.619829 6.579612
10470 198 14.084536 6.495126
10480 198 14.549243 6.410402
10490 198 15.014160 6.325917
10160 199 0.357791 5.182975
10170 199 0.936570 5.192760
10180 199 1.515349 5.202784
10190 199 2.086551 5.216387
10200 199 2.657964 5.229991
10210 199 3.229166 5.243594
10220 199 3.822257 5.225456
10230 199 4.437025 5.175099
10240 199 5.051794 5.124981
10250 199 5.666563 5.074623
10260 199 6.280068 5.106842
10270 199 6.893153 5.174144
10280 199 7.506238 5.241685
10290 199 8.119323 5.309226
10300 199 8.731356 5.369130
10310 199 9.334338 5.362686
10320 199 9.937321 5.356242
10330 199 10.540303 5.349798
10340 199 11.133604 5.326171
10350 199 11.712383 5.276291
10360 199 12.291162 5.226650
10370 199 12.869941 5.177008
10380 199 13.448721 5.127128
10390 199 14.028762 5.027130
10400 199 14.609646 4.893481
10410 199 15.190530 4.759831
10170 200 0.107969 8.316578
10180 200 0.515008 8.141402
10190 200 0.921837 7.966464
10200 200 1.328666 7.791526
10210 200 1.795688 7.713246
10220 200 2.277864 7.659548
10230 200 2.759829 7.605610
10240 200 3.288307 7.594393
10250 200 3.836779 7.601792
10260 200 4.385251 7.608952
10270 200 4.918149 7.564084
10280 200 5.427264 7.440697
10290 200 5.936379 7.317548
10300 200 6.427184 7.207526
10310 200 6.875264 7.128052
10320 200 7.323133 7.048340
10330 200 7.771003 6.968866
10340 200 8.212770 6.864333
10350 200 8.645065 6.722569
10360 200 9.077360 6.580567
10370 200 9.509656 6.438564
10380 200 9.981518 6.293698
10390 200 10.470218 6.147399
10400 200 10.959129 6.001101
10410 200 11.435832 5.923059
10420 200 11.904748 5.890601
10430 200 12.381241 5.855757
10440 200 12.869521 5.817571
10450 200 13.357800 5.779386
10460 200 13.822296 5.680103
10470 200 14.284057 5.574138
10480 200 14.746027 5.467935
10490 200 15.207788 5.361970
10210 201 -0.029465 1.126474
10220 201 0.068822 1.906176
10230 201 0.166899 2.685639
10240 201 0.265186 3.465340
10250 201 0.365578 4.144805
10260 201 0.467022 4.781072
10270 201 0.568256 5.417577
10280 201 0.689484 5.981769
10290 201 0.810712 6.545722
10300 201 0.931729 7.109914
10310 201 0.937412 7.564561
10320 201 0.893635 7.972192
10330 201 0.797031 8.332330
10340 201 0.577937 8.580774
10350 201 0.358633 8.829458
10360 201 0.147326 8.985541
10370 201 -0.063140 9.131363
10240 202 0.235510 8.491038
10250 202 0.570571 8.225887
10260 202 0.905842 7.960736
10270 202 1.297517 7.766467
10280 202 1.745598 7.643319
10290 202 2.193678 7.520170
10300 202 2.654596 7.411819
10310 202 3.134878 7.326140
10320 202 3.615159 7.240461
10330 202 4.095441 7.154782
10340 202 4.599925 7.045237
10350 202 5.128614 6.911349
10360 202 5.657302 6.777461
10370 202 6.186201 6.643573
10380 202 6.721414 6.548348
10390 202 7.266518 6.511833
10400 202 7.811413 6.475079
10410 202 8.356517 6.438325
10420 202 8.894887 6.410880
10430 202 9.426311 6.392980
10440 202 9.957736 6.375081
10450 202 10.489160 6.357181
10460 202 11.006062 6.313745
10470 202 11.508443 6.244534
10480 202 12.010823 6.175084
10490 202 12.534671 6.051697
10500 202 13.090930 5.847165
10510 202 13.628879 5.754326
10520 202 14.166617 5.661488
10400 203 14.871254 5.435000
10410 203 14.421701 5.413282
10420 203 13.966044 5.384642
10430 203 13.457560 5.295145
10440 203 12.948866 5.205648
10450 203 12.447538 5.195624
10460 203 11.949578 5.219490
10470 203 11.451407 5.243356
10480 203 10.968600 5.320920
10490 203 10.492317 5.421396
10500 203 10.021296 5.492755
10510 203 9.551959 5.557193
10520 203 9.082411 5.621393
10400 204 15.279767 3.944331
10410 204 14.753604 3.868437
10420 204 14.227441 3.792543
10430 204 13.709697 3.740515
10440 204 13.204581 3.724763
10450 204 12.699465 3.708773
10460 204 12.190560 3.713308
10470 204 11.676183 3.748629
10480 204 11.161596 3.784190
10490 204 10.663636 3.872733
10500 204 10.169674 3.988005
10510 204 9.664558 4.119268
10520 204 9.159442 4.250531
