0 1 9.050000 6.038093
10 1 9.425469 6.115419
20 1 9.800939 6.192983
30 1 10.176199 6.270309
40 1 10.563454 6.360284
50 1 10.978281 6.479614
60 1 11.392897 6.598943
70 1 11.807724 6.718273
80 1 12.222551 6.816124
90 1 12.637588 6.911588
100 1 13.052415 7.007052
110 1 13.473976 7.064330
120 1 13.905009 7.064330
130 1 14.336252 7.064330
140 1 14.767495 7.064330
150 1 15.198738 7.064330
0 2 11.344069 7.398454
10 2 11.715119 7.385805
20 2 12.086169 7.373395
30 2 12.457219 7.360746
40 2 12.842791 7.347381
50 2 13.285400 7.330913
60 2 13.728218 7.314446
70 2 14.172510 7.290580
80 2 14.621011 7.249053
90 2 15.069302 7.207526
0 3 6.082442 3.603763
10 3 6.360887 4.011871
20 3 6.639122 4.419741
30 3 6.917567 4.827849
40 3 7.199801 5.177486
50 3 7.482666 5.520440
60 3 7.765531 5.863633
70 3 8.126689 6.097042
80 3 8.521311 6.283435
90 3 8.915933 6.469829
100 3 9.320237 6.660040
110 3 9.734643 6.854071
120 3 10.149049 7.047863
130 3 10.541776 7.255258
140 3 10.883782 7.493918
150 3 11.225788 7.732578
160 3 11.564216 7.962407
170 3 11.871074 8.111569
180 3 12.178143 8.260732
190 3 12.450274 8.370276
200 3 12.707462 8.463115
210 3 12.963177 8.656430
220 3 13.218682 8.861200
230 3 13.452719 9.065492
240 3 13.491655 9.268831
250 3 13.530591 9.472169
260 3 13.560477 9.671211
270 3 13.576683 9.864048
280 3 13.592889 10.056647
290 3 13.711802 10.220606
300 3 13.856602 10.377167
310 3 14.001191 10.533966
320 3 14.135679 10.687663
330 3 14.263220 10.839451
340 3 14.390762 10.991477
350 3 14.524197 11.112000
360 3 14.671523 11.159732
370 3 14.818848 11.207464
0 4 2.273023 6.205155
10 4 2.457180 6.317086
20 4 2.641337 6.428779
30 4 2.825494 6.540710
40 4 2.873480 6.564576
50 4 2.887581 6.566486
60 4 2.901682 6.568395
70 4 2.915573 6.570304
80 4 2.929674 6.572214
90 4 2.943775 6.573884
100 4 2.957666 6.575793
110 4 2.971767 6.577703
120 4 2.985869 6.579612
130 4 2.999759 6.581521
140 4 3.013860 6.583431
150 4 3.027962 6.585340
160 4 3.041852 6.587010
170 4 3.055953 6.588920
180 4 3.070055 6.590829
190 4 3.083945 6.592738
200 4 3.098046 6.594648
210 4 3.112148 6.596557
220 4 3.126038 6.598227
230 4 3.140139 6.600137
240 4 3.154241 6.602046
250 4 3.168131 6.603955
260 4 3.182232 6.605865
270 4 3.196334 6.607774
280 4 3.210224 6.609683
290 4 3.287465 6.608490
300 4 3.512031 6.600614
310 4 3.736387 6.592500
320 4 3.952956 6.610160
330 4 4.151214 6.687486
340 4 4.349261 6.764573
350 4 4.547309 6.841899
360 4 4.648332 6.903235
370 4 4.738411 6.962900
380 4 4.820703 7.016359
390 4 4.832279 7.015166
400 4 4.843644 7.013973
410 4 4.855009 7.012541
420 4 4.866585 7.011348
430 4 4.877950 7.009916
440 4 4.889525 7.008722
450 4 4.900891 7.007290
460 4 4.912256 7.006097
470 4 4.923831 7.004904
480 4 4.935196 7.003472
490 4 4.946561 7.002279
500 4 4.958137 7.000847
510 4 4.969502 6.999653
520 4 4.980867 6.998221
530 4 4.992443 6.997028
540 4 5.003808 6.995835
550 4 5.015173 6.994403
560 4 5.026749 6.993209
570 4 5.122089 6.982231
580 4 5.253630 6.967434
590 4 5.385171 6.952399
600 4 5.504925 6.926623
610 4 5.612894 6.889870
620 4 5.720863 6.853116
630 4 5.828831 6.816601
640 4 5.899547 6.808248
650 4 5.945429 6.819226
660 4 5.991310 6.829966
670 4 6.037192 6.840944
680 4 6.083284 6.851684
690 4 6.129165 6.862663
700 4 6.175046 6.873402
710 4 6.220928 6.884142
720 4 6.266809 6.895120
730 4 6.312901 6.905860
740 4 6.358782 6.916838
750 4 6.485903 6.897268
760 4 6.667114 6.857412
770 4 6.848324 6.817794
780 4 7.029535 6.777938
790 4 7.288196 6.668871
800 4 7.546647 6.559803
810 4 7.805309 6.450736
820 4 8.098908 6.384866
830 4 8.427865 6.362432
840 4 8.756611 6.340236
850 4 9.053788 6.356942
860 4 9.277092 6.465533
870 4 9.500185 6.573884
880 4 9.723488 6.682474
890 4 9.967207 6.789155
900 4 10.210925 6.896075
910 4 10.454644 7.002756
920 4 10.708886 7.092492
930 4 11.006062 7.113494
940 4 11.303239 7.134496
950 4 11.600416 7.155498
960 4 11.907064 7.249291
970 4 12.216237 7.361223
980 4 12.525410 7.473154
990 4 12.849316 7.586995
1000 4 13.183114 7.702029
1010 4 13.516911 7.817302
1020 4 13.796830 7.917062
1030 4 14.053387 8.010139
1040 4 14.310154 8.103455
1050 4 14.566711 8.196532
1060 4 14.839895 8.269562
1070 4 15.124023 8.329227
0 5 13.680232 6.539279
10 5 12.959810 6.640232
20 5 12.239388 6.741185
30 5 11.535803 6.914929
40 5 10.857685 7.197741
50 5 10.179566 7.480553
60 5 9.528808 7.708712
70 5 8.889836 7.913243
80 5 8.251074 8.117774
90 5 7.689974 8.259061
100 5 7.137293 8.393426
110 5 6.584822 8.527553
120 5 6.058449 8.758099
130 5 5.543230 9.029455
140 5 5.028011 9.301050
150 5 4.710630 9.696748
160 5 4.442708 10.123471
170 5 4.174786 10.550195
180 5 3.945168 10.951621
190 5 3.753856 11.327749
200 5 3.562543 11.703638
210 5 3.339450 12.063776
220 5 2.988605 12.359236
230 5 2.638180 12.648969
240 5 2.290702 12.887629
250 5 1.943224 13.126289
260 5 1.595536 13.364949
270 5 1.248058 13.603609
0 6 14.122209 5.560773
10 6 13.881647 5.645975
20 6 13.641086 5.731176
30 6 13.406627 5.807309
40 6 13.196162 5.847165
50 6 12.985697 5.887021
60 6 12.808907 5.906114
70 6 12.766814 5.842392
80 6 12.724721 5.778670
90 6 12.682628 5.715186
100 6 12.640534 5.651464
0 7 13.659186 2.386598
10 7 13.287294 2.545784
20 7 12.915612 2.704732
30 7 12.543721 2.863918
40 7 12.205503 3.128114
50 7 11.867286 3.392310
60 7 11.526543 3.657939
70 7 11.175697 3.928340
80 7 10.824852 4.198742
90 7 10.464325 4.461268
100 7 10.064442 4.692052
110 7 9.664558 4.922836
120 7 9.272672 5.148847
130 7 8.912776 5.356719
140 7 8.553092 5.564592
150 7 8.195301 5.773181
160 7 7.855821 5.988929
170 7 7.516340 6.204439
180 7 7.176860 6.419949
190 7 6.957345 6.419949
200 7 6.737620 6.419949
210 7 6.462963 6.468635
220 7 6.164944 6.538324
230 7 5.860191 6.616127
240 7 5.540704 6.713500
250 7 5.221008 6.810635
260 7 4.885737 6.875073
270 7 4.539943 6.917793
280 7 4.194359 6.960274
290 7 3.855721 6.999415
300 7 3.518977 7.037600
310 7 3.197596 7.064330
320 7 2.911995 7.064330
330 7 2.626394 7.064330
340 7 2.393199 7.037123
350 7 2.212830 6.982470
360 7 2.032462 6.928055
370 7 1.852093 6.873402
380 7 1.666463 6.796076
390 7 1.480622 6.718989
400 7 1.294992 6.641664
410 7 1.045801 6.616366
420 7 0.754517 6.625673
430 7 0.463023 6.634742
440 7 0.177422 6.737127
0 8 14.080116 3.198041
10 8 13.733901 3.298040
20 8 13.387686 3.398277
30 8 13.041471 3.498275
40 8 12.691046 3.608536
50 8 12.340201 3.719990
60 8 11.989566 3.831206
70 8 11.707543 3.998745
80 8 11.433307 4.172251
90 8 11.159071 4.345756
100 8 10.847372 4.577495
110 8 10.510628 4.847897
120 8 10.173883 5.118537
130 8 9.847873 5.374141
140 8 9.529018 5.619961
150 8 9.210164 5.866019
160 8 8.891099 6.093462
170 8 8.572033 6.278185
180 8 8.252968 6.463146
190 8 7.950951 6.616127
200 8 7.717124 6.642618
210 8 7.419316 6.687725
220 8 7.025957 6.760277
230 8 6.637017 6.835694
240 8 6.288908 6.936647
250 8 5.940799 7.037600
260 8 5.603002 7.158839
270 8 5.275729 7.300365
280 8 4.948245 7.441651
290 8 4.664538 7.470052
300 8 4.391775 7.470052
310 8 4.112488 7.465995
320 8 3.775744 7.426377
330 8 3.439000 7.386521
340 8 3.115725 7.355972
350 8 2.914731 7.408955
360 8 2.713527 7.462176
370 8 2.512532 7.515158
380 8 2.311328 7.568141
390 8 2.058770 7.604895
400 8 1.771695 7.631147
410 8 1.484831 7.657161
420 8 1.197757 7.683175
430 8 0.910683 7.709189
440 8 0.621293 7.733771
450 8 0.310647 7.744988
460 8 0.000000 7.756443
0 9 14.353720 7.851907
10 9 14.285319 8.078634
20 9 14.216918 8.305361
30 9 14.148517 8.532088
40 9 14.080116 8.758815
50 9 14.047494 8.832799
60 9 14.014872 8.907022
70 9 13.982039 8.981007
80 9 13.949417 9.054991
90 9 13.916795 9.129215
100 9 13.877648 9.263580
110 9 13.813036 9.639947
120 9 13.748212 10.016313
130 9 13.672655 10.305091
140 9 13.589943 10.535160
150 9 13.507440 10.765228
160 9 13.409364 11.033004
170 9 13.307498 11.310088
180 9 13.205633 11.587411
190 9 13.087562 11.738244
200 9 12.962757 11.835378
210 9 12.837740 11.932274
220 9 12.757132 12.091937
230 9 12.720722 12.314130
240 9 12.684522 12.536322
250 9 12.587708 12.761617
260 9 12.450695 12.989298
270 9 12.313682 13.216741
280 9 12.176669 13.444422
290 9 12.039657 13.671865
0 10 1.073372 8.281495
10 10 1.344030 8.295099
20 10 1.614478 8.308702
30 10 1.885136 8.322306
40 10 2.153479 8.378391
50 10 2.419717 8.476719
60 10 2.685956 8.574808
70 10 2.937882 8.664067
80 10 3.061636 8.670988
90 10 3.185389 8.678148
100 10 3.309353 8.685069
110 10 3.569909 8.681489
120 10 3.889185 8.673136
130 10 4.208671 8.665021
140 10 4.525000 8.658339
150 10 4.840698 8.652134
160 10 5.156395 8.645690
170 10 5.472093 8.639485
180 10 5.757694 8.613948
190 10 6.043295 8.588412
200 10 6.309954 8.555954
210 10 6.500636 8.496289
220 10 6.691528 8.436624
230 10 6.882209 8.376959
240 10 7.098778 8.299633
250 10 7.315557 8.222546
260 10 7.532125 8.145220
270 10 7.792050 8.061212
280 10 8.080597 7.972669
290 10 8.369356 7.883888
300 10 8.661481 7.799164
310 10 8.984545 7.747852
320 10 9.307819 7.696779
330 10 9.640565 7.623033
340 10 9.995830 7.496066
350 10 10.350885 7.369337
360 10 10.701519 7.254542
370 10 11.011955 7.248575
380 10 11.322392 7.242609
390 10 11.632828 7.236642
400 10 11.935476 7.233063
410 10 12.166357 7.250485
420 10 12.397447 7.268146
430 10 12.628328 7.285568
440 10 12.859418 7.302990
450 10 12.989696 7.240461
460 10 13.119974 7.177932
470 10 13.250252 7.115403
480 10 13.380530 7.052874
490 10 13.554795 6.773165
500 10 13.740004 6.439041
510 10 13.919741 6.143342
520 10 14.086640 5.937617
530 10 14.253539 5.731892
540 10 14.388658 5.489891
550 10 14.475580 5.193715
560 10 14.562712 4.897538
570 10 14.602701 4.582268
580 10 14.595755 4.248144
590 10 14.588810 3.914021
600 10 14.662052 3.685623
610 10 14.815691 3.563191
620 10 14.969120 3.440520
630 10 15.122760 3.318087
0 11 0.883953 7.899639
10 11 1.046853 7.892002
20 11 1.209753 7.884126
30 11 1.372864 7.876489
40 11 1.573016 7.839020
50 11 1.777588 7.797970
60 11 1.981950 7.757159
70 11 2.202096 7.757637
80 11 2.445815 7.820404
90 11 2.689534 7.883411
100 11 2.933252 7.946178
110 11 3.244951 7.992955
120 11 3.602110 8.028993
130 11 3.959270 8.065269
140 11 4.313272 8.086271
150 11 4.659908 8.072429
160 11 5.006544 8.058348
170 11 5.353180 8.044267
180 11 5.726966 8.037107
190 11 6.103488 8.030902
200 11 6.480010 8.024697
210 11 6.857585 8.022311
220 11 7.242315 8.056439
230 11 7.627256 8.090567
240 11 8.012196 8.124696
250 11 8.390823 8.138299
260 11 8.765661 8.138299
270 11 9.140289 8.138299
280 11 9.515128 8.138299
290 11 9.860290 8.186747
300 11 10.175988 8.283643
310 11 10.491686 8.380778
320 11 10.754767 8.424691
330 11 10.895147 8.345217
340 11 11.035317 8.265505
350 11 11.123292 8.178871
360 11 11.089196 8.075770
370 11 11.055101 7.972431
380 11 11.021005 7.869330
390 11 11.063098 7.781741
400 11 11.155914 7.704416
410 11 11.248729 7.627329
420 11 11.366379 7.576017
430 11 11.583579 7.628283
440 11 11.800568 7.680311
450 11 12.017558 7.732578
460 11 12.222551 7.789140
470 11 12.427333 7.845702
480 11 12.632326 7.902265
490 11 12.847632 7.941405
500 11 13.104189 7.911572
510 11 13.360536 7.881740
520 11 13.617093 7.851907
530 11 13.850919 7.666230
540 11 14.084746 7.480553
550 11 14.255012 7.334254
560 11 14.276901 7.279601
570 11 14.299000 7.224948
580 11 14.320888 7.170295
590 11 14.342776 7.115642
600 11 14.489891 6.947864
610 11 14.762233 6.666962
620 11 14.994376 6.229021
630 11 15.216627 5.751701
0 12 0.484070 7.875773
10 12 0.669490 7.921119
20 12 0.854909 7.966703
30 12 1.040329 8.012048
40 12 1.225749 8.057632
50 12 1.455156 8.083169
60 12 1.695717 8.103455
70 12 1.936279 8.123980
80 12 2.164002 8.159301
90 12 2.362260 8.229467
100 12 2.560308 8.299633
110 12 2.758356 8.370038
120 12 3.001022 8.402257
130 12 3.248529 8.430419
140 12 3.496246 8.458342
150 12 3.779532 8.483879
160 12 4.098598 8.507029
170 12 4.417663 8.530179
180 12 4.762615 8.530417
190 12 5.145872 8.496289
200 12 5.529129 8.462161
210 12 5.856823 8.379346
220 12 6.147054 8.264312
230 12 6.437286 8.149039
240 12 6.689002 8.030902
250 12 6.924302 7.911572
260 12 7.159602 7.792242
270 12 7.394692 7.668617
280 12 7.629992 7.535445
290 12 7.865292 7.402034
300 12 8.100381 7.268623
310 12 8.424708 7.211106
320 12 8.759137 7.161942
330 12 9.093356 7.112778
340 12 9.459565 7.071251
350 12 9.857975 7.037123
360 12 10.256386 7.002995
370 12 10.537146 6.982231
380 12 10.767185 6.967434
390 12 10.997433 6.952399
400 12 11.220947 6.988436
410 12 11.437726 7.075070
420 12 11.654716 7.161942
430 12 11.868759 7.236165
440 12 12.072279 7.260031
450 12 12.275798 7.283897
460 12 12.468164 7.297739
470 12 12.616121 7.271248
480 12 12.764288 7.244757
490 12 12.987171 7.255974
500 12 13.284768 7.305376
510 12 13.582155 7.354779
520 12 13.795988 7.307524
530 12 13.953837 7.195593
540 12 14.111686 7.083662
550 12 14.285530 6.976026
560 12 14.483157 6.874834
570 12 14.680994 6.773642
580 12 14.875884 6.679372
590 12 15.046993 6.649539
600 12 15.217890 6.619707
0 13 0.210465 7.374588
10 13 0.393991 7.425422
20 13 0.577727 7.476257
30 13 0.761252 7.526853
40 13 0.944778 7.577687
50 13 1.138195 7.605610
60 13 1.354343 7.579597
70 13 1.570491 7.553821
80 13 1.786638 7.528046
90 13 2.042564 7.540456
100 13 2.325008 7.578165
110 13 2.607452 7.615873
120 13 2.890107 7.653342
130 13 3.225588 7.645944
140 13 3.574539 7.627090
150 13 3.923491 7.608236
160 13 4.272442 7.589382
170 13 4.653594 7.570050
180 13 5.034746 7.550719
190 13 5.415688 7.531387
200 13 5.775373 7.526137
210 13 6.084967 7.554299
220 13 6.394351 7.582460
230 13 6.703945 7.610384
240 13 7.004068 7.528523
250 13 7.303139 7.434253
260 13 7.602210 7.339982
270 13 7.896861 7.243325
280 13 8.151735 7.123995
290 13 8.406397 7.004665
300 13 8.661271 6.885335
310 13 8.938243 6.777938
320 13 9.267410 6.698465
330 13 9.596578 6.618752
340 13 9.925956 6.539279
350 13 10.250703 6.496320
360 13 10.568926 6.507775
370 13 10.887150 6.519470
380 13 11.205373 6.531164
390 13 11.504865 6.532357
400 13 11.760580 6.509685
410 13 12.016085 6.487012
420 13 12.271589 6.464339
430 13 12.511940 6.447872
440 13 12.614016 6.488921
450 13 12.716302 6.529732
460 13 12.818588 6.570543
470 13 12.894987 6.590590
480 13 12.954338 6.596796
490 13 13.013689 6.603001
500 13 13.073040 6.608967
510 13 13.203318 6.602046
520 13 13.363903 6.589636
530 13 13.524698 6.576987
540 13 13.685283 6.564338
550 13 13.802723 6.355988
560 13 13.915532 6.125920
570 13 14.018450 5.881771
580 13 14.032972 5.511371
590 13 14.047494 5.140971
600 13 14.098005 4.798971
610 13 14.292265 4.569381
620 13 14.486524 4.340028
630 13 14.727507 4.113302
640 13 15.000059 3.888723
0 14 11.449302 9.498660
10 14 11.491395 9.519423
20 14 11.533488 9.540187
30 14 11.575581 9.560950
40 14 11.617674 9.581714
50 14 11.659767 9.602477
60 14 11.701860 9.623240
70 14 11.743953 9.644004
80 14 11.786046 9.664767
90 14 11.828139 9.685531
100 14 11.870232 9.706294
110 14 11.912325 9.727057
120 14 11.984725 9.751878
130 14 12.087432 9.780995
140 14 12.190139 9.810111
150 14 12.292636 9.839228
160 14 12.454694 9.893403
170 14 12.705568 9.985049
180 14 12.956653 10.076933
190 14 13.155332 10.123471
200 14 13.340962 10.158554
210 14 13.526803 10.193637
220 14 13.691176 10.207480
230 14 13.823559 10.189819
240 14 13.956152 10.172158
250 14 14.118631 10.037077
260 14 14.294159 9.851399
270 14 14.469476 9.665722
280 14 14.647319 9.476942
290 14 14.848313 9.260000
300 14 15.049308 9.043058
0 15 10.838953 9.236134
10 15 11.020374 9.228020
20 15 11.201795 9.219667
30 15 11.370588 9.211552
40 15 11.426361 9.204631
50 15 11.482135 9.197471
60 15 11.537908 9.190550
70 15 11.593471 9.183390
80 15 11.649244 9.176469
90 15 11.705017 9.169548
100 15 11.807093 9.130169
110 15 12.017558 9.015135
120 15 12.228023 8.900340
130 15 12.438488 8.883634
140 15 12.648953 8.932559
150 15 12.859418 8.981484
160 15 13.069883 9.030410
170 15 13.223312 9.126112
180 15 13.352327 9.241623
190 15 13.481343 9.356896
200 15 13.698122 9.397707
210 15 13.973200 9.388399
220 15 14.248488 9.379330
230 15 14.522093 9.295799
240 15 14.795697 9.212268
250 15 14.967858 9.223008
260 15 15.140018 9.233986
0 16 10.228604 9.522526
10 16 10.432124 9.482670
20 16 10.635433 9.443052
30 16 10.838953 9.403196
40 16 10.919140 9.465725
50 16 10.999328 9.528254
60 16 11.079515 9.590783
70 16 11.159702 9.653312
80 16 11.223894 9.712499
90 16 11.283876 9.770971
100 16 11.344069 9.829443
110 16 11.404262 9.887914
120 16 11.464245 9.946386
130 16 11.618305 10.005812
140 16 11.782679 10.065477
150 16 11.947262 10.125142
160 16 12.173302 10.204377
170 16 12.425860 10.291727
180 16 12.678418 10.379315
190 16 12.839424 10.401271
200 16 12.961283 10.394828
210 16 13.083143 10.388622
220 16 13.205002 10.382417
230 16 13.367691 10.365234
240 16 13.535011 10.346857
250 16 13.702331 10.328480
260 16 13.869651 10.310103
270 16 14.134205 10.194115
280 16 14.398760 10.078365
290 16 14.663315 9.962376
300 16 14.928080 9.846387
20 17 15.093926 0.902850
30 17 14.401075 1.270863
40 17 13.708224 1.638877
50 17 13.048837 2.012141
60 17 12.522674 2.406884
70 17 11.996511 2.801389
80 17 11.472453 3.171789
90 17 10.950079 3.525483
100 17 10.427494 3.879415
110 17 9.928481 4.179649
120 17 9.439781 4.456733
130 17 8.950871 4.733817
140 17 8.613285 5.014720
150 17 8.376511 5.298248
160 17 8.022088 5.436432
170 17 7.658825 5.573900
180 17 7.216849 5.705163
190 17 6.776135 5.838812
200 17 6.345944 5.994418
210 17 5.915964 6.150263
220 17 5.385381 6.150740
230 17 4.829753 6.112555
240 17 4.277703 6.070789
250 17 3.734072 6.021148
260 17 3.190230 5.971507
270 17 2.778139 6.008260
280 17 2.380571 6.054560
290 17 1.983002 6.101099
300 17 1.612584 6.158377
310 17 1.304884 6.240954
320 17 0.997184 6.323530
330 17 0.554996 6.410880
340 17 0.055142 6.500377
30 18 14.763286 3.559611
40 18 14.455796 3.761756
50 18 14.148096 3.963662
60 18 13.855129 4.126905
70 18 13.596046 4.200412
80 18 13.336964 4.273920
90 18 13.080827 4.311151
100 18 12.825533 4.332869
110 18 12.570450 4.354348
120 18 12.323153 4.405660
130 18 12.087432 4.501124
140 18 11.851711 4.596588
150 18 11.723538 4.680119
160 18 11.607572 4.762456
170 18 11.491395 4.844794
50 19 14.852312 4.641933
60 19 14.674680 4.582268
70 19 14.497047 4.522603
80 19 14.319625 4.462938
90 19 14.211236 4.406615
100 19 14.148938 4.352200
110 19 14.086851 4.298024
120 19 14.024553 4.243849
130 19 13.939525 4.197549
140 19 13.762734 4.183229
150 19 13.585944 4.168909
160 19 13.409153 4.154590
170 19 13.232362 4.140270
180 19 13.040629 4.134065
190 19 12.789333 4.160556
200 19 12.537828 4.187048
210 19 12.286532 4.213777
220 19 12.026187 4.253872
230 19 11.759948 4.302798
240 19 11.493921 4.351961
250 19 11.196744 4.424514
260 19 10.775814 4.590860
270 19 10.354883 4.757206
280 19 9.933953 4.923552
290 19 9.453251 5.109945
300 19 8.965814 5.298248
310 19 8.478376 5.486550
320 19 7.992623 5.661249
330 19 7.522233 5.710174
340 19 7.051844 5.759338
350 19 6.581454 5.808502
360 19 6.133585 5.809696
370 19 5.695607 5.790364
380 19 5.257629 5.771033
390 19 4.819651 5.751701
400 19 4.492799 5.645020
410 19 4.166157 5.538101
420 19 3.839305 5.431420
430 19 3.528237 5.328557
440 19 3.279467 5.241924
450 19 3.030698 5.155052
460 19 2.781928 5.068180
470 19 2.504535 5.035722
480 19 2.223985 5.009231
490 19 1.943224 4.982739
500 19 1.665621 4.966749
510 19 1.395173 4.975102
520 19 1.124515 4.983694
530 19 0.843544 4.987990
540 19 0.552050 4.987990
550 19 0.260556 4.987990
90 20 14.638480 4.001370
100 20 14.539772 3.919271
110 20 14.441274 3.837172
120 20 14.342566 3.755073
130 20 14.152516 3.694454
140 20 13.952364 3.636459
150 20 13.752001 3.578226
160 20 13.551848 3.519993
170 20 13.302658 3.525721
180 20 13.041260 3.547439
190 20 12.779652 3.569157
200 20 12.477003 3.627629
210 20 12.133314 3.723093
220 20 11.789624 3.818557
230 20 11.410576 3.918555
240 20 10.996171 4.022850
250 20 10.581765 4.127383
260 20 10.176830 4.259123
270 20 9.793362 4.455301
280 20 9.410106 4.651241
290 20 8.997383 4.808995
300 20 8.555407 4.928325
310 20 8.113430 5.047655
320 20 7.688290 5.129038
330 20 7.280199 5.172474
340 20 6.872107 5.215910
350 20 6.466120 5.243594
360 20 6.069182 5.209705
370 20 5.672245 5.175576
380 20 5.275518 5.141448
390 20 4.903837 5.050041
400 20 4.543100 4.934053
410 20 4.182152 4.818303
420 20 3.820994 4.718304
430 20 3.457310 4.682028
440 20 3.093837 4.645990
450 20 2.730364 4.609714
460 20 2.470439 4.573199
470 20 2.222301 4.536445
480 20 1.973952 4.499692
490 20 1.725814 4.462938
500 20 1.390122 4.406137
510 20 1.054430 4.349336
520 20 0.718528 4.292535
530 20 0.382836 4.235734
0 21 9.786628 1.527423
10 21 9.831667 1.561551
20 21 9.876917 1.595679
30 21 9.921957 1.629808
40 21 9.966996 1.663697
50 21 10.012036 1.697826
60 21 10.057286 1.731954
70 21 10.102325 1.766083
80 21 10.548511 1.641979
90 21 10.994697 1.517876
100 21 11.436043 1.469190
110 21 11.872547 1.495681
120 21 12.309052 1.522172
130 21 12.778389 1.556778
140 21 13.256145 1.593531
150 21 13.668867 1.619307
160 21 13.822717 1.600930
170 21 13.976567 1.582553
180 21 14.176930 1.589474
190 21 14.408441 1.613340
200 21 14.639953 1.637206
210 21 14.871465 1.661072
0 22 9.323604 0.477320
10 22 9.373485 0.596649
20 22 9.423365 0.715979
30 22 9.473245 0.835309
40 22 9.521652 0.942945
50 22 9.564797 1.004280
60 22 9.607943 1.065377
70 22 9.651088 1.126713
80 22 9.832930 1.136021
90 22 10.338046 1.024567
100 22 10.920193 0.866096
110 22 11.538118 0.726480
120 22 12.181300 0.633880
130 22 12.733139 0.650348
140 22 13.224154 0.739845
150 22 13.651819 0.817648
160 22 13.825664 0.848913
170 22 13.999508 0.879939
180 22 14.226810 0.877313
190 22 14.460005 0.870870
200 22 14.693411 0.864426
210 22 14.919451 0.865142
220 22 15.116656 0.894974
10 23 0.840598 3.953400
20 23 1.063480 4.037646
30 23 1.286363 4.121893
40 23 1.509245 4.206140
50 23 1.736337 4.351484
60 23 1.967849 4.558402
70 23 2.199360 4.765320
80 23 2.521372 4.945031
90 23 2.933884 5.097773
100 23 3.346395 5.250516
110 23 3.767325 5.338820
120 23 4.188256 5.427363
130 23 4.600557 5.523781
140 23 4.992443 5.639054
150 23 5.384329 5.754088
160 23 5.756221 5.890840
170 23 6.098227 6.060050
180 23 6.440232 6.229021
190 23 6.650697 6.706340
200 23 6.863688 7.145713
210 23 7.098778 7.244041
220 23 7.350704 7.328049
230 23 7.627677 7.390817
240 23 7.850349 7.484371
250 23 8.018721 7.608474
260 23 8.187093 7.732578
270 23 8.376511 7.971237
280 23 8.565930 8.209897
290 23 8.846480 8.378868
300 23 9.127240 8.548078
310 23 9.437045 8.677909
320 23 9.766423 8.781726
330 23 10.070755 8.887214
340 23 10.316368 8.996520
350 23 10.561771 9.105826
360 23 10.791598 9.206302
370 23 11.019532 9.305823
380 23 11.270828 9.370977
390 23 11.545485 9.402241
400 23 11.823088 9.452121
410 23 12.113740 9.577179
420 23 12.408602 9.682667
430 23 12.741979 9.612978
440 23 13.075145 9.543528
450 23 13.379057 9.548301
460 23 13.670551 9.585055
470 23 13.962887 9.615603
480 23 14.264694 9.591737
490 23 14.566290 9.567871
500 23 14.867887 9.544005
40 24 0.349372 2.976088
50 24 0.917628 3.131217
60 24 1.485884 3.286345
70 24 2.011205 3.381093
80 24 2.525581 3.460567
90 24 3.051744 3.534552
100 24 3.683139 3.558418
110 24 4.312851 3.564861
120 24 4.926567 3.415699
130 24 5.540494 3.266537
140 24 6.166628 3.243625
150 24 6.798023 3.274890
160 24 7.458673 3.305916
170 24 8.163310 3.337180
180 24 8.863528 3.367490
190 24 9.525019 3.390162
200 24 10.186511 3.412835
210 24 10.762554 3.463192
220 24 11.305975 3.481330
230 24 11.555797 3.212838
240 24 11.773629 3.001386
250 24 11.959469 2.846973
260 24 12.234126 2.793752
270 24 12.549614 2.741962
280 24 13.029053 2.476811
290 24 13.613304 2.126936
300 24 14.442958 1.579451
0 25 10.965232 12.863763
10 25 10.988594 12.651595
20 25 10.993855 12.405298
30 25 10.926086 12.021533
40 25 10.858526 11.638006
50 25 10.785495 11.301496
60 25 10.704676 11.035152
70 25 10.623647 10.769046
80 25 10.413182 10.524897
90 25 10.170305 10.286237
100 25 9.911223 10.054976
110 25 9.587528 9.853070
120 25 9.263622 9.650925
130 25 8.932981 9.453553
140 25 8.597921 9.259046
150 25 8.262650 9.064538
160 25 8.011775 9.061197
170 25 7.770161 9.078857
180 25 7.540965 9.083392
190 25 7.362070 9.035660
200 25 7.146764 9.000816
210 25 6.786027 9.017999
220 25 6.425289 9.034944
230 25 6.061395 9.065015
240 25 5.693081 9.114895
250 25 5.324767 9.164536
260 25 4.903837 9.154990
270 25 4.482907 9.145444
280 25 4.095861 9.085301
290 25 3.742491 8.974563
300 25 3.389330 8.863586
310 25 3.050481 8.771225
320 25 2.717736 8.686501
330 25 2.384991 8.601777
340 25 2.036881 8.482924
350 25 1.678249 8.341637
360 25 1.319616 8.200112
370 25 0.970876 8.102023
380 25 0.623187 8.008707
390 25 0.077241 7.971237
140 26 14.814850 8.567887
150 26 14.403390 8.567887
160 26 13.992141 8.567887
170 26 13.539852 8.639485
180 26 13.060623 8.758815
190 26 12.551297 8.869553
200 26 12.034816 8.977904
210 26 11.529700 9.034467
220 26 11.032160 9.055946
230 26 10.533779 9.069072
240 26 10.033924 9.069072
250 26 9.534069 9.069072
260 26 9.045790 9.135897
270 26 8.557511 9.202722
280 26 8.070495 9.227065
290 26 7.584742 9.208688
300 26 7.099199 9.190312
310 26 6.613445 9.229690
320 26 6.127692 9.275513
330 26 5.661511 9.365727
340 26 5.240581 9.558802
350 26 4.871846 9.761186
360 26 4.711472 9.999846
370 26 4.558043 10.248768
380 26 4.467964 10.589574
390 26 4.377674 10.930619
400 26 4.202357 11.238967
410 26 4.026829 11.547077
420 26 3.770903 11.817717
430 26 3.460888 12.062821
440 26 3.151084 12.308163
450 26 2.841279 12.553505
460 26 2.601559 12.838465
470 26 2.361839 13.123664
480 26 2.122120 13.408624
490 26 1.882400 13.693822
170 27 15.016265 1.879685
180 27 14.465057 2.072999
190 27 13.913848 2.266075
200 27 13.436093 2.405691
210 27 13.032000 2.491608
220 27 12.627907 2.577526
230 27 12.440803 2.617382
240 27 12.267801 2.739337
250 27 12.150782 3.190166
260 27 11.950209 3.493979
270 27 11.623988 3.577510
280 27 11.252938 3.643619
290 27 10.814329 3.683237
300 27 10.375930 3.723093
310 27 9.930796 3.805669
320 27 9.485452 3.888245
330 27 9.016325 4.002802
340 27 8.511209 4.165091
350 27 8.006093 4.327379
360 27 7.561590 4.455301
370 27 7.123823 4.579404
380 27 6.671744 4.685608
390 27 6.198197 4.765320
400 27 5.724651 4.844794
410 27 5.360336 4.872240
420 27 4.996021 4.899924
430 27 4.651279 4.892526
440 27 4.335581 4.832861
450 27 4.019884 4.773196
460 27 3.741228 4.773912
470 27 3.487196 4.815200
480 27 3.233165 4.856250
490 27 2.961875 4.945508
500 27 2.683220 5.055053
510 27 2.404353 5.164837
520 27 2.125698 5.274382
530 27 1.838623 5.245504
540 27 1.551759 5.216626
550 27 1.264685 5.187509
560 27 0.932992 5.206841
570 27 0.582357 5.246458
580 27 0.231512 5.286315
150 28 15.064461 3.818557
160 28 14.829793 3.699227
170 28 14.594913 3.579897
180 28 14.369505 3.484433
190 28 14.150201 3.404959
200 28 13.937631 3.308302
210 28 13.751369 3.142911
220 28 13.565318 2.977758
230 28 13.359483 2.768454
240 28 13.140600 2.529794
250 28 12.915191 2.283974
260 28 12.631064 1.973717
270 28 12.354302 1.665607
280 28 12.143837 1.376590
290 28 11.938423 1.142703
300 28 11.752582 1.128622
310 28 11.453932 1.220268
320 28 11.042052 1.417401
330 28 10.630382 1.544129
340 28 10.218502 1.388284
350 28 9.806832 1.232678
360 28 9.550907 0.816217
370 28 9.386744 0.439134
380 28 9.334128 0.164675
390 28 9.277512 -0.005728
400 28 9.214794 -0.019809
410 28 9.152286 -0.034128
420 28 9.089567 -0.048209
430 28 9.026849 -0.062529
440 28 8.964340 -0.076610
450 28 8.901622 -0.090929
460 28 8.839114 -0.105010
470 28 8.776395 -0.119330
480 28 8.365567 -0.062529
490 28 7.954529 -0.005728
500 28 7.578428 0.132218
510 28 7.205904 0.278993
520 28 6.824542 0.456556
530 28 6.421922 0.705717
540 28 6.019302 0.954639
550 28 5.782529 1.252964
560 28 5.545756 1.551289
570 28 5.308982 1.849613
580 28 5.207538 2.257006
590 28 5.139768 2.691844
600 28 5.072209 3.126443
610 28 4.929093 3.355557
620 28 4.785977 3.584670
630 28 4.663696 3.806146
640 28 4.562042 4.020224
650 28 4.460387 4.234064
660 28 4.237294 4.478928
670 28 3.933382 4.744079
680 28 3.629260 5.009231
690 28 3.250634 5.125697
700 28 2.863588 5.225934
710 28 2.476753 5.325932
720 28 2.049088 5.353617
730 28 1.611321 5.363163
740 28 1.202598 5.364834
750 28 0.861434 5.348366
760 28 0.520270 5.331899
770 28 0.179316 5.315431
180 29 14.711511 2.696856
190 29 14.176509 2.835994
200 29 13.641717 2.975372
210 29 13.186060 3.124295
220 29 12.783440 3.279902
230 29 12.425860 3.441474
240 29 12.173302 3.616412
250 29 11.865812 3.761994
260 29 11.544643 3.900178
270 29 11.228314 4.013065
280 29 10.912616 4.123325
290 29 10.575872 4.215209
300 29 10.190089 4.265089
310 29 9.804096 4.314731
320 29 9.378957 4.427139
330 29 8.949187 4.546469
340 29 8.516260 4.708519
350 29 8.080387 4.913051
360 29 7.644303 5.117582
370 29 7.229897 5.246936
380 29 6.824542 5.344309
390 29 6.419186 5.441443
400 29 5.951532 5.476765
410 29 5.483879 5.512087
420 29 5.046532 5.523542
430 29 4.680113 5.479390
440 29 4.313693 5.435238
450 29 4.000310 5.417577
460 29 3.722286 5.417577
470 29 3.444051 5.417577
480 29 3.225378 5.483209
490 29 3.021437 5.565308
500 29 2.817496 5.647168
510 29 2.581355 5.698003
520 29 2.323535 5.727835
530 29 2.065715 5.757668
540 29 1.807895 5.787500
550 29 1.484621 5.803013
560 29 1.117570 5.809218
570 29 0.750729 5.815423
580 29 0.383678 5.821390
190 30 14.726244 3.121193
200 30 14.500204 2.988498
210 30 14.274165 2.856042
220 30 14.038654 2.649124
230 30 13.799355 2.410464
240 30 13.559846 2.171804
250 30 13.351907 1.933144
260 30 13.151965 1.694485
270 30 12.936238 1.414298
280 30 12.716723 1.123849
290 30 12.470900 0.943661
300 30 12.199189 0.873972
310 30 11.927900 0.826002
320 30 11.663135 0.972300
330 30 11.398369 1.118598
340 30 11.133604 1.264897
350 30 10.800438 1.264897
360 30 10.467061 1.264897
370 30 10.135368 1.188287
380 30 9.804728 1.060365
390 30 9.473876 0.932444
400 30 9.144288 0.848913
410 30 8.814910 0.776122
420 30 8.630543 0.714786
430 30 8.591396 0.664906
440 30 8.552250 0.615026
450 30 8.513103 0.564908
460 30 8.461960 0.524097
470 30 8.363463 0.518846
480 30 8.264965 0.513835
490 30 8.166467 0.508823
500 30 8.067970 0.503811
510 30 7.888022 0.530063
520 30 7.626414 0.588058
530 30 7.365016 0.645813
540 30 7.094568 0.731254
550 30 6.788552 0.926477
560 30 6.482325 1.121701
570 30 6.176099 1.316925
580 30 5.905651 1.558448
590 30 5.638992 1.804984
600 30 5.372543 2.051758
610 30 5.139137 2.434330
620 30 4.909520 2.832176
630 30 4.679902 3.229783
640 30 4.454284 3.536461
650 30 4.230980 3.782281
660 30 4.007677 4.028339
670 30 3.759959 4.255782
680 30 3.454364 4.440504
690 30 3.148769 4.625466
700 30 2.830335 4.778924
710 30 2.460548 4.807802
720 30 2.090550 4.836918
730 30 1.720763 4.865796
740 30 1.315196 4.862932
750 30 0.905631 4.856488
760 30 0.496066 4.850044
770 30 0.086501 4.843601
220 31 15.115183 4.549810
230 31 14.866413 5.352423
240 31 14.554083 6.017091
250 31 14.225758 6.647153
260 31 13.907114 7.250007
270 31 13.610779 7.789140
280 31 13.314654 8.328272
290 31 13.033894 8.844016
300 31 12.763236 9.344008
310 31 12.557822 9.810588
320 31 12.417441 10.243756
330 31 12.277061 10.676923
340 31 12.127000 11.140639
350 31 11.974412 11.611993
360 31 11.821825 12.083346
370 31 11.669238 12.554699
380 31 11.561480 12.935361
390 31 11.465087 13.293351
400 31 11.368694 13.651341
260 32 14.964069 6.475556
270 32 14.582707 7.032588
280 32 14.240701 7.589382
290 32 13.890697 8.133287
300 32 13.469767 8.560966
310 32 13.048837 8.988644
320 32 12.715039 9.435654
330 32 12.418494 9.891255
340 32 12.156044 10.333015
350 32 11.928110 10.760693
360 32 11.708595 11.189326
370 32 11.566110 11.628221
380 32 11.423415 12.066878
390 32 11.280930 12.505774
400 32 11.195271 12.859229
410 32 11.109401 13.212922
420 32 11.023742 13.566378
350 33 14.842420 9.774551
360 33 14.437065 9.659517
370 33 14.031709 9.544721
380 33 13.602571 9.443530
390 33 13.157226 9.351884
400 33 12.712093 9.260000
410 33 12.306737 9.154035
420 33 11.901381 9.047832
430 33 11.484871 8.951413
440 33 11.042262 8.877429
450 33 10.599444 8.803205
460 33 10.137473 8.718004
470 33 9.646247 8.615619
480 33 9.143446 8.567887
490 33 8.613495 8.647361
500 33 8.083333 8.727073
510 33 7.557802 8.837811
520 33 7.035428 8.969551
530 33 6.512843 9.101053
540 33 6.014251 9.260955
550 33 5.525972 9.432790
560 33 5.083153 9.627536
570 33 4.822177 9.913928
580 33 4.561200 10.200320
590 33 4.369045 10.605087
600 33 4.206356 11.060688
610 33 4.012096 11.434430
620 33 3.786057 11.726072
630 33 3.560017 12.017953
640 33 3.208541 12.275705
650 33 2.825915 12.525344
660 33 2.436134 12.710066
670 33 2.041512 12.851830
680 33 1.646889 12.993594
690 33 1.252267 13.135358
700 33 0.857645 13.276883
710 33 0.463023 13.418647
720 33 0.068401 13.560411
380 34 14.574288 9.196755
390 34 14.125787 8.978859
400 34 13.666552 8.770032
410 34 13.109451 8.643781
420 34 12.559716 8.560250
430 34 12.020925 8.541157
440 34 11.482135 8.522064
450 34 11.024794 8.482685
460 34 10.576293 8.441397
470 34 10.032661 8.353093
480 34 9.425680 8.233763
490 34 8.818488 8.114433
500 34 8.248128 8.183645
510 34 7.677978 8.253095
520 34 7.107617 8.322306
530 34 6.514947 8.462638
540 34 5.919963 8.610607
550 34 5.324767 8.758815
560 34 4.883843 8.929218
570 34 4.442918 9.099860
580 34 4.209302 9.546392
590 34 3.998837 10.023712
600 34 3.810050 10.421080
610 34 3.626735 10.798163
620 34 3.443420 11.175484
630 34 3.104781 11.474286
640 34 2.699425 11.739437
650 34 2.294070 12.004588
660 34 1.857565 12.154944
670 34 1.421060 12.305061
680 34 0.977610 12.459235
690 34 0.518586 12.621762
700 34 0.059351 12.784528
400 35 14.888723 9.420857
410 35 14.603543 9.675030
420 35 14.318362 9.928964
430 35 14.033182 10.183136
440 35 13.745476 10.400555
450 35 13.455245 10.581698
460 35 13.165014 10.762841
470 35 12.892251 10.903889
480 35 12.631274 11.018446
490 35 12.373244 11.128229
500 35 12.140890 11.193861
510 35 11.908747 11.259731
520 35 11.689022 11.337772
530 35 11.519387 11.463546
540 35 11.349962 11.589559
550 35 11.180328 11.715571
560 35 11.054680 11.843493
570 35 10.958287 11.972846
580 35 10.861683 12.117951
590 35 10.765290 12.326779
600 35 10.668897 12.535606
410 36 14.765390 10.185523
420 36 14.515779 10.441844
430 36 14.266377 10.698164
440 36 14.016976 10.954485
450 36 13.761472 11.167608
460 36 13.505757 11.380731
470 36 13.280348 11.585263
480 36 13.175116 11.755666
490 36 13.069883 11.926069
500 36 12.977700 12.051604
510 36 12.905089 12.109121
520 36 12.832479 12.166638
530 36 12.716091 12.223916
540 36 12.555717 12.280717
550 36 12.346094 12.323199
560 36 12.062387 12.343962
570 36 11.782468 12.395751
580 36 11.537066 12.727250
590 36 11.291453 13.058748
400 37 15.108238 4.430003
410 37 14.986800 4.025952
420 37 14.865361 3.622140
430 37 14.648372 3.221907
440 37 14.367822 2.824061
450 37 13.989616 2.547455
460 37 13.513754 2.391849
470 37 13.043365 2.263211
480 37 12.594864 2.242447
490 37 12.146573 2.221684
500 37 11.813407 2.312852
510 37 11.493289 2.416669
520 37 11.325338 2.405452
530 37 11.258831 2.317625
540 37 11.217790 2.237436
550 37 11.187694 2.160826
560 37 11.157597 2.083977
570 37 10.973861 1.920018
580 37 10.772867 1.746512
590 37 10.498421 1.573007
600 37 10.192194 1.399501
610 37 9.848925 1.239122
620 37 9.468404 1.092346
630 37 9.088094 0.945570
640 37 8.627386 0.889485
650 37 8.158049 0.843662
660 37 7.697972 0.808579
670 37 7.260204 0.799033
680 37 6.822437 0.789487
690 37 6.398139 0.957264
700 37 5.977209 1.169433
710 37 5.562593 1.389477
720 37 5.205854 1.679926
730 37 4.848906 1.970614
740 37 4.654436 2.234333
750 37 4.500796 2.491131
760 37 4.330320 2.746020
770 37 4.093546 2.992078
780 37 3.856773 3.238375
790 37 3.620000 3.484433
800 37 3.365968 3.616173
810 37 3.111937 3.747675
820 37 2.859589 3.863186
830 37 2.621974 3.832399
840 37 2.384359 3.801612
850 37 2.146744 3.770825
860 37 1.849146 3.746243
870 37 1.551549 3.721422
880 37 1.258160 3.687055
890 37 1.002235 3.564384
900 37 0.746309 3.441952
910 37 0.490384 3.319280
920 37 0.234458 3.196848
570 38 14.695726 5.924730
580 38 14.511569 5.954562
590 38 14.327412 5.984394
600 38 14.122209 6.076279
610 38 13.911744 6.183675
620 38 13.685915 6.213747
630 38 13.456297 6.224725
640 38 13.247516 6.266252
650 38 13.052836 6.328065
660 38 12.857945 6.389877
670 38 12.503732 6.539279
680 38 12.131840 6.698465
690 38 11.760159 6.857412
700 38 11.463403 6.921134
710 38 11.174855 6.974117
720 38 10.887571 7.018269
730 38 10.604495 7.026383
740 38 10.321419 7.034736
750 38 10.014561 7.047863
760 38 9.651719 7.072445
770 38 9.288667 7.097265
780 38 8.896992 7.140701
790 38 8.462171 7.212299
800 38 8.027139 7.283897
810 38 7.620942 7.303706
820 38 7.258100 7.246189
830 38 6.895258 7.188672
840 38 6.515789 7.233540
850 38 6.119484 7.380793
860 38 5.723388 7.528285
870 38 5.333607 7.673867
880 38 5.001703 7.802266
890 38 4.669800 7.930904
900 38 4.327373 8.018253
910 38 3.974423 8.064315
920 38 3.621263 8.110615
930 38 3.332084 8.125650
940 38 3.138245 8.094386
950 38 2.944196 8.062883
960 38 2.750358 8.031618
970 38 2.493591 7.958827
980 38 2.194941 7.858829
990 38 1.896291 7.758830
1000 38 1.587117 7.659309
1010 38 1.267842 7.560504
1020 38 0.948566 7.461937
1030 38 0.568256 7.397022
1040 38 0.147326 7.355018
590 39 14.840316 5.469605
600 39 14.623537 5.578195
610 39 14.406758 5.686547
620 39 14.189768 5.795137
630 39 13.983302 5.906830
640 39 13.800829 6.026160
650 39 13.618566 6.145490
660 39 13.410837 6.326871
670 39 13.144177 6.653119
680 39 12.877729 6.979129
690 39 12.574028 7.247621
700 39 12.184036 7.380793
710 39 11.794044 7.514204
720 39 11.404052 7.647615
730 39 10.993224 7.621123
740 39 10.580081 7.576971
750 39 10.166938 7.549764
760 39 9.753164 7.591052
770 39 9.339600 7.632102
780 39 8.930245 7.680788
790 39 8.530993 7.746658
800 39 8.131951 7.812290
810 39 7.726806 7.870284
820 39 7.312610 7.916584
830 39 6.898415 7.962884
840 39 6.494953 8.023742
850 39 6.116116 8.119206
860 39 5.737279 8.214670
870 39 5.361599 8.312759
880 39 4.993285 8.417292
890 39 4.624971 8.521587
900 39 4.258551 8.617289
910 39 3.910231 8.633757
920 39 3.561912 8.650224
930 39 3.236322 8.645690
940 39 3.001864 8.556908
950 39 2.767406 8.468366
960 39 2.532737 8.379584
970 39 2.251345 8.302974
980 39 1.949538 8.231376
990 39 1.647942 8.159779
1000 39 1.386334 8.143788
1010 39 1.141984 8.151425
1020 39 0.897634 8.159063
1030 39 0.591828 8.111569
1040 39 0.245192 8.027322
630 40 14.795697 10.405567
640 40 14.347407 10.571674
650 40 13.898905 10.737543
660 40 13.569948 10.927755
670 40 13.292134 11.128229
680 40 13.042733 11.330135
690 40 12.906983 11.538008
700 40 12.771233 11.745881
710 40 12.644954 11.940388
720 40 12.605597 12.015089
730 40 12.566030 12.089551
740 40 12.526673 12.164251
750 40 12.487105 12.238713
760 40 12.470689 12.362578
770 40 12.507731 12.601237
780 40 12.472794 12.817225
790 40 12.389660 13.018176
800 40 12.306737 13.219128
810 40 12.223603 13.420318
630 41 15.115183 2.134812
640 41 14.732558 2.243402
650 41 14.547348 2.224309
660 41 14.362139 2.205217
670 41 14.207868 2.179203
680 41 14.084536 2.146268
690 41 13.960993 2.113333
700 41 13.915532 2.112139
710 41 13.921846 2.131948
720 41 13.928370 2.151995
730 41 13.934684 2.171804
740 41 13.940998 2.191613
750 41 13.947523 2.211660
760 41 13.953837 2.231469
770 41 13.960151 2.251278
780 41 13.966675 2.271325
790 41 13.972989 2.291134
800 41 13.979303 2.310943
810 41 13.985827 2.330990
820 41 13.992141 2.350799
830 41 14.011504 2.387075
840 41 14.050651 2.448172
850 41 14.090008 2.509269
860 41 14.129154 2.570366
870 41 14.169774 2.635997
880 41 14.224916 2.744110
890 41 14.280058 2.851985
900 41 14.335200 2.959859
910 41 14.390341 3.067972
920 41 14.453060 3.107112
930 41 14.516620 3.138615
940 41 14.579970 3.170118
950 41 14.643531 3.201621
960 41 14.707091 3.233124
970 41 14.769389 3.271787
980 41 14.830424 3.315223
990 41 14.891669 3.358659
1000 41 14.952915 3.402095
1010 41 15.014160 3.445293
1020 41 15.075405 3.488729
690 42 14.484419 0.997359
700 42 13.945839 1.130770
710 42 13.407259 1.264181
720 42 12.874361 1.422651
730 42 12.392396 1.807609
740 42 11.910221 2.192568
750 42 11.428255 2.577526
760 42 10.937240 3.044822
770 42 10.446015 3.512356
780 42 9.986149 3.898508
790 42 9.546908 4.230484
800 42 9.103247 4.559118
810 42 8.649485 4.879877
820 42 8.195722 5.200636
830 42 7.759849 5.525690
840 42 7.486244 5.891794
850 42 7.212639 6.257660
860 42 6.937772 6.626867
870 42 6.650697 7.024474
880 42 6.363623 7.422320
890 42 6.076759 7.820166
900 42 5.729071 8.162881
910 42 5.366229 8.492232
920 42 5.003177 8.821344
930 42 4.711893 9.234225
940 42 4.428607 9.656653
950 42 4.196043 10.087195
960 42 4.081760 10.537069
970 42 3.967478 10.987181
980 42 3.853406 11.437294
990 42 3.626735 11.793613
1000 42 3.371862 12.126543
1010 42 3.117199 12.459235
1020 42 2.862325 12.792165
1030 42 2.595666 13.030825
1040 42 2.329217 13.269485
1050 42 2.062558 13.508145
700 43 14.886408 9.902234
710 43 14.610277 9.924429
720 43 14.333937 9.946863
730 43 14.057807 9.969297
740 43 13.857023 9.869060
750 43 13.688651 9.716318
760 43 13.549323 9.553552
770 43 13.525961 9.350214
780 43 13.502600 9.146875
790 43 13.541957 9.045206
800 43 13.644243 9.045206
810 43 13.746318 9.045206
820 43 13.848604 9.045206
830 43 13.959940 9.003202
840 43 14.071487 8.960959
850 43 14.182823 8.918955
860 43 14.244279 8.924206
870 43 14.272481 8.960959
880 43 14.300683 8.997952
890 43 14.328886 9.034944
900 43 14.357088 9.071698
910 43 14.385501 9.108690
920 43 14.413703 9.145682
930 43 14.441905 9.182436
940 43 14.470108 9.219428
950 43 14.498310 9.256420
960 43 14.632797 9.409401
970 43 14.779281 9.575508
980 43 14.905350 9.682667
990 43 15.018159 9.750923
1000 43 15.130968 9.819180
720 44 14.724770 4.173444
730 44 14.207237 4.879638
740 44 13.689914 5.585594
750 44 13.098927 6.019716
760 44 12.499944 6.423529
770 44 11.877809 6.755027
780 44 11.201164 6.916838
790 44 10.524729 7.078888
800 44 9.933953 7.250485
810 44 9.428837 7.431866
820 44 8.923721 7.613248
830 44 8.787550 7.907992
840 44 8.603393 8.188656
850 44 8.307058 8.436147
860 44 8.010933 8.683637
870 44 7.671453 8.859290
880 44 7.303139 8.987212
890 44 6.934825 9.115134
900 44 6.536415 9.202006
910 44 6.130638 9.278854
920 44 5.724651 9.355464
930 44 5.345814 9.546392
940 44 4.966977 9.737320
950 44 4.728941 10.002710
960 44 4.631916 10.342322
970 44 4.534681 10.681935
980 44 4.379779 10.995057
990 44 4.218352 11.305315
1000 44 4.057136 11.615572
1010 44 3.693663 11.861392
1020 44 3.307880 12.100052
1030 44 2.934515 12.321767
1040 44 2.573778 12.526298
1050 44 2.248188 12.758514
1060 44 1.975846 13.032257
1070 44 1.703505 13.306000
1080 44 1.431163 13.579743
720 45 15.242936 5.149085
730 45 14.966805 5.283212
740 45 14.690465 5.417577
750 45 14.298579 5.499915
760 45 13.906693 5.582253
770 45 13.516069 5.675330
780 45 13.137232 5.866258
790 45 12.758395 6.057186
800 45 12.394922 6.174368
810 45 12.041551 6.242624
820 45 11.688390 6.310881
830 45 11.347016 6.276753
840 45 11.008798 6.217088
850 45 10.670581 6.157423
860 45 10.344360 6.109691
870 45 10.018139 6.061959
880 45 9.772526 6.022103
890 45 9.527124 5.982485
900 45 9.314765 6.026637
910 45 9.124715 6.126636
920 45 8.934665 6.226634
930 45 8.715781 6.294414
940 45 8.468064 6.329497
950 45 8.220557 6.364580
960 45 7.986520 6.401333
970 45 7.875394 6.454316
980 45 7.764479 6.507537
990 45 7.653353 6.560519
1000 45 7.473406 6.579851
1010 45 7.224636 6.565292
1020 45 6.975866 6.550734
1030 45 6.723097 6.534744
1040 45 6.453281 6.512310
1050 45 6.183675 6.490115
1060 45 5.914070 6.467681
1070 45 5.622154 6.436893
1080 45 5.330239 6.406106
1090 45 5.038324 6.375319
1100 45 4.962557 6.360045
1110 45 4.910993 6.346441
1120 45 4.859429 6.333076
1130 45 4.807654 6.319473
1140 45 4.756091 6.306108
1150 45 4.675272 6.290834
1160 45 4.574670 6.274605
1170 45 4.474278 6.258376
1180 45 4.373886 6.242147
1190 45 4.256657 6.223054
1200 45 4.072500 6.193222
1210 45 3.888343 6.163389
1220 45 3.687559 6.176993
1230 45 3.482356 6.201575
1240 45 3.277363 6.225918
1250 45 3.072159 6.250500
1260 45 2.962086 6.224725
1270 45 2.862325 6.193222
1280 45 2.762565 6.161719
1290 45 2.667645 6.131648
1300 45 2.615029 6.112793
1310 45 2.562413 6.093939
1320 45 2.509796 6.075085
1330 45 2.457180 6.056231
1340 45 2.404564 6.037377
1350 45 2.351948 6.018523
1360 45 2.299331 5.999669
1370 45 2.121067 5.946209
1380 45 1.816945 5.857666
1390 45 1.513034 5.769362
1400 45 1.127041 5.712084
1410 45 0.720633 5.662920
1420 45 0.314224 5.613517
750 46 14.798854 5.806354
760 46 14.408862 5.876759
770 46 14.018870 5.946925
780 46 13.628879 6.017091
790 46 13.327703 6.133557
800 46 13.064622 6.269832
810 46 12.801540 6.406345
820 46 12.481212 6.419949
830 46 12.154781 6.419949
840 46 11.828139 6.419949
850 46 11.563374 6.404436
860 46 11.298609 6.389161
870 46 11.033844 6.373649
880 46 10.729090 6.325201
890 46 10.419917 6.272934
900 46 10.110954 6.220906
910 46 9.848925 6.205155
920 46 9.607311 6.205155
930 46 9.365697 6.205155
940 46 9.096092 6.309449
950 46 8.826486 6.413982
960 46 8.556669 6.518276
970 46 8.300744 6.672928
980 46 8.048186 6.839990
990 46 7.795628 7.007052
1000 46 7.579901 7.025667
1010 46 7.373645 7.007529
1020 46 7.167179 6.989152
1030 46 6.960713 6.970775
1040 46 6.754246 6.952399
1050 46 6.498742 6.945000
1060 46 6.210194 6.945000
1070 46 5.921857 6.945000
1080 46 5.673087 6.931158
1090 46 5.428737 6.915645
1100 46 5.184177 6.900371
1110 46 5.036641 6.877459
1120 46 4.913308 6.852877
1130 46 4.789975 6.828057
1140 46 4.715471 6.815169
1150 46 4.646438 6.803475
1160 46 4.577406 6.791542
1170 46 4.508373 6.779848
1180 46 4.439341 6.768153
1190 46 4.370518 6.756459
1200 46 4.182994 6.760039
1210 46 3.966005 6.767437
1220 46 3.748805 6.774836
1230 46 3.566542 6.770301
1240 46 3.407220 6.757414
1250 46 3.247898 6.744287
1260 46 3.088786 6.731400
1270 46 3.012598 6.730206
1280 46 2.945880 6.730206
1290 46 2.878952 6.730206
1300 46 2.812235 6.730206
1310 46 2.745307 6.730206
1320 46 2.678589 6.730206
1330 46 2.589773 6.698703
1340 46 2.486435 6.645959
1350 46 2.382886 6.593454
1360 46 2.279548 6.540949
1370 46 2.175999 6.488205
1380 46 2.072450 6.435700
1390 46 1.788953 6.396083
1400 46 1.428216 6.361954
1410 46 1.040960 6.331883
1420 46 0.636236 6.304199
1430 46 0.231512 6.276753
750 47 14.935446 6.474124
760 47 14.614908 6.491547
770 47 14.237544 6.491547
780 47 13.860180 6.491547
790 47 13.523436 6.528539
800 47 13.280980 6.651449
810 47 13.038734 6.774358
820 47 12.796279 6.897268
830 47 12.515729 6.911826
840 47 12.234968 6.926146
850 47 11.954418 6.940704
860 47 11.651769 6.921850
870 47 11.339650 6.889154
880 47 11.027740 6.856219
890 47 10.752031 6.798702
900 47 10.485372 6.734980
910 47 10.218712 6.671257
920 47 9.981097 6.667677
930 47 9.750638 6.679133
940 47 9.508393 6.740469
950 47 9.261307 6.823522
960 47 9.006223 6.917554
970 47 8.739143 7.027576
980 47 8.472063 7.137837
990 47 8.186461 7.238790
1000 47 7.896020 7.337596
1010 47 7.605788 7.436401
1020 47 7.363543 7.446186
1030 47 7.126770 7.446186
1040 47 6.889996 7.446186
1050 47 6.644173 7.446186
1060 47 6.394140 7.446186
1070 47 6.144318 7.446186
1080 47 5.847352 7.434253
1090 47 5.503663 7.410387
1100 47 5.159973 7.386521
1110 47 4.859850 7.367189
1120 47 4.603293 7.352154
1130 47 4.346736 7.337357
1140 47 4.153739 7.325424
1150 47 4.109121 7.320651
1160 47 4.064502 7.315878
1170 47 4.019884 7.310866
1180 47 3.975265 7.306092
1190 47 3.930646 7.301319
1200 47 3.886028 7.296546
1210 47 3.841409 7.291773
1220 47 3.796580 7.286761
1230 47 3.751962 7.281988
1240 47 3.643151 7.267668
1250 47 3.437527 7.239268
1260 47 3.232113 7.210867
1270 47 3.026699 7.182467
1280 47 2.854117 7.158362
1290 47 2.812656 7.151202
1300 47 2.771194 7.143804
1310 47 2.729732 7.136644
1320 47 2.688271 7.129484
1330 47 2.646809 7.122086
1340 47 2.605348 7.114926
1350 47 2.515269 7.088673
1360 47 2.392778 7.049533
1370 47 2.270287 7.010632
1380 47 2.147796 6.971491
1390 47 2.025516 6.932351
1400 47 1.870403 6.893688
1410 47 1.422534 6.856935
1420 47 0.974664 6.820181
1430 47 0.526794 6.783427
1440 47 0.078714 6.746674
800 48 14.965753 3.030025
810 48 14.527986 3.039571
820 48 14.090218 3.049118
830 48 13.689703 2.985395
840 48 13.345382 2.811890
850 48 13.019372 2.674899
860 48 12.766814 2.684445
870 48 12.514255 2.693992
880 48 12.223603 2.745542
890 48 11.916745 2.815231
900 48 11.617043 2.915468
910 48 11.334178 3.086826
920 48 11.051312 3.258422
930 48 10.770762 3.424052
940 48 10.510417 3.537177
950 48 10.250282 3.650302
960 48 9.989937 3.763188
970 48 9.711281 3.858413
980 48 9.389690 3.911395
990 48 9.068100 3.964378
1000 48 8.746509 4.017360
1010 48 8.400083 4.053637
1020 48 8.042924 4.082515
1030 48 7.685765 4.111392
1040 48 7.314083 4.153396
1050 48 6.920303 4.214971
1060 48 6.526523 4.276545
1070 48 6.156104 4.363894
1080 48 5.840407 4.511386
1090 48 5.524709 4.658878
1100 48 5.209011 4.806131
1110 48 4.818178 4.857920
1120 48 4.419136 4.899208
1130 48 4.019884 4.940258
1140 48 3.575592 4.975580
1150 48 3.131300 5.010901
1160 48 2.740256 5.013049
1170 48 2.473176 4.937394
1180 48 2.206306 4.861739
1190 48 1.939436 4.786084
1200 48 1.668778 4.717111
1210 48 1.384019 4.674868
1220 48 1.099470 4.632864
1230 48 0.814710 4.590621
1240 48 0.529951 4.548617
1250 48 0.245192 4.506374
810 49 14.988694 3.430019
820 49 14.611330 3.446486
830 49 14.233966 3.462954
840 49 13.856602 3.479421
850 49 13.540904 3.421666
860 49 13.251515 3.332168
870 49 12.949708 3.290164
880 49 12.618857 3.358182
890 49 12.288216 3.426439
900 49 11.968098 3.513311
910 49 11.658504 3.618560
920 49 11.349121 3.723809
930 49 11.043946 3.829535
940 49 10.779392 3.938603
950 49 10.514837 4.047670
960 49 10.250282 4.156738
970 49 9.950369 4.259839
980 49 9.626885 4.358644
990 49 9.303610 4.457688
1000 49 8.980125 4.556732
1010 49 8.652221 4.640740
1020 49 8.319475 4.709951
1030 49 7.986730 4.779401
1040 49 7.647881 4.832861
1050 49 7.299140 4.862693
1060 49 6.950610 4.892526
1070 49 6.604395 4.939065
1080 49 6.267651 5.052428
1090 49 5.930907 5.165791
1100 49 5.594163 5.279155
1110 49 5.250263 5.380824
1120 49 4.877318 5.435238
1130 49 4.504585 5.489891
1140 49 4.131641 5.544306
1150 49 3.738702 5.560773
1160 49 3.336924 5.560773
1170 49 2.934936 5.560773
1180 49 2.573357 5.527122
1190 49 2.271971 5.443353
1200 49 1.970374 5.359583
1210 49 1.668988 5.275575
1220 49 1.389491 5.203261
1230 49 1.119674 5.135959
1240 49 0.849648 5.068418
1250 49 0.579621 5.000877
1260 49 0.309805 4.933575
900 50 14.966805 9.511309
910 50 14.538930 9.479567
920 50 14.111054 9.447825
930 50 13.682968 9.415845
940 50 13.322441 9.352123
950 50 13.006744 9.266921
960 50 12.691046 9.181481
970 50 12.341674 9.126351
980 50 11.983883 9.078619
990 50 11.626093 9.030887
1000 50 11.319655 9.026352
1010 50 11.026057 9.032557
1020 50 10.732668 9.039001
1030 50 10.439069 9.045206
1040 50 10.100010 9.085063
1050 50 9.760951 9.124680
1060 50 9.421892 9.164536
1070 50 9.072519 9.178856
1080 50 8.707573 9.154990
1090 50 8.342837 9.131124
1100 50 7.958317 9.091268
1110 50 7.544543 9.027784
1120 50 7.130558 8.964062
1130 50 6.775503 8.868598
1140 50 6.509054 8.725402
1150 50 6.242395 8.582206
1160 50 6.025406 8.404166
1170 50 5.882500 8.174098
1180 50 5.739594 7.944030
1190 50 5.660880 7.745465
1200 50 5.624891 7.568141
1210 50 5.588691 7.391055
1220 50 5.569959 7.202037
1230 50 5.707603 6.908247
1240 50 5.845247 6.614456
1250 50 6.081600 6.343816
1260 50 6.416871 6.096326
1270 50 6.751931 5.848836
1280 50 7.173914 5.547170
1290 50 7.617364 5.231661
1300 50 8.060814 4.916392
1310 50 8.525100 4.705894
1320 50 8.989386 4.495157
1330 50 9.453672 4.284659
1340 50 9.990989 4.108290
1350 50 10.577345 3.954832
1360 50 11.163701 3.801612
1370 50 11.753635 3.601854
1380 50 12.344621 3.390878
1390 50 12.935607 3.153651
1400 50 13.526803 2.812844
1410 50 14.109791 2.458196
1420 50 14.617433 1.980876
1430 50 15.125075 1.503557
910 51 14.900930 1.485419
920 51 14.480000 1.575871
930 51 14.059069 1.666561
940 51 13.638139 1.757013
950 51 13.090930 1.726226
960 51 12.529619 1.682074
970 51 12.020504 1.646753
980 51 11.719960 1.646753
990 51 11.445093 1.643889
1000 51 11.402158 1.614534
1010 51 11.359012 1.585417
1020 51 11.316078 1.556062
1030 51 11.273143 1.526945
1040 51 11.229576 1.504034
1050 51 11.183064 1.506421
1060 51 11.136340 1.508569
1070 51 11.089828 1.510955
1080 51 11.043315 1.513103
1090 51 10.996802 1.515490
1100 51 10.950289 1.517876
1110 51 10.903776 1.520024
1120 51 10.857264 1.522411
1130 51 10.810540 1.524559
1140 51 10.764028 1.526945
1150 51 10.439069 1.455825
1160 51 10.044447 1.366327
1170 51 9.662874 1.251532
1180 51 9.300874 1.098790
1190 51 8.938874 0.946047
1200 51 8.690525 0.767530
1210 51 8.454804 0.586148
1220 51 8.274436 0.482570
1230 51 8.176990 0.495935
1240 51 8.079545 0.509061
1250 51 7.982100 0.522426
1260 51 7.884654 0.535553
1270 51 7.787209 0.548918
1280 51 7.685344 0.448919
1290 51 7.583479 0.348682
1300 51 7.481614 0.248684
1310 51 7.418264 0.164914
1320 51 7.359123 0.082815
1330 51 7.299772 0.000716
1340 51 7.262099 -0.020525
1350 51 7.233265 -0.015990
1360 51 7.204642 -0.011217
1370 51 7.175808 -0.006682
1380 51 7.147185 -0.001909
1390 51 7.118561 0.002625
1400 51 7.089728 0.007398
1410 51 7.061104 0.011933
1420 51 7.032481 0.016468
1430 51 7.003647 0.021241
1440 51 6.975024 0.025775
1450 51 6.946401 0.030548
1460 51 6.917567 0.035083
1470 51 6.888944 0.039856
1480 51 6.860110 0.044391
1490 51 6.864320 0.127683
1500 51 6.945349 0.393789
1510 51 7.026378 0.659894
1520 51 7.242736 1.211914
1530 51 7.517182 1.886367
1540 51 7.772266 2.584447
1550 51 7.997674 3.317371
1560 51 8.223082 4.050295
1570 51 8.388297 4.701598
1580 51 8.513314 5.298248
1590 51 8.638330 5.894897
1600 51 8.834273 6.443815
1610 51 9.136922 6.921134
1620 51 9.439360 7.398454
1630 51 9.746008 7.861454
1640 51 10.068651 8.267175
1650 51 10.391294 8.672897
1660 51 10.722776 9.048786
1670 51 11.089196 9.305107
1680 51 11.455616 9.561428
1690 51 11.818037 9.808918
1700 51 12.176669 10.047578
1710 51 12.535091 10.286237
1720 51 12.643481 10.599598
1730 51 12.689152 10.931573
1740 51 12.653162 11.269516
1750 51 12.535302 11.613186
1760 51 12.417441 11.956856
1770 51 12.298108 12.195516
1780 51 12.178984 12.434176
1790 51 12.059651 12.672835
1800 51 12.070385 12.733455
1810 51 12.081118 12.794075
1820 51 12.091852 12.854933
1830 51 12.102375 12.915552
1840 51 12.113109 12.976172
1850 51 12.123843 13.036792
1060 52 15.174534 5.666261
1070 52 14.753604 5.805400
1080 52 14.326991 5.982008
1090 52 13.898064 6.174845
1100 52 13.464926 6.368637
1110 52 12.995379 6.570543
1120 52 12.525831 6.772449
1130 52 12.133314 6.979367
1140 52 11.817616 7.191536
1150 52 11.583368 7.351915
1160 52 11.383847 7.490099
1170 52 11.084566 7.533774
1180 52 10.760029 7.553583
1190 52 10.422022 7.622078
1200 52 10.063389 7.763603
1210 52 9.704757 7.904890
1220 52 9.334128 7.971237
1230 52 8.958237 8.005366
1240 52 8.582557 8.039494
1250 52 8.149420 8.061689
1260 52 7.709758 8.082930
1270 52 7.270307 8.103932
1280 52 6.803916 8.114433
1290 52 6.310375 8.114433
1300 52 5.816835 8.114433
1310 52 5.374648 8.087703
1320 52 4.966977 8.042835
1330 52 4.559095 7.998206
1340 52 4.216879 7.955963
1350 52 3.972739 7.917778
1360 52 3.728600 7.879592
1370 52 3.548231 7.875773
1380 52 3.374808 7.875773
1390 52 3.201595 7.875773
1400 52 3.045851 7.842838
1410 52 2.907996 7.776968
1420 52 2.770142 7.711098
1430 52 2.537367 7.671481
1440 52 2.241453 7.649047
1450 52 1.945539 7.626613
1460 52 1.650888 7.602747
1470 52 1.358763 7.576017
1480 52 1.066427 7.549525
1490 52 0.774091 7.523034
1500 52 0.481755 7.496543
1510 52 0.189419 7.470052
1080 53 14.877989 5.201590
1090 53 14.265746 5.451228
1100 53 13.653503 5.700628
1110 53 13.231310 5.918763
1120 53 12.890567 6.123294
1130 53 12.585814 6.348351
1140 53 12.305264 6.587010
1150 53 12.174144 6.581760
1160 53 12.080697 6.515413
1170 53 12.008297 6.865526
1180 53 11.777628 7.007052
1190 53 11.272511 7.150248
1200 53 10.737509 7.181512
1210 53 10.182723 7.138076
1220 53 9.626464 7.095356
1230 53 9.068310 7.054068
1240 53 8.510367 7.016598
1250 53 7.955581 7.016598
1260 53 7.400795 7.016598
1270 53 6.944507 7.107527
1280 53 6.499373 7.208481
1290 53 6.051714 7.287477
1300 53 5.598372 7.314923
1310 53 5.145030 7.342369
1320 53 4.771034 7.344278
1330 53 4.431132 7.335209
1340 53 4.100702 7.325901
1350 53 3.856563 7.316355
1360 53 3.612423 7.306808
1370 53 3.413744 7.291534
1380 53 3.245372 7.272441
1390 53 3.077000 7.254781
1400 53 2.908628 7.249530
1410 53 2.740256 7.244041
1420 53 2.571884 7.238790
1430 53 2.403512 7.233540
1440 53 2.157057 7.194877
1450 53 1.858407 7.133780
1460 53 1.559967 7.072683
1470 53 1.261317 7.011586
1480 53 0.956353 6.974117
1490 53 0.636867 6.991777
1500 53 0.317171 7.009438
1120 54 14.662052 5.793228
1130 54 14.167880 5.969598
1140 54 13.673918 6.145967
1150 54 13.252988 6.405390
1160 54 12.850368 6.685577
1170 54 12.543721 6.880323
1180 54 12.333255 6.989868
1190 54 12.106795 7.083900
1200 54 11.735324 7.041896
1210 54 11.340281 7.038316
1220 54 10.909669 7.092492
1230 54 10.489792 7.168863
1240 54 10.112428 7.333538
1250 54 9.735064 7.497975
1260 54 9.362751 7.669571
1270 54 9.001803 7.856919
1280 54 8.641066 8.044506
1290 54 8.220136 8.214909
1300 54 7.739013 8.368367
1310 54 7.258100 8.521825
1320 54 6.784764 8.645929
1330 54 6.314585 8.757144
1340 54 5.844616 8.868598
1350 54 5.459675 9.105587
1360 54 5.110935 9.396514
1370 54 4.762405 9.687440
1380 54 4.530472 9.994356
1390 54 4.414927 10.317740
1400 54 4.299592 10.641124
1410 54 4.128063 10.953769
1420 54 3.871927 11.250662
1430 54 3.616001 11.547316
1440 54 3.360075 11.843970
1450 54 3.050060 12.100052
1460 54 2.716684 12.338712
1470 54 2.404564 12.582145
1480 54 2.141482 12.837272
1490 54 1.878401 13.092161
1500 54 1.615320 13.347049
1510 54 1.352238 13.601938
1130 55 14.656580 6.581760
1140 55 14.336252 6.571498
1150 55 14.027079 6.571498
1160 55 13.761682 6.613024
1170 55 13.496286 6.654551
1180 55 13.237203 6.678179
1190 55 12.978962 6.699897
1200 55 12.721353 6.749538
1210 55 12.464165 6.811589
1220 55 12.206976 6.873402
1230 55 11.951893 6.931158
1240 55 11.696809 6.989152
1250 55 11.441725 7.046908
1260 55 11.165805 7.054545
1270 55 10.881046 7.040464
1280 55 10.596287 7.026383
1290 55 10.294901 7.018746
1300 55 9.954368 7.025667
1310 55 9.613836 7.032827
1320 55 9.273514 7.039748
1330 55 9.054630 7.035214
1340 55 8.849216 7.029486
1350 55 8.644013 7.023519
1360 55 8.438599 7.017791
1370 55 8.239709 6.956933
1380 55 8.042503 6.882471
1390 55 7.845087 6.807771
1400 55 7.631044 6.777938
1410 55 7.405846 6.777938
1420 55 7.180859 6.777938
1430 55 6.955661 6.777938
1440 55 6.728149 6.779848
1450 55 6.495585 6.786053
1460 55 6.263021 6.792497
1470 55 6.030457 6.798702
1480 55 5.796209 6.807532
1490 55 5.560699 6.818749
1500 55 5.325188 6.830205
1510 55 5.089678 6.841660
1520 55 4.848906 6.826864
1530 55 4.595295 6.750731
1540 55 4.341895 6.674837
1550 55 4.088285 6.598943
1560 55 3.834674 6.523050
1570 55 3.610318 6.537369
1580 55 3.389120 6.561951
1590 55 3.167710 6.586294
1600 55 2.946512 6.610876
1610 55 2.804869 6.654790
1620 55 2.663015 6.698465
1630 55 2.521372 6.742378
1640 55 2.379519 6.786291
1650 55 2.236613 6.825193
1660 55 2.083605 6.819704
1670 55 1.930596 6.814215
1680 55 1.777378 6.808964
1690 55 1.624370 6.803475
1700 55 1.469678 6.765528
1710 55 1.313934 6.713500
1720 55 1.158400 6.661711
1730 55 1.002866 6.609922
1740 55 0.841860 6.556462
1750 55 0.631395 6.489399
1760 55 0.420930 6.422097
1770 55 0.210465 6.355033
1130 56 14.816744 7.064330
1140 56 14.555557 7.056216
1150 56 14.294159 7.047863
1160 56 14.036129 7.044044
1170 56 13.806511 7.080320
1180 56 13.576894 7.116358
1190 56 13.347276 7.152634
1200 56 13.070936 7.210151
1210 56 12.783019 7.272919
1220 56 12.494893 7.335686
1230 56 12.206976 7.398454
1240 56 11.916955 7.437117
1250 56 11.626724 7.475780
1260 56 11.336703 7.514442
1270 56 11.033212 7.545230
1280 56 10.698573 7.557640
1290 56 10.364144 7.569812
1300 56 10.029504 7.581983
1310 56 9.733380 7.584370
1320 56 9.495344 7.571721
1330 56 9.257097 7.559310
1340 56 9.019061 7.546662
1350 56 8.822697 7.530910
1360 56 8.654325 7.513010
1370 56 8.485953 7.495111
1380 56 8.317581 7.477212
1390 56 8.116166 7.455255
1400 56 7.892442 7.430196
1410 56 7.668928 7.405375
1420 56 7.445203 7.380554
1430 56 7.221479 7.355734
1440 56 6.989336 7.346426
1450 56 6.754878 7.340937
1460 56 6.520630 7.335448
1470 56 6.286172 7.330197
1480 56 6.048767 7.324708
1490 56 5.806943 7.319696
1500 56 5.565329 7.314684
1510 56 5.323504 7.309672
1520 56 5.081680 7.304422
1530 56 4.795237 7.276021
1540 56 4.489642 7.237597
1550 56 4.184257 7.199173
1560 56 3.944748 7.170056
1570 56 3.749225 7.147384
1580 56 3.553914 7.124472
1590 56 3.358392 7.101800
1600 56 3.178865 7.107289
1610 56 3.023121 7.155021
1620 56 2.867377 7.202753
1630 56 2.711632 7.250485
1640 56 2.555888 7.298217
1650 56 2.384359 7.317787
1660 56 2.188837 7.295114
1670 56 1.993315 7.272203
1680 56 1.798003 7.249530
1690 56 1.617003 7.225187
1700 56 1.493460 7.193922
1710 56 1.369917 7.162897
1720 56 1.246374 7.131871
1730 56 1.122831 7.100606
1740 56 0.950460 7.073160
1750 56 0.745467 7.048101
1760 56 0.540474 7.022803
1770 56 0.335692 6.997744
1210 57 14.851050 7.804175
1220 57 14.526512 7.724702
1230 57 14.201975 7.644989
1240 57 13.886488 7.575062
1250 57 13.591837 7.527330
1260 57 13.404102 7.405375
1270 57 13.227311 7.275783
1280 57 12.906562 7.241654
1290 57 12.585814 7.207526
1300 57 12.200031 7.137837
1310 57 11.814038 7.068387
1320 57 11.407209 6.979845
1330 57 10.986279 6.878891
1340 57 10.565349 6.777938
1350 57 10.164202 6.695839
1360 57 9.763056 6.613740
1370 57 9.361699 6.531880
1380 57 8.927930 6.400856
1390 57 8.485953 6.257660
1400 57 8.043976 6.114464
1410 57 7.559486 6.085825
1420 57 7.064261 6.085825
1430 57 6.569037 6.085825
1440 57 6.084967 6.127590
1450 57 5.618156 6.231885
1460 57 5.151134 6.336418
1470 57 4.688952 6.440473
1480 57 4.245292 6.542620
1490 57 3.801842 6.645005
1500 57 3.393329 6.724717
1510 57 3.037222 6.770540
1520 57 2.680905 6.816601
1530 57 2.375309 6.852877
1540 57 2.082131 6.887006
1550 57 1.788953 6.921134
1560 57 1.497038 6.944284
1570 57 1.205123 6.967434
1580 57 0.913208 6.990346
1590 57 0.580884 7.024951
1600 57 0.244140 7.060750
1320 58 14.671733 0.796885
1330 58 14.258169 0.907862
1340 58 13.844816 1.018600
1350 58 13.440512 1.128145
1360 58 13.045048 1.236735
1370 58 12.649584 1.345087
1380 58 12.251805 1.467758
1390 58 11.843924 1.646753
1400 58 11.436253 1.825747
1410 58 11.028372 2.004742
1420 58 10.664899 2.178248
1430 58 10.301215 2.351992
1440 58 9.937742 2.525498
1450 58 9.563535 2.682536
1460 58 9.184697 2.832653
1470 58 8.805860 2.982532
1480 58 8.419867 3.115704
1490 58 8.005251 3.180619
1500 58 7.590845 3.245773
1510 58 7.176229 3.310927
1520 58 6.850639 3.424768
1530 58 6.534942 3.544098
1540 58 6.219244 3.663428
1550 58 5.929013 3.777746
1560 58 5.664458 3.886813
1570 58 5.399903 3.995881
1580 58 5.135349 4.104949
1590 58 4.931829 4.248144
1600 58 4.728520 4.391340
1610 58 4.525000 4.534536
1620 58 4.258761 4.752194
1630 58 3.992734 4.969852
1640 58 3.726495 5.187271
1650 58 3.481514 5.329751
1660 58 3.250634 5.422112
1670 58 3.019753 5.514473
1680 58 2.767195 5.517337
1690 58 2.492959 5.430704
1700 58 2.218723 5.343832
1710 58 1.940488 5.269608
1720 58 1.645837 5.245742
1730 58 1.351186 5.221876
1740 58 1.054009 5.187271
1750 58 0.746941 5.109945
1760 58 0.439662 5.032381
1770 58 0.132593 4.955055
1780 58 -0.174686 4.877729
1330 59 15.012266 1.358929
1340 59 14.570920 1.443414
1350 59 14.129575 1.528139
1360 59 13.688440 1.612863
1370 59 13.255724 1.720498
1380 59 12.828690 1.843170
1390 59 12.401867 1.965841
1400 59 11.981358 2.100922
1410 59 11.619568 2.346980
1420 59 11.257989 2.593277
1430 59 10.896200 2.839336
1440 59 10.502840 3.011171
1450 59 10.105903 3.174891
1460 59 9.708966 3.338612
1470 59 9.318132 3.481808
1480 59 8.935928 3.594933
1490 59 8.553723 3.708057
1500 59 8.171518 3.821182
1510 59 7.795207 3.928818
1520 59 7.422894 4.032635
1530 59 7.050581 4.136690
1540 59 6.678268 4.240746
1550 59 6.339630 4.353393
1560 59 6.015303 4.469382
1570 59 5.691187 4.585609
1580 59 5.366860 4.701598
1590 59 5.190491 4.811143
1600 59 5.014121 4.920926
1610 59 4.837751 5.030471
1620 59 4.642650 5.155768
1630 59 4.403772 5.316863
1640 59 4.164894 5.478197
1650 59 3.926016 5.639531
1660 59 3.696609 5.782011
1670 59 3.473306 5.912319
1680 59 3.250002 6.042389
1690 59 3.016175 6.118760
1700 59 2.757093 6.069835
1710 59 2.498010 6.020909
1720 59 2.238928 5.971984
1730 59 1.929334 5.904921
1740 59 1.543341 5.810411
1750 59 1.157558 5.715902
1760 59 0.771776 5.621393
1770 59 0.385783 5.526884
1380 60 14.837790 0.644381
1390 60 14.485051 0.760370
1400 60 14.132522 0.876597
1410 60 13.779782 0.992586
1420 60 13.457560 1.127190
1430 60 13.206265 1.304276
1440 60 12.955180 1.481123
1450 60 12.674419 1.667993
1460 60 12.275588 1.894243
1470 60 11.876967 2.120254
1480 60 11.478136 2.346503
1490 60 11.201795 2.497336
1500 60 11.109190 2.535522
1510 60 11.016586 2.573707
1520 60 10.954498 2.620962
1530 60 10.895779 2.669171
1540 60 10.837059 2.717380
1550 60 10.778550 2.765351
1560 60 10.719830 2.813560
1570 60 10.661110 2.861770
1580 60 10.602390 2.909979
1590 60 10.543671 2.958188
1600 60 10.484951 3.006397
1610 60 10.426231 3.054607
1620 60 10.469166 3.071790
1630 60 10.613545 3.058187
1640 60 10.757714 3.044583
1650 60 10.902093 3.030979
1660 60 11.339229 2.957472
1670 60 11.776365 2.884204
1680 60 12.255173 2.816186
1690 60 12.796279 2.756521
1700 60 13.337384 2.696856
1710 60 13.866915 2.679195
1720 60 14.388447 2.689696
1730 60 14.897141 2.664398
1740 60 15.375529 2.555808
1390 61 14.710038 1.522650
1400 61 14.387395 1.618113
1410 61 14.064752 1.713577
1420 61 13.737900 1.823600
1430 61 13.394841 1.991377
1440 61 13.051994 2.159394
1450 61 12.726404 2.367028
1460 61 12.418283 2.614279
1470 61 12.109952 2.861292
1480 61 11.822667 3.005682
1490 61 11.544432 3.105680
1500 61 11.265987 3.205678
1510 61 11.089407 3.250308
1520 61 10.980807 3.258184
1530 61 10.872207 3.265821
1540 61 10.819590 3.302097
1550 61 10.823168 3.366774
1560 61 10.826746 3.431451
1570 61 10.830324 3.496127
1580 61 10.833902 3.560804
1590 61 10.837480 3.625720
1600 61 10.826325 3.705193
1610 61 10.805279 3.794691
1620 61 10.784232 3.884188
1630 61 10.763186 3.973686
1640 61 10.887781 3.971776
1650 61 11.109190 3.909009
1660 61 11.379217 3.826433
1670 61 11.669869 3.735503
1680 61 12.121107 3.677270
1690 61 12.679681 3.640517
1700 61 13.238255 3.603763
1710 61 13.727166 3.565339
1720 61 14.215866 3.526676
1730 61 14.704776 3.488252
1740 61 15.176218 3.385389
1500 62 15.149910 6.377467
1510 62 14.904508 6.430450
1520 62 14.644162 6.482000
1530 62 14.349511 6.529732
1540 62 14.054860 6.577464
1550 62 13.760209 6.625196
1560 62 13.528487 6.703238
1570 62 13.312760 6.788917
1580 62 13.096823 6.874596
1590 62 12.881096 6.960274
1600 62 12.675051 6.991539
1610 62 12.470058 7.016598
1620 62 12.265065 7.041657
1630 62 12.068911 7.062659
1640 62 11.952103 7.046908
1650 62 11.835085 7.030918
1660 62 11.718276 7.014927
1670 62 11.601258 6.999176
1680 62 11.525701 6.988675
1690 62 11.477504 6.981754
1700 62 11.429518 6.975071
1710 62 11.391003 6.951444
1720 62 11.439621 6.776984
1730 62 11.488238 6.602523
1740 62 11.630933 6.414698
1750 62 11.867707 6.213269
1760 62 12.104480 6.012079
1770 62 12.381873 5.785591
1780 62 12.754186 5.501108
1790 62 13.126498 5.216626
1800 62 13.485131 4.901356
1810 62 13.837660 4.573199
1820 62 14.190189 4.245042
1830 62 14.542718 3.916885
1840 62 14.933762 3.494934
1850 62 15.341644 3.032411
1520 63 14.660158 7.226141
1530 63 14.348248 7.367428
1540 63 14.036550 7.508953
1550 63 13.764418 7.598928
1560 63 13.518805 7.654536
1570 63 13.273403 7.710382
1580 63 13.069883 7.732578
1590 63 12.894566 7.732578
1600 63 12.719038 7.732578
1610 63 12.557611 7.717781
1620 63 12.405024 7.692960
1630 63 12.252647 7.668378
1640 63 12.116687 7.644751
1650 63 11.987672 7.621601
1660 63 11.858657 7.598689
1670 63 11.719960 7.604179
1680 63 11.574950 7.628999
1690 63 11.429729 7.653581
1700 63 11.364695 7.570528
1710 63 11.333967 7.441174
1720 63 11.303239 7.312059
1730 63 11.272511 7.182705
1740 63 11.241994 7.053352
1750 63 11.312921 6.872448
1760 63 11.395212 6.685577
1770 63 11.558744 6.467681
1780 63 11.776154 6.229021
1790 63 11.993775 5.990361
1800 63 12.309894 5.666738
1810 63 12.691888 5.286792
1820 63 13.073882 4.906607
1830 63 13.490814 4.460552
1840 63 13.911744 4.007098
1850 63 14.332674 3.553644
1860 63 14.753604 3.100191
1870 63 15.054990 2.534806
1880 63 15.342906 1.957010
1540 64 15.233465 6.916361
1550 64 15.008898 6.980083
1560 64 14.784543 7.043567
1570 64 14.545665 7.096549
1580 64 14.273323 7.124711
1590 64 14.000981 7.152873
1600 64 13.728429 7.180796
1610 64 13.549744 7.140701
1620 64 13.381372 7.092969
1630 64 13.213000 7.045237
1640 64 13.093245 7.071251
1650 64 12.979173 7.105141
1660 64 12.864890 7.139269
1670 64 12.743873 7.172682
1680 64 12.613174 7.204901
1690 64 12.482265 7.237120
1700 64 12.351355 7.269339
1710 64 12.232232 7.302990
1720 64 12.117950 7.337118
1730 64 12.003667 7.371247
1740 64 11.894646 7.397499
1750 64 11.805619 7.392010
1760 64 11.716803 7.386759
1770 64 11.627987 7.381509
1780 64 11.539171 7.376258
1790 64 11.375218 7.403466
1800 64 11.179275 7.444515
1810 64 10.983332 7.485803
1820 64 10.789915 7.456687
1830 64 10.596918 7.410387
1840 64 10.403922 7.364087
1850 64 10.202928 7.319219
1860 64 9.969732 7.280317
1870 64 9.736537 7.241654
1880 64 9.503342 7.202991
1890 64 9.257518 7.176739
1900 64 8.998857 7.163135
1910 64 8.740406 7.149532
1920 64 8.481744 7.135928
1930 64 8.226871 7.154782
1940 64 7.972208 7.173636
1950 64 7.717335 7.192490
1960 64 7.456147 7.205139
1970 64 7.168652 7.193445
1980 64 6.881157 7.181989
1990 64 6.593661 7.170295
2000 64 6.309954 7.153112
2010 64 6.060343 7.086525
2020 64 5.810731 7.019939
2030 64 5.561120 6.953353
2040 64 5.311508 6.886767
2050 64 5.009070 6.850730
2060 64 4.693372 6.822329
2070 64 4.377674 6.793929
2080 64 4.061977 6.765528
2090 64 3.781006 6.761232
2100 64 3.523186 6.773165
2110 64 3.265366 6.785098
2120 64 3.007546 6.797031
2130 64 2.751621 6.795122
2140 64 2.497169 6.784143
2150 64 2.242716 6.772926
2160 64 1.988264 6.761948
2170 64 1.737389 6.754072
2180 64 1.495355 6.754072
2190 64 1.253320 6.754072
2200 64 1.011285 6.754072
2210 64 0.769250 6.754072
2220 64 0.527215 6.754072
2230 64 0.285180 6.754072
1570 65 14.736767 7.571959
1580 65 14.547348 7.603701
1590 65 14.357930 7.635443
1600 65 14.173352 7.653342
1610 65 14.008347 7.614441
1620 65 13.843553 7.575778
1630 65 13.678548 7.537115
1640 65 13.547008 7.470052
1650 65 13.448721 7.374588
1660 65 13.350433 7.279124
1670 65 13.243307 7.222084
1680 65 13.126919 7.203230
1690 65 13.010532 7.184376
1700 65 12.894355 7.165522
1710 65 12.793964 7.192252
1720 65 12.700307 7.238790
1730 65 12.606860 7.285090
1740 65 12.513203 7.337596
1750 65 12.418073 7.445470
1760 65 12.323153 7.553105
1770 65 12.228023 7.660980
1780 65 12.030396 7.762171
1790 65 11.832559 7.863363
1800 65 11.634932 7.964793
1810 65 11.373114 7.995103
1820 65 11.083724 7.995103
1830 65 10.794335 7.995103
1840 65 10.520309 7.967896
1850 65 10.261647 7.913243
1860 65 10.003196 7.858829
1870 65 9.744535 7.804175
1880 65 9.503131 7.755012
1890 65 9.261728 7.705848
1900 65 9.020324 7.656684
1910 65 8.765872 7.649047
1920 65 8.502790 7.668855
1930 65 8.239709 7.688903
1940 65 7.976628 7.708712
1950 65 7.694183 7.708712
1960 65 7.411739 7.708712
1970 65 7.129295 7.708712
1980 65 6.849377 7.704654
1990 65 6.580613 7.684846
2000 65 6.311638 7.665037
2010 65 6.042664 7.644989
2020 65 5.749486 7.599167
2030 65 5.439892 7.535922
2040 65 5.130298 7.472916
2050 65 4.823860 7.415399
2060 65 4.529209 7.381509
2070 65 4.234558 7.347381
2080 65 3.939907 7.313252
2090 65 3.665250 7.297978
2100 65 3.399012 7.291057
2110 65 3.132773 7.284136
2120 65 2.878321 7.273396
2130 65 2.650808 7.254065
2140 65 2.423295 7.234733
2150 65 2.195572 7.215163
2160 65 1.965113 7.207526
2170 65 1.732549 7.207526
2180 65 1.499774 7.207526
2190 65 1.267210 7.207526
2200 65 1.005602 7.186285
2210 65 0.736628 7.159794
2220 65 0.467653 7.133303
2230 65 0.198679 7.106812
1560 66 15.321860 6.462430
1570 66 15.006162 6.475556
1580 66 14.690465 6.488921
1590 66 14.387816 6.491547
1600 66 14.088114 6.491547
1610 66 13.790305 6.497752
1620 66 13.498180 6.528539
1630 66 13.206265 6.559326
1640 66 12.936448 6.587726
1650 66 12.863838 6.596080
1660 66 12.791228 6.604194
1670 66 12.721564 6.613263
1680 66 12.663475 6.625673
1690 66 12.605387 6.638084
1700 66 12.547298 6.650494
1710 66 12.489210 6.662666
1720 66 12.431332 6.675076
1730 66 12.357038 6.712068
1740 66 12.258961 6.786530
1750 66 12.160674 6.860753
1760 66 12.062387 6.934976
1770 66 11.964310 7.009200
1780 66 11.770261 6.974833
1790 66 11.565689 6.928533
1800 66 11.361117 6.881994
1810 66 11.143707 6.844524
1820 66 10.897042 6.828057
1830 66 10.650166 6.811589
1840 66 10.404974 6.783905
1850 66 10.161466 6.739037
1860 66 9.918168 6.694407
1870 66 9.680132 6.651687
1880 66 9.463564 6.616604
1890 66 9.246785 6.581283
1900 66 9.030216 6.546200
1910 66 8.756401 6.539279
1920 66 8.468485 6.539279
1930 66 8.180358 6.539279
1940 66 7.892442 6.539279
1950 66 7.564958 6.565770
1960 66 7.237685 6.592261
1970 66 6.910201 6.618752
1980 66 6.611551 6.621855
1990 66 6.355415 6.589636
2000 66 6.099489 6.557417
2010 66 5.843564 6.525198
2020 66 5.609106 6.480330
2030 66 5.383908 6.430450
2040 66 5.158921 6.380570
2050 66 4.933723 6.330690
2060 66 4.676956 6.300619
2070 66 4.373044 6.300619
2080 66 4.068922 6.300619
2090 66 3.765010 6.300619
2100 66 3.497930 6.305392
2110 66 3.240110 6.311358
2120 66 2.982291 6.317325
2130 66 2.724471 6.323291
2140 66 2.474649 6.307540
2150 66 2.226721 6.286299
2160 66 1.978793 6.265058
2170 66 1.730865 6.243818
2180 66 1.478096 6.227350
2190 66 1.213752 6.221861
2200 66 0.949619 6.216372
2210 66 0.685274 6.210644
2220 66 0.420930 6.205155
1640 67 15.338487 0.480661
1650 67 14.932500 0.787577
1660 67 14.524618 1.045330
1670 67 14.112107 1.188526
1680 67 13.699595 1.331722
1690 67 13.340121 1.495920
1700 67 12.993905 1.665129
1710 67 12.647690 1.834578
1720 67 12.229075 2.066078
1730 67 11.779732 2.324069
1740 67 11.330389 2.582060
1750 67 10.881046 2.840052
1760 67 10.423074 3.029547
1770 67 9.964892 3.219043
1780 67 9.506919 3.408539
1790 67 9.122189 3.619992
1800 67 8.786708 3.845764
1810 67 8.451016 4.071298
1820 67 8.115324 4.297070
1830 67 7.785525 4.479406
1840 67 7.456358 4.656969
1850 67 7.127190 4.834293
1860 67 6.798023 5.011856
1870 67 6.479800 5.157438
1880 67 6.161577 5.303021
1890 67 5.843143 5.448365
1900 67 5.524920 5.593947
1910 67 5.142084 5.677955
1920 67 4.752092 5.755281
1930 67 4.362100 5.832368
1940 67 3.985157 5.935469
1950 67 3.621052 6.064584
1960 67 3.257158 6.193460
1970 67 2.893053 6.322575
1980 67 2.567674 6.353601
1990 67 2.251977 6.360284
2000 67 1.936279 6.366966
2010 67 1.626053 6.375319
2020 67 1.337927 6.390832
2030 67 1.049590 6.406345
2040 67 0.761252 6.422097
2050 67 0.473126 6.437609
2060 67 0.247297 6.443815
2070 67 0.063140 6.443815
1680 68 14.990377 4.868660
1690 68 14.748343 5.489175
1700 68 14.507570 6.062675
1710 68 14.268061 6.589397
1720 68 14.028552 7.116119
1730 68 13.819560 7.534251
1740 68 13.630983 7.879831
1750 68 13.442196 8.225649
1760 68 13.263511 8.610846
1770 68 13.089036 9.013226
1780 68 12.914771 9.415368
1790 68 12.764919 9.808202
1800 68 12.713776 10.163089
1810 68 12.662633 10.517737
1820 68 12.611490 10.872624
1830 68 12.539301 11.187655
1840 68 12.446275 11.463069
1850 68 12.353039 11.738482
1860 68 12.260014 12.013657
1870 68 12.166988 12.289070
1880 68 12.108058 12.523434
1890 68 12.129525 12.661857
1900 68 12.150782 12.800041
1910 68 12.172250 12.938464
1920 68 12.193507 13.076886
1930 68 12.214974 13.215070
1940 68 12.236231 13.353493
1950 68 12.257698 13.491916
1690 69 15.216627 5.536907
1700 69 15.017317 6.051935
1710 69 14.814850 6.555985
1720 69 14.586074 6.960513
1730 69 14.357298 7.365280
1740 69 14.150201 7.764319
1750 69 13.948575 8.162165
1760 69 13.753474 8.538293
1770 69 13.568265 8.881963
1780 69 13.383055 9.225633
1790 69 13.303710 9.559280
1800 69 13.235940 9.891494
1810 69 13.175958 10.229198
1820 69 13.183324 10.612724
1830 69 13.190901 10.996250
1840 69 13.155753 11.350660
1850 69 13.021055 11.637052
1860 69 12.886358 11.923444
1870 69 12.762183 12.171650
1880 69 12.640955 12.410310
1890 69 12.544773 12.645628
1900 69 12.549403 12.868059
1910 69 12.554244 13.090490
1920 69 12.559084 13.312921
1930 69 12.563715 13.535352
1740 70 14.910822 8.361923
1750 70 14.545454 8.437340
1760 70 14.179876 8.512518
1770 70 13.962887 8.560966
1780 70 13.762314 8.606550
1790 70 13.516490 8.686262
1800 70 13.259302 8.774805
1810 70 12.997904 8.855233
1820 70 12.698412 8.864302
1830 70 12.398921 8.873610
1840 70 12.091221 8.837095
1850 70 11.775523 8.754996
1860 70 11.459825 8.673136
1870 70 11.132762 8.602731
1880 70 10.779602 8.560250
1890 70 10.426231 8.517530
1900 70 10.052024 8.492709
1910 70 9.656560 8.485549
1920 70 9.261096 8.478151
1930 70 8.872157 8.453569
1940 70 8.508473 8.359537
1950 70 8.145000 8.265505
1960 70 7.781526 8.171473
1970 70 7.417211 8.153812
1980 70 7.053107 8.144743
1990 70 6.696579 8.130662
2000 70 6.358361 8.105125
2010 70 6.020144 8.079589
2020 70 5.679822 8.048086
2030 70 5.337816 8.010855
2040 70 4.995810 7.973385
2050 70 4.664749 7.966941
2060 70 4.358522 8.032096
2070 70 4.052506 8.097011
2080 70 3.746279 8.162165
2090 70 3.478357 8.155005
2100 70 3.210645 8.147607
2110 70 2.942723 8.140447
2120 70 2.680905 8.134003
2130 70 2.422032 8.127798
2140 70 2.162950 8.121832
2150 70 1.903867 8.115626
2160 70 1.612584 7.999876
2170 70 1.313302 7.856681
2180 70 1.014021 7.713485
2190 70 0.714740 7.570289
2200 70 0.384099 7.458119
2210 70 -0.019363 7.418263
1740 71 14.832529 9.188402
1750 71 14.499362 9.267876
1760 71 14.165986 9.347588
1770 71 13.898274 9.409640
1780 71 13.783570 9.431358
1790 71 13.654345 9.448541
1800 71 13.394631 9.424675
1810 71 13.135127 9.400810
1820 71 12.863628 9.374557
1830 71 12.484790 9.326825
1840 71 12.105953 9.279093
1850 71 11.727116 9.231361
1860 71 11.381532 9.173844
1870 71 11.058047 9.109883
1880 71 10.734773 9.045684
1890 71 10.411288 8.981723
1900 71 10.052655 8.940673
1910 71 9.658665 8.922297
1920 71 9.264885 8.903920
1930 71 8.870894 8.885543
1940 71 8.493109 8.833038
1950 71 8.126268 8.758099
1960 71 7.759638 8.683159
1970 71 7.402689 8.609891
1980 71 7.134767 8.551897
1990 71 6.866845 8.494141
2000 71 6.599134 8.436147
2010 71 6.325950 8.358344
2020 71 6.051293 8.275290
2030 71 5.726545 8.259777
2040 71 5.351286 8.311566
2050 71 4.984445 8.374334
2060 71 4.651279 8.480299
2070 71 4.318113 8.586502
2080 71 3.984736 8.692467
2090 71 3.680824 8.758099
2100 71 3.396486 8.796762
2110 71 3.111937 8.835663
2120 71 2.827599 8.874326
2130 71 2.552942 8.813706
2140 71 2.279337 8.742108
2150 71 2.005732 8.670511
2160 71 1.732128 8.598913
2170 71 1.444212 8.502255
2180 71 1.154822 8.402734
2190 71 0.865433 8.303452
2200 71 0.576043 8.203931
2210 71 0.286653 8.104409
1460 72 0.046513 7.046669
1470 72 0.279077 6.720183
1480 72 0.463023 6.460521
1490 72 0.533108 6.357181
1500 72 0.603403 6.253603
1510 72 0.671384 6.131170
1520 72 0.734523 5.964108
1530 72 0.797663 5.797047
1540 72 0.888794 5.639770
1550 72 1.045380 5.505166
1560 72 1.201756 5.370561
1570 72 1.358342 5.235719
1580 72 1.534501 5.163643
1590 72 1.740126 5.185361
1600 72 1.945750 5.207080
1610 72 2.151585 5.228798
1620 72 2.357209 5.250516
1630 72 2.505798 5.159348
1640 72 2.654386 5.067941
1650 72 2.802974 4.976773
1660 72 2.995339 4.951952
1670 72 3.217170 4.971284
1680 72 3.439210 4.990615
1690 72 3.661041 5.009947
1700 72 3.947273 4.920688
1710 72 4.240451 4.819496
1720 72 4.533839 4.718304
1730 72 4.770192 4.521887
1740 72 4.968239 4.262225
1750 72 5.166287 4.002564
1760 72 5.358863 3.736458
1770 72 5.529971 3.445532
1780 72 5.700868 3.154844
1790 72 5.871977 2.863918
1800 72 6.072339 2.534328
1810 72 6.272913 2.204739
1820 72 6.473275 1.875150
1830 72 6.673849 1.545561
1840 72 6.782870 1.327903
1850 72 6.869160 1.138169
1860 72 6.955661 0.948434
1870 72 7.041952 0.758700
1880 72 7.047845 0.741993
1890 72 7.044899 0.744141
1900 72 7.041742 0.746528
1910 72 7.038795 0.748676
1920 72 7.035849 0.751062
1930 72 7.032692 0.753210
1940 72 7.029745 0.755597
1950 72 7.026799 0.757984
1960 72 7.023642 0.760131
1970 72 7.020695 0.762518
1980 72 7.017749 0.764666
1990 72 7.014592 0.767053
2000 72 7.011645 0.769201
2010 72 7.008488 0.771587
2020 72 7.005542 0.773974
2030 72 7.002595 0.776122
2040 72 6.999438 0.778508
2050 72 6.996492 0.780656
2060 72 6.993545 0.783043
2070 72 6.990388 0.785191
2080 72 6.987442 0.787577
2090 72 6.964922 0.906907
2100 72 6.942402 1.026237
2110 72 6.929774 1.186139
2120 72 6.957345 1.507614
2130 72 6.984706 1.829327
2140 72 6.876106 2.183737
2150 72 6.752142 2.541727
2160 72 6.628388 2.899717
2170 72 6.414766 3.257706
2180 72 6.111486 3.615696
2190 72 5.808206 3.973686
2200 72 5.507661 4.327857
2210 72 5.231321 4.648616
2220 72 4.955191 4.969374
2230 72 4.678850 5.290133
2240 72 4.490905 5.768169
2250 72 4.312851 6.263865
2260 72 4.168893 6.776029
2270 72 4.104070 7.326856
2280 72 4.039246 7.877683
2290 72 4.060503 8.382687
2300 72 4.118592 8.868359
2310 72 4.176680 9.353794
2320 72 4.172050 9.826579
2330 72 4.151635 10.296261
2340 72 4.131220 10.765944
2350 72 4.002415 11.168563
2360 72 3.826887 11.542304
2370 72 3.651570 11.916284
2380 72 3.373545 12.274035
2390 72 3.051744 12.625103
2400 72 2.696479 12.908631
2410 72 2.341424 13.191920
2420 72 1.986159 13.475448
230 73 12.113319 12.462576
240 73 11.984304 12.354941
250 73 11.855289 12.247066
260 73 11.763105 12.100052
270 73 11.757002 11.861392
280 73 11.750688 11.622732
290 73 11.744585 11.384072
300 73 11.759107 11.136821
310 73 11.775944 10.888615
320 73 11.786046 10.624180
330 73 11.786046 10.335163
340 73 11.795096 10.076694
350 73 11.813407 9.848297
360 73 11.870232 9.604148
370 73 12.080697 9.295799
380 73 12.291162 8.987451
390 73 12.542037 8.750223
400 73 12.803014 8.530656
410 73 13.083353 8.298917
420 73 13.408522 8.038539
430 73 13.741898 7.793436
440 73 14.148307 7.686516
450 73 14.554715 7.579597
460 73 14.961123 7.472438
50 74 12.999798 12.714601
60 74 12.982119 12.640139
70 74 12.964651 12.565438
80 74 12.947182 12.490977
90 74 12.929503 12.416276
100 74 12.819640 12.354702
110 74 12.648111 12.301481
120 74 12.476582 12.248498
130 74 12.412180 12.238713
140 74 12.359564 12.233701
150 74 12.306947 12.228928
160 74 12.254331 12.223916
170 74 12.204661 12.212222
180 74 12.181300 12.141579
190 74 12.157938 12.070935
200 74 12.149309 12.009838
210 74 12.162989 11.963061
220 74 12.176880 11.916284
230 74 12.190560 11.869745
240 74 12.204240 11.822968
250 74 12.324205 11.639438
260 74 12.470479 11.421542
270 74 12.555928 11.225364
280 74 12.580131 11.050903
290 74 12.604334 10.876443
300 74 12.616752 10.907946
310 74 12.627907 10.962361
320 74 12.639061 11.016775
330 74 12.650005 11.071189
340 74 12.661160 11.125843
350 74 12.673788 11.198872
360 74 12.692309 11.346126
370 74 12.710830 11.493617
380 74 12.729351 11.640870
390 74 12.743031 11.737766
400 74 12.755448 11.822013
410 74 12.767866 11.906260
420 74 12.780283 11.990507
430 74 12.792490 12.074754
440 74 12.811011 12.183583
450 74 12.832058 12.302913
460 74 12.853104 12.422243
470 74 12.874151 12.541572
480 74 12.946130 12.600521
490 74 13.039997 12.633456
500 74 13.134075 12.666630
510 74 13.227943 12.699565
520 74 13.321810 12.732739
530 74 13.415677 12.765674
540 74 13.528066 12.801234
550 74 13.714327 12.847296
560 74 13.900379 12.893118
570 74 13.992352 12.918178
580 74 14.021607 12.929156
590 74 14.050861 12.940134
600 74 14.080116 12.951351
610 74 14.109370 12.962330
620 74 14.138625 12.973308
630 74 14.167880 12.984525
640 74 14.197134 12.995503
650 74 14.226179 13.006482
660 74 14.255433 13.017460
670 74 14.284688 13.028677
50 75 0.355686 8.474809
60 75 0.560679 8.481015
70 75 0.765672 8.487220
80 75 0.970876 8.493186
90 75 1.166608 8.486026
100 75 1.353080 8.465502
110 75 1.539342 8.445216
120 75 1.725814 8.424691
130 75 1.948696 8.480776
140 75 2.171579 8.537100
150 75 2.394251 8.593185
160 75 2.578198 8.615619
170 75 2.736046 8.615619
180 75 2.893895 8.615619
190 75 3.051744 8.615619
200 75 3.217801 8.606550
210 75 3.416901 8.561443
220 75 3.616001 8.516336
230 75 3.815101 8.471230
240 75 3.962216 8.394620
250 75 4.057136 8.286984
260 75 4.152266 8.179110
270 75 4.244450 8.109899
280 75 4.332635 8.098920
290 75 4.420820 8.087703
300 75 4.508794 8.076725
310 75 4.591717 8.059303
320 75 4.626655 7.984602
330 75 4.661802 7.910140
340 75 4.696950 7.835440
350 75 4.731887 7.760978
360 75 4.768087 7.707041
370 75 4.806181 7.701552
380 75 4.844486 7.696301
390 75 4.882791 7.690812
400 75 4.921095 7.685323
410 75 5.084627 7.698210
420 75 5.262259 7.713246
430 75 5.439892 7.728043
440 75 5.463043 7.712053
450 75 5.420108 7.682936
460 75 5.377173 7.653581
470 75 5.334238 7.624465
480 75 5.291303 7.595109
490 75 5.323925 7.556924
500 75 5.375700 7.516352
510 75 5.427264 7.476018
520 75 5.478828 7.435446
530 75 5.530392 7.394874
540 75 5.625522 7.349529
550 75 5.764008 7.299171
560 75 5.902494 7.249053
570 75 6.040980 7.198696
580 75 6.114222 7.191297
590 75 6.159472 7.202275
600 75 6.204932 7.213492
610 75 6.250182 7.224471
620 75 6.295432 7.235449
630 75 6.340893 7.246427
640 75 6.387827 7.252155
650 75 6.440864 7.236404
660 75 6.494111 7.220652
670 75 6.547359 7.204901
680 75 6.600607 7.189149
690 75 6.653644 7.173398
700 75 6.706892 7.157646
710 75 6.760139 7.141895
720 75 6.813387 7.126143
730 75 6.880315 7.107766
740 75 7.072259 7.065762
750 75 7.264203 7.023519
760 75 7.455937 6.981515
770 75 7.645145 6.921134
780 75 7.833090 6.852877
790 75 8.021036 6.784859
800 75 8.223714 6.790587
810 75 8.427865 6.804668
820 75 8.632226 6.818749
830 75 8.825013 6.852162
840 75 9.006223 6.905144
850 75 9.187433 6.958365
860 75 9.368644 7.011348
870 75 9.565850 7.121131
880 75 9.764950 7.237120
890 75 9.964050 7.353347
900 75 10.170516 7.474348
910 75 10.405605 7.614680
920 75 10.640905 7.755012
930 75 10.875995 7.895343
940 75 11.184326 8.035437
950 75 11.510968 8.175291
960 75 11.837610 8.315146
970 75 12.157728 8.329227
980 75 12.477003 8.329227
990 75 12.796279 8.329227
1000 75 13.111976 8.346172
1010 75 13.427674 8.363355
1020 75 13.735374 8.396768
1030 75 14.011083 8.495573
1040 75 14.287003 8.594139
1050 75 14.540193 8.704162
1060 75 14.740555 8.840675
1070 75 14.940918 8.976950
60 76 0.292126 7.760023
70 76 0.539843 7.766945
80 76 0.787350 7.774104
90 76 1.030227 7.780309
100 76 1.229537 7.780309
110 76 1.428848 7.780309
120 76 1.628369 7.780309
130 76 1.832941 7.796777
140 76 2.049299 7.851191
150 76 2.265867 7.905845
160 76 2.482226 7.960259
170 76 2.724892 7.996297
180 76 2.974293 8.027800
190 76 3.223484 8.059064
200 76 3.472674 8.090567
210 76 3.723970 8.097250
220 76 3.975475 8.103932
230 76 4.226771 8.110376
240 76 4.453863 8.108467
250 76 4.644755 8.093670
260 76 4.835436 8.078634
270 76 5.016857 8.050234
280 76 5.161236 7.968612
290 76 5.305615 7.886752
300 76 5.449784 7.804891
310 76 5.545124 7.824462
320 76 5.619418 7.887706
330 76 5.693713 7.950951
340 76 5.775584 8.011093
350 76 5.875554 8.064792
360 76 5.975525 8.118490
370 76 6.075496 8.172189
380 76 6.266388 8.228751
390 76 6.668587 8.291996
400 76 7.070996 8.355241
410 76 7.473406 8.418486
420 76 7.961264 8.375766
430 76 8.458803 8.321590
440 76 8.976337 8.214909
450 76 9.502500 8.085555
460 76 10.006774 7.956440
470 76 10.460116 7.828041
480 76 10.913458 7.699642
490 76 11.344069 7.644273
500 76 11.765000 7.620407
510 76 12.185930 7.596541
520 76 12.559716 7.542604
530 76 12.913297 7.475780
540 76 13.212158 7.360984
550 76 13.292345 7.054068
560 76 13.364534 6.735218
570 76 13.364534 6.308256
580 76 13.374216 5.867451
590 76 13.422833 5.371755
600 76 13.471451 4.876058
610 76 13.514175 4.417832
620 76 13.553111 3.984664
630 76 13.592047 3.551496
640 76 13.709697 3.196848
650 76 13.835976 2.850791
660 76 13.952784 2.816186
670 76 14.068540 2.816186
680 76 14.596808 2.757714
190 77 0.350635 7.380316
200 77 0.597090 7.351199
210 77 0.843334 7.322083
220 77 1.089788 7.293205
230 77 1.336243 7.264088
240 77 1.596378 7.279840
250 77 1.862616 7.314923
260 77 2.128855 7.350006
270 77 2.392567 7.411580
280 77 2.650598 7.534729
290 77 2.908417 7.657877
300 77 3.159502 7.777446
310 77 3.383227 7.881740
320 77 3.606741 7.986273
330 77 3.830465 8.090567
340 77 4.183415 8.190566
350 77 4.536575 8.290803
360 77 4.889525 8.390801
370 77 5.267100 8.497721
380 77 5.647200 8.605595
390 77 6.027510 8.713469
400 77 6.408663 8.782681
410 77 6.790025 8.842346
420 77 7.171599 8.902011
430 77 7.535914 8.912034
440 77 7.889074 8.888884
450 77 8.242024 8.865734
460 77 8.629069 8.894135
470 77 9.050000 8.973608
480 77 9.456197 9.046400
490 77 9.729802 9.058333
500 77 10.014140 9.065970
510 77 10.394240 9.035183
520 77 10.774551 9.004396
530 77 11.154651 8.973608
540 77 11.474558 8.887691
550 77 11.794465 8.801773
560 77 12.064491 8.737097
570 77 12.284428 8.693661
580 77 12.491525 8.651895
590 77 12.667895 8.613232
600 77 12.844475 8.574808
610 77 13.035788 8.532088
620 77 13.285610 8.472423
630 77 13.535643 8.412758
640 77 13.785465 8.353093
650 77 14.036760 8.306793
660 77 14.287845 8.260732
670 77 14.539140 8.214432
680 77 14.888933 8.087226
690 77 15.249670 7.950713
190 78 0.305385 7.849282
200 78 0.567203 7.862170
210 78 0.828812 7.875057
220 78 1.090420 7.887945
230 78 1.350344 7.900117
240 78 1.595115 7.905845
250 78 1.839886 7.911334
260 78 2.084657 7.916823
270 78 2.329217 7.922312
280 78 2.595456 8.040449
290 78 2.867166 8.186747
300 78 3.138666 8.333046
310 78 3.424478 8.430896
320 78 3.716393 8.507745
330 78 4.008308 8.584832
340 78 4.329688 8.699627
350 78 4.670852 8.839482
360 78 5.012016 8.979336
370 78 5.381382 9.084108
380 78 5.762745 9.173605
390 78 6.144318 9.263103
400 78 6.510317 9.339474
410 78 6.861163 9.403196
420 78 7.212008 9.466918
430 78 7.574008 9.521810
440 78 7.947373 9.567871
450 78 8.320738 9.614171
460 78 8.680633 9.641856
470 78 9.020114 9.641856
480 78 9.359594 9.641856
490 78 9.691918 9.635173
500 78 10.007616 9.612739
510 78 10.323314 9.590305
520 78 10.642379 9.569542
530 78 10.990698 9.561189
540 78 11.339018 9.553074
550 78 11.670711 9.527061
560 78 11.935687 9.429687
570 78 12.200662 9.332553
580 78 12.447959 9.265728
590 78 12.677576 9.229690
600 78 12.907194 9.193414
610 78 13.141021 9.148069
620 78 13.390843 9.066208
630 78 13.640875 8.984110
640 78 13.890697 8.902011
650 78 14.183875 8.825401
660 78 14.477053 8.748552
670 78 14.770231 8.671942
300 79 2.023412 13.420557
310 79 2.294070 13.142279
320 79 2.564728 12.863763
330 79 2.835175 12.585247
340 79 3.108570 12.308641
350 79 3.392066 12.038716
360 79 3.675773 11.769031
370 79 3.827729 11.405790
380 79 3.964952 11.032288
390 79 4.102386 10.640647
400 79 4.240030 10.236596
410 79 4.377674 9.832784
420 79 4.739674 9.546392
430 79 5.101674 9.260000
440 79 5.512713 9.006305
450 79 5.972579 8.785306
460 79 6.432445 8.564307
470 79 6.896100 8.316101
480 79 7.360386 8.060973
490 79 7.824882 7.805846
500 79 8.319686 7.637114
510 79 8.817857 7.477928
520 79 9.315817 7.318980
530 79 9.845979 7.187956
540 79 10.379718 7.060034
550 79 10.912616 6.934738
560 79 11.438779 6.832591
570 79 11.964941 6.730206
580 79 12.442276 6.567440
590 79 12.805750 6.263626
600 79 13.167750 5.958142
610 79 13.515017 5.635951
620 79 13.888172 5.316386
630 79 14.494943 5.021641
640 79 15.101503 4.726896
330 80 0.413353 5.665545
340 80 0.758306 5.758384
350 80 1.103258 5.851222
360 80 1.448210 5.944061
370 80 1.794005 6.095610
380 80 2.140641 6.306347
390 80 2.487277 6.516844
400 80 2.842542 6.704192
410 80 3.276731 6.681758
420 80 3.710710 6.659324
430 80 4.144900 6.636890
440 80 4.624550 6.634742
450 80 5.109251 6.634742
460 80 5.593952 6.634742
470 80 6.063710 6.645959
480 80 6.523366 6.664814
490 80 6.983022 6.683668
500 80 7.442678 6.702522
510 80 7.898756 6.732116
520 80 8.353781 6.764335
530 80 8.808807 6.796554
540 80 9.260886 6.830921
550 80 9.687078 6.883187
560 80 10.113059 6.935692
570 80 10.539251 6.987959
580 80 10.965232 7.040464
590 80 11.263461 7.070297
600 80 11.561480 7.100129
610 80 11.918429 7.145713
620 80 12.314734 7.201798
630 80 12.710830 7.258122
640 80 13.058729 7.317309
650 80 13.213000 7.388907
660 80 13.367271 7.460505
670 80 13.531644 7.557879
680 80 13.735164 7.757875
690 80 13.938894 7.958111
700 80 14.136731 8.168848
710 80 14.281952 8.473139
720 80 14.426962 8.777669
730 80 14.553241 9.083869
740 80 14.604174 9.396514
750 80 14.654896 9.709397
760 80 14.688781 10.005573
770 80 14.683098 10.263565
780 80 14.677416 10.521556
790 80 14.671733 10.779786
800 80 14.685624 10.934199
810 80 14.712563 11.019878
820 80 14.739503 11.105556
830 80 14.766653 11.191235
340 81 0.396306 4.983933
350 81 0.768198 5.023789
360 81 1.140089 5.063645
370 81 1.501248 5.135243
380 81 1.852093 5.238583
390 81 2.202938 5.341922
400 81 2.588721 5.521872
410 81 3.009651 5.778192
420 81 3.430581 6.034513
430 81 3.888974 6.099906
440 81 4.356628 6.117567
450 81 4.822387 6.130454
460 81 5.271520 6.098474
470 81 5.720442 6.066732
480 81 6.177782 6.032604
490 81 6.711101 5.976757
500 81 7.244209 5.921150
510 81 7.772266 5.878668
520 81 8.255283 5.955994
530 81 8.738090 6.033081
540 81 9.220897 6.110407
550 81 9.640775 6.172458
560 81 10.033503 6.228305
570 81 10.426442 6.283913
580 81 10.858526 6.339520
590 81 11.307659 6.395367
600 81 11.756581 6.450974
610 81 12.143837 6.539279
620 81 12.504574 6.641664
630 81 12.865522 6.743810
640 81 13.170275 6.795599
650 81 13.469136 6.841899
660 81 13.767786 6.887960
670 81 13.956362 6.987004
680 81 14.117158 7.099413
690 81 14.278164 7.211822
700 81 14.452850 7.377929
710 81 14.648372 7.625181
720 81 14.843894 7.872432
730 81 14.973330 8.127798
740 81 15.058779 8.388892
750 81 15.144227 8.649986
760 81 15.229887 8.911080
330 82 12.275798 13.700266
340 82 12.261487 13.518168
350 82 12.247386 13.336310
360 82 12.233074 13.154212
370 82 12.218762 12.972115
380 82 12.204451 12.790256
390 82 12.190139 12.608159
400 82 12.166357 12.475464
410 82 12.138154 12.364248
420 82 12.110162 12.252794
430 82 12.074173 12.177616
440 82 12.034605 12.117951
450 82 11.995248 12.058286
460 82 11.955681 11.998621
470 82 11.916324 11.938956
480 82 11.882439 11.893372
490 82 11.849186 11.849459
500 82 11.815932 11.805546
510 82 11.788151 11.756143
520 82 11.809829 11.658293
530 82 11.831296 11.560203
540 82 11.852974 11.462353
550 82 11.888122 11.340636
560 82 11.977359 11.123695
570 82 12.066596 10.906753
580 82 12.156044 10.689811
590 82 12.177511 10.446139
600 82 12.191612 10.199604
610 82 12.205503 9.952830
620 82 12.206976 9.719659
630 82 12.206976 9.487682
640 82 12.206976 9.255943
650 82 12.192875 9.033989
660 82 12.157938 8.827310
670 82 12.122790 8.620392
680 82 12.119633 8.461683
690 82 12.164252 8.374811
700 82 12.208871 8.287939
710 82 12.258961 8.193907
720 82 12.358301 8.034959
730 82 12.457851 7.875773
740 82 12.557190 7.716587
750 82 12.739453 7.543798
760 82 13.004850 7.356927
770 82 13.280348 7.171727
780 82 13.596046 6.992732
790 82 13.911744 6.813737
800 82 14.243858 6.565292
810 82 14.600807 6.212315
820 82 14.957755 5.859575
450 83 12.498681 12.372840
460 83 12.491104 12.159717
470 83 12.483528 11.946594
480 83 12.538880 11.767837
490 83 12.635904 11.611754
500 83 12.733139 11.455670
510 83 12.797962 11.143503
520 83 12.862575 10.831575
530 83 12.928451 10.491485
540 83 12.995800 10.109629
550 83 13.063148 9.727773
560 83 13.109030 9.260000
570 83 13.152596 8.782681
580 83 13.196162 8.305361
590 83 12.849526 8.094863
600 83 12.475109 7.919448
610 83 12.035868 7.825893
620 83 11.596628 7.732578
630 83 11.183485 7.485087
640 83 10.770342 7.237597
650 83 10.364144 6.987482
660 83 9.974573 6.731161
670 83 9.584792 6.474840
680 83 9.189328 6.209212
690 83 8.790286 5.937617
700 83 8.391033 5.666022
710 83 8.024193 5.369130
720 83 7.671032 5.061020
730 83 7.318082 4.753149
740 83 7.033113 4.373202
750 83 6.793603 3.945285
760 83 6.554094 3.517368
770 83 6.356046 3.102577
780 83 6.175678 2.693514
790 83 5.995309 2.284213
800 83 5.984786 1.891140
810 83 5.993204 1.499738
820 83 6.011304 1.151534
830 83 6.044347 0.868006
840 83 6.077180 0.584717
850 83 6.099279 0.358944
860 83 6.078232 0.363718
870 83 6.057186 0.368491
880 83 6.036139 0.373264
890 83 6.015093 0.378037
900 83 5.994046 0.382810
910 83 5.973000 0.387584
920 83 5.951953 0.392357
930 83 5.930907 0.397130
940 83 5.909860 0.401903
950 83 5.902284 0.483525
960 83 5.949217 0.872540
970 83 5.995941 1.261317
980 83 5.909650 1.724317
990 83 5.690345 2.261302
1000 83 5.444943 2.772511
1010 83 4.962557 3.050788
1020 83 4.480171 3.329304
1030 83 3.975475 3.530494
1040 83 3.460888 3.698272
1050 83 2.946512 3.866289
1060 83 2.579881 3.850776
1070 83 2.213251 3.835502
1080 83 1.846621 3.819989
1090 83 1.458944 3.761756
1100 83 1.068952 3.698511
1110 83 0.678960 3.635266
1120 83 0.289179 3.572260
490 84 12.179826 12.476180
500 84 12.159201 12.377136
510 84 12.138786 12.278092
520 84 12.118160 12.179287
530 84 12.104901 12.071890
540 84 12.121107 11.931081
550 84 12.137312 11.790510
560 84 12.153518 11.649701
570 84 12.194559 11.488605
580 84 12.293057 11.279778
590 84 12.391765 11.070951
600 84 12.485843 10.859737
610 84 12.538459 10.628476
620 84 12.591075 10.397453
630 84 12.643691 10.166191
640 84 12.631274 9.887914
650 84 12.611490 9.604625
660 84 12.591707 9.321097
670 84 12.597179 9.111792
680 84 12.613384 8.934468
690 84 12.629590 8.756905
700 84 12.645796 8.579581
710 84 12.684101 8.504165
720 84 12.728298 8.454046
730 84 12.772286 8.404166
740 84 12.816273 8.354286
750 84 12.954759 8.228751
760 84 13.187323 8.027800
770 84 13.469767 7.836633
780 84 13.785465 7.652388
790 84 14.107266 7.470052
800 84 14.437907 7.291057
810 84 14.768547 7.112062
500 85 11.806672 12.427970
510 85 11.801621 12.367112
520 85 11.796780 12.306015
530 85 11.791939 12.244918
540 85 11.787098 12.183821
550 85 11.791939 12.020339
560 85 11.799095 11.830844
570 85 11.806461 11.641586
580 85 11.849817 11.407938
590 85 11.897382 11.169279
600 85 11.944947 10.930619
610 85 12.016085 10.666422
620 85 12.093325 10.396021
630 85 12.170566 10.125619
640 85 12.185930 9.933498
650 85 12.185930 9.761186
660 85 12.185930 9.588873
670 85 12.190981 9.422766
680 85 12.215605 9.282434
690 85 12.240440 9.142102
700 85 12.265065 9.001770
710 85 12.294109 8.859052
720 85 12.324205 8.715856
730 85 12.354302 8.572660
740 85 12.410496 8.400825
750 85 12.527304 8.162165
760 85 12.644323 7.923505
770 85 12.880465 7.717303
780 85 13.196162 7.533058
790 85 13.508914 7.360984
800 85 13.817034 7.207526
810 85 14.125155 7.054068
820 85 14.501046 6.773165
830 85 14.921976 6.407300
550 86 0.713687 3.282766
560 86 1.019703 3.347681
570 86 1.325930 3.412835
580 86 1.632157 3.477989
590 86 1.938173 3.542905
600 86 2.273023 3.609729
610 86 2.615029 3.676793
620 86 2.957035 3.743856
630 86 3.286202 3.654836
640 86 3.606951 3.461760
650 86 3.937381 3.332884
660 86 4.277282 3.268685
670 86 4.617184 3.204485
680 86 5.030116 3.182767
690 86 5.451046 3.165584
700 86 5.872608 3.153173
710 86 6.299852 3.182051
720 86 6.727307 3.211168
730 86 7.154551 3.240045
740 86 7.620100 3.264150
750 86 8.095540 3.287300
760 86 8.570771 3.310450
770 86 9.062207 3.343862
780 86 9.560588 3.381332
790 86 10.103799 3.401618
800 86 10.657953 3.417608
810 86 11.212108 3.433599
820 86 11.685654 3.451498
830 86 12.138996 3.469636
840 86 12.570660 3.518800
850 86 12.915823 3.690635
860 86 13.260986 3.862470
870 86 13.564476 4.104949
880 86 13.850077 4.377737
890 86 14.135679 4.650525
900 86 14.314364 5.026653
910 86 14.480841 5.414475
920 86 14.638269 5.741200
930 86 14.786437 6.006351
940 86 14.934394 6.271502
950 86 15.051623 6.484864
960 86 15.161065 6.685338
970 86 15.270506 6.885813
720 87 0.468495 6.935692
730 87 0.773880 7.012780
740 87 1.079476 7.089628
750 87 1.370970 7.174114
760 87 1.641628 7.269577
770 87 1.912286 7.365041
780 87 2.182734 7.460505
790 87 2.525581 7.527330
800 87 2.876427 7.591052
810 87 3.227062 7.654536
820 87 3.632417 7.573153
830 87 4.043877 7.475541
840 87 4.442708 7.264566
850 87 4.836067 7.005142
860 87 5.231321 6.771733
870 87 5.628679 6.577225
880 87 6.026247 6.382718
890 87 6.400034 6.392741
900 87 6.763507 6.490353
910 87 7.132452 6.658608
920 87 7.506659 6.897268
930 87 7.880656 7.135928
940 87 8.240130 7.308718
950 87 8.595606 7.465040
960 87 8.951292 7.621362
970 87 9.316869 7.734009
980 87 9.683500 7.841884
990 87 10.050130 7.949758
1000 87 10.416760 7.983648
1010 87 10.783180 7.998922
1020 87 11.149810 8.014435
1030 87 11.461719 8.099398
1040 87 11.750267 8.214432
1050 87 12.038604 8.329227
1060 87 12.210765 8.481015
1070 87 12.382925 8.633041
1080 87 12.448590 8.840198
1090 87 12.487526 9.061197
1100 87 12.534881 9.279332
1110 87 12.657161 9.471691
1120 87 12.779231 9.664290
1130 87 12.901511 9.856650
1140 87 13.041891 9.991970
1150 87 13.182061 10.127051
1160 87 13.322441 10.262371
1170 87 13.273824 10.501031
1180 87 13.225207 10.739691
1190 87 13.114502 10.946609
1200 87 12.910351 11.105556
1210 87 12.706410 11.264743
1220 87 12.514887 11.428702
1230 87 12.437857 11.635381
1240 87 12.360616 11.842299
1250 87 12.292004 12.051365
1260 87 12.300844 12.280001
1270 87 12.309683 12.508876
1280 87 12.315366 12.709589
1290 87 12.319575 12.898608
1300 87 12.323995 13.087626
1310 87 12.328415 13.276406
1320 87 12.332834 13.465425
780 88 0.399884 6.730206
790 88 0.744205 6.849536
800 88 1.088736 6.968866
810 88 1.434530 7.005142
820 88 1.780745 7.020417
830 88 2.126960 7.035930
840 88 2.496116 7.001563
850 88 2.874953 6.945716
860 88 3.253791 6.890108
870 88 3.763748 6.809919
880 88 4.329688 6.719467
890 88 4.895839 6.629015
900 88 5.430000 6.489876
910 88 5.956163 6.338804
920 88 6.482325 6.187733
930 88 7.036480 6.014227
940 88 7.597790 5.835232
950 88 8.170256 5.750747
960 88 8.759558 5.808025
970 88 9.348860 5.865303
980 88 10.017297 5.973655
990 88 10.694364 6.087973
1000 88 11.339650 6.163151
1010 88 11.963889 6.212553
1020 88 12.587918 6.261956
1030 88 13.162067 6.248830
1040 88 13.714538 6.209212
1050 88 14.261116 6.162196
1060 88 14.794224 6.098474
850 89 0.368945 7.473870
860 89 0.712214 7.542843
870 89 1.055693 7.612054
880 89 1.398962 7.681027
890 89 1.684352 7.712769
900 89 1.930807 7.719690
910 89 2.177472 7.726372
920 89 2.425610 7.734248
930 89 2.688692 7.751432
940 89 2.951773 7.768376
950 89 3.266629 7.770047
960 89 3.702713 7.735919
970 89 4.138586 7.701790
980 89 4.571092 7.680311
990 89 4.999809 7.671481
1000 89 5.428527 7.662650
1010 89 5.850930 7.782457
1020 89 6.271860 7.934245
1030 89 6.692790 8.086271
1040 89 7.075206 8.217773
1050 89 7.418895 8.329227
1060 89 7.762585 8.440681
1070 89 8.141422 8.488413
1080 89 8.555407 8.472423
1090 89 8.969392 8.456433
1100 89 9.346335 8.411803
1110 89 9.686236 8.338296
1120 89 10.026137 8.265028
1130 89 10.366249 8.191520
1140 89 10.691628 8.189611
1150 89 11.007325 8.235672
1160 89 11.323023 8.281495
1170 89 11.696388 8.297008
1180 89 12.069753 8.312282
1190 89 12.443329 8.327795
1200 89 12.594232 8.339967
1210 89 12.720511 8.351900
1220 89 12.796279 8.411565
1230 89 12.866364 8.476719
1240 89 12.936659 8.541873
1250 89 13.097665 8.597958
1260 89 13.319074 8.648315
1270 89 13.625932 8.733755
1280 89 13.969411 8.834231
1290 89 14.312680 8.934707
1300 89 14.656159 9.035183
1310 89 15.044046 9.260000
1320 89 15.436984 9.498660
860 90 0.327694 6.712784
870 90 0.657283 6.776268
880 90 0.987081 6.839990
890 90 1.317933 6.902280
900 90 1.658255 6.951205
910 90 1.998787 7.000369
920 90 2.339320 7.049533
930 90 2.714369 7.049533
940 90 3.104360 7.028531
950 90 3.494352 7.007529
960 90 3.895709 6.987959
970 90 4.323585 6.971969
980 90 4.751671 6.956217
990 90 5.149660 6.942136
1000 90 5.477986 6.932590
1010 90 5.806311 6.923043
1020 90 6.049188 7.132109
1030 90 6.270808 7.395829
1040 90 6.548201 7.627806
1050 90 6.831908 7.855965
1060 90 7.104250 8.002740
1070 90 7.369015 8.095102
1080 90 7.633780 8.187463
1090 90 7.958528 8.260970
1100 90 8.343468 8.315623
1110 90 8.728199 8.370038
1120 90 9.113139 8.424691
1130 90 9.514286 8.439726
1140 90 9.915643 8.454523
1150 90 10.316789 8.469559
1160 90 10.700046 8.554283
1170 90 11.078883 8.656430
1180 90 11.457721 8.758815
1190 90 11.796569 8.860245
1200 90 12.042182 8.959766
1210 90 12.287584 9.059049
1220 90 12.474478 9.079335
1230 90 12.655057 9.090552
1240 90 12.828269 9.121339
1250 90 12.999798 9.156661
1260 90 13.177010 9.196517
1270 90 13.405365 9.278377
1280 90 13.633930 9.360237
1290 90 13.862495 9.442098
1300 90 14.126839 9.490784
1310 90 14.415387 9.517275
1320 90 14.703724 9.543767
1330 90 14.932500 9.653789
1340 90 15.154751 9.773119
880 91 0.336744 6.157423
890 91 0.626134 6.061959
900 91 0.915523 5.966495
910 91 1.204913 5.871031
920 91 1.494302 5.775567
930 91 1.798845 5.681297
940 91 2.103599 5.587265
950 91 2.408142 5.492994
960 91 2.744465 5.409463
970 91 3.207488 5.368414
980 91 3.670512 5.327603
990 91 4.133535 5.286553
1000 91 4.647911 5.279871
1010 91 5.184177 5.287508
1020 91 5.720652 5.295145
1030 91 6.236292 5.358867
1040 91 6.738040 5.459820
1050 91 7.240000 5.560773
1060 91 7.792471 5.680103
1070 91 8.344942 5.799433
1080 91 8.869842 5.932128
1090 91 9.376642 6.073415
1100 91 9.883231 6.214940
1110 91 10.282483 6.392264
1120 91 10.669739 6.573646
1130 91 10.991330 6.727342
1140 91 11.214002 6.839751
1150 91 11.376692 6.806577
1160 91 11.513494 6.711114
1170 91 11.685444 6.626867
1180 91 11.872547 6.547154
1190 91 12.125737 6.477943
1200 91 12.386293 6.409686
1210 91 12.747240 6.194654
1220 91 13.133023 5.942629
1230 91 13.576052 5.791796
1240 91 14.024974 5.639770
1250 91 14.524829 5.475810
1260 91 15.024683 5.311613
920 92 0.347267 7.487951
930 92 0.592880 7.468142
940 92 0.838283 7.448095
950 92 1.083895 7.428286
960 92 1.343399 7.430196
970 92 1.609006 7.441651
980 92 1.874613 7.453107
990 92 2.140220 7.464324
1000 92 2.387095 7.473393
1010 92 2.615029 7.480075
1020 92 2.842963 7.486519
1030 92 3.071107 7.493202
1040 92 3.436895 7.534490
1050 92 3.818048 7.579597
1060 92 4.198989 7.624942
1070 92 4.579931 7.687471
1080 92 4.960031 7.820166
1090 92 5.339921 7.952622
1100 92 5.720021 8.085317
1110 92 6.124535 8.142356
1120 92 6.545465 8.149278
1130 92 6.966395 8.155960
1140 92 7.389220 8.164313
1150 92 7.828039 8.184599
1160 92 8.267070 8.205124
1170 92 8.706100 8.225649
1180 92 9.126819 8.284359
1190 92 9.535332 8.368606
1200 92 9.943845 8.452853
1210 92 10.338888 8.535668
1220 92 10.679210 8.612755
1230 92 11.019743 8.690081
1240 92 11.360065 8.767168
1250 92 11.729852 8.742824
1260 92 12.107005 8.693183
1270 92 12.482265 8.608220
1280 92 12.854578 8.470514
1290 92 13.226890 8.332807
1300 92 13.713696 8.279108
1310 92 14.228915 8.246173
1320 92 14.744133 8.213238
950 93 0.393780 5.859337
960 93 0.784824 5.920911
970 93 1.175658 5.982247
980 93 1.566492 6.043582
990 93 1.945539 6.136182
1000 93 2.319746 6.242386
1010 93 2.693953 6.348351
1020 93 3.084156 6.461714
1030 93 3.617685 6.640709
1040 93 4.151424 6.819704
1050 93 4.680534 7.047385
1060 93 5.199330 7.388191
1070 93 5.717916 7.729236
1080 93 6.192515 7.926847
1090 93 6.622916 7.981022
1100 93 7.066787 8.012048
1110 93 7.542017 7.988898
1120 93 8.017458 7.965748
1130 93 8.487637 7.947371
1140 93 8.937611 7.947371
1150 93 9.387375 7.947371
1160 93 9.815672 7.974579
1170 93 10.193036 8.065031
1180 93 10.570400 8.155483
1190 93 10.948395 8.259538
1200 93 11.327232 8.383641
1210 93 11.706069 8.507745
1220 93 11.908747 8.613471
1230 93 12.091641 8.717288
1240 93 12.238546 8.919910
1250 93 12.361247 9.188402
1260 93 12.477003 9.475510
1270 93 12.564136 9.837796
1280 93 12.651058 10.199843
1290 93 12.693361 10.535398
1300 93 12.631064 10.809618
1310 93 12.568766 11.083600
1320 93 12.497839 11.327749
1330 93 12.421230 11.551850
1340 93 12.344831 11.775952
1350 93 12.256436 11.988359
1360 93 12.140680 12.173320
1370 93 12.024924 12.358282
1380 93 11.909168 12.543243
1390 93 11.777628 12.758753
1400 93 11.609255 13.045145
1410 93 11.440883 13.331536
1420 93 11.272511 13.617928
980 94 0.626134 4.267476
990 94 0.889215 4.252679
1000 94 1.152296 4.237643
1010 94 1.418745 4.230961
1020 94 1.716343 4.296592
1030 94 2.013941 4.362462
1040 94 2.347317 4.406853
1050 94 2.824021 4.364610
1060 94 3.300514 4.322606
1070 94 3.777217 4.280364
1080 94 4.209302 4.216641
1090 94 4.630232 4.147191
1100 94 5.051163 4.077980
1110 94 5.356337 4.015451
1120 94 5.611842 3.955786
1130 94 5.867557 3.896121
1140 94 6.180939 3.984664
1150 94 6.500846 4.089674
1160 94 6.856111 4.149817
1170 94 7.264835 4.142895
1180 94 7.673347 4.135736
1190 94 8.081860 4.128815
1200 94 8.543621 3.998029
1210 94 9.005171 3.867005
1220 94 9.466931 3.736219
1230 94 9.907014 3.551258
1240 94 10.344781 3.360330
1250 94 10.796860 3.206872
1260 94 11.270407 3.109976
1270 94 11.743953 3.013080
1280 94 12.217079 2.915707
1290 94 12.688941 2.816902
1300 94 13.160594 2.718335
1310 94 13.648662 2.623587
1320 94 14.174825 2.538386
1330 94 14.700988 2.453184
1340 94 15.227151 2.367744
980 95 0.346426 4.808756
990 95 0.659177 4.847419
1000 95 0.972138 4.886082
1010 95 1.284889 4.924745
1020 95 1.565439 4.969613
1030 95 1.824522 5.018538
1040 95 2.083605 5.067464
1050 95 2.342687 5.116389
1060 95 2.675643 5.047655
1070 95 3.040589 4.928325
1080 95 3.405325 4.808995
1090 95 3.809418 4.692290
1100 95 4.230349 4.576540
1110 95 4.651279 4.460790
1120 95 5.075156 4.398261
1130 95 5.503663 4.415206
1140 95 5.932170 4.432151
1150 95 6.352047 4.526899
1160 95 6.766032 4.673198
1170 95 7.180228 4.819496
1180 95 7.631254 4.924984
1190 95 8.119113 4.990138
1200 95 8.586976 4.995150
1210 95 9.007907 4.860307
1220 95 9.428837 4.725464
1230 95 9.849767 4.417116
1240 95 10.270697 4.109006
1250 95 10.663636 3.874165
1260 95 11.037632 3.688726
1270 95 11.411839 3.503049
1280 95 11.854237 3.454839
1290 95 12.304211 3.421904
1300 95 12.754186 3.388969
1310 95 13.239097 3.472023
1320 95 13.724219 3.555076
1330 95 14.066015 3.617128
1340 95 14.346775 3.670110
1350 95 14.653844 3.607582
1360 95 14.964069 3.532165
1110 96 0.407250 6.246920
1120 96 0.712424 6.306585
1130 96 1.017599 6.366250
1140 96 1.322773 6.425915
1150 96 1.614899 6.467681
1160 96 1.876507 6.467681
1170 96 2.138115 6.467681
1180 96 2.399934 6.467681
1190 96 2.616292 6.368637
1200 96 2.802343 6.203246
1210 96 2.988605 6.038093
1220 96 3.276942 5.817094
1230 96 3.565489 5.596095
1240 96 3.902865 5.435238
1250 96 4.354734 5.413998
1260 96 4.806602 5.392995
1270 96 5.258471 5.371993
1280 96 5.657302 5.534521
1290 96 6.050241 5.717573
1300 96 6.442968 5.900386
1310 96 6.766453 6.190835
1320 96 7.082151 6.493217
1330 96 7.397849 6.795360
1340 96 7.631044 7.081991
1350 96 7.855189 7.366951
1360 96 8.079124 7.651672
1370 96 8.344521 7.853578
1380 96 8.620440 8.034721
1390 96 8.896150 8.215625
1400 96 9.220687 8.361446
1410 96 9.550486 8.503449
1420 96 9.880495 8.645213
1430 96 10.204611 8.775282
1440 96 10.505155 8.856904
1450 96 10.805910 8.938764
1460 96 11.106454 9.020624
1470 96 11.344069 9.167162
1480 96 11.554535 9.341383
1490 96 11.765000 9.515366
1500 96 11.975465 9.689588
1510 96 12.294319 9.812498
1520 96 12.613174 9.935407
1530 96 12.932029 10.058317
1540 96 13.351907 10.088627
1550 96 13.814930 10.079081
1560 96 14.276901 10.077171
1570 96 14.735083 10.105095
1580 96 15.193055 10.133256
1250 97 0.249401 5.797763
1260 97 0.685906 5.806593
1270 97 1.122410 5.815423
1280 97 1.551549 5.809934
1290 97 1.913549 5.676285
1300 97 2.275549 5.542635
1310 97 2.733942 5.375573
1320 97 3.256316 5.186316
1330 97 3.778901 4.997059
1340 97 4.393459 4.856727
1350 97 5.047374 4.737397
1360 97 5.701289 4.618067
1370 97 6.346154 4.555538
1380 97 6.989967 4.499453
1390 97 7.633780 4.443368
1400 97 8.288747 4.370338
1410 97 8.955290 4.280841
1420 97 9.624990 4.182752
1430 97 10.322682 4.006859
1440 97 11.010903 3.834547
1450 97 11.659767 3.675361
1460 97 12.308631 3.516175
1470 97 13.013689 3.484433
1480 97 13.732848 3.484433
1490 97 14.452008 3.484433
1500 97 15.170956 3.484433
1260 98 0.336744 7.326856
1270 98 0.621083 7.436401
1280 98 0.905631 7.546184
1290 98 1.189970 7.655729
1300 98 1.464416 7.746420
1310 98 1.715712 7.792720
1320 98 1.966796 7.838781
1330 98 2.212830 7.883649
1340 98 2.438028 7.922312
1350 98 2.663015 7.961214
1360 98 2.888213 8.000115
1370 98 3.113410 8.039017
1380 98 3.254212 8.136867
1390 98 3.385752 8.241162
1400 98 3.517293 8.345695
1410 98 3.573698 8.343547
1420 98 3.597691 8.295815
1430 98 3.621894 8.248083
1440 98 3.645887 8.200351
1450 98 3.669880 8.152619
1460 98 3.693873 8.104887
1470 98 3.718077 8.057155
1480 98 3.774271 8.045222
1490 98 3.844566 8.048563
1500 98 3.914651 8.051904
1510 98 3.984736 8.055007
1520 98 4.055031 8.058348
1530 98 4.125116 8.061689
1540 98 4.195201 8.065031
1550 98 4.370729 8.080066
1560 98 4.651279 8.106557
1570 98 4.931829 8.133049
1580 98 5.212589 8.159540
1590 98 5.522604 8.137106
1600 98 5.835777 8.109421
1610 98 6.148949 8.081737
1620 98 6.462331 8.054052
1630 98 6.721414 8.034243
1640 98 6.944717 8.019685
1650 98 7.168021 8.005127
1660 98 7.394902 8.049279
1670 98 7.631044 8.230183
1680 98 7.866975 8.410849
1690 98 8.102907 8.591753
1700 98 8.157838 8.768122
1710 98 8.212770 8.944492
1720 98 8.267701 9.120862
1730 98 8.322422 9.297470
1740 98 8.423235 9.519901
1750 98 8.592869 9.811543
1760 98 8.762294 10.103185
1770 98 8.931929 10.395066
1780 98 9.027690 10.593631
1790 98 9.104931 10.768807
1800 98 9.182382 10.944222
1810 98 9.259623 11.119637
1820 98 9.336864 11.295052
1270 99 0.372523 6.833546
1280 99 0.672226 6.913258
1290 99 0.971928 6.992732
1300 99 1.254162 7.068387
1310 99 1.377494 7.109675
1320 99 1.500827 7.150725
1330 99 1.631736 7.197741
1340 99 1.792742 7.267907
1350 99 1.953537 7.338073
1360 99 2.114543 7.408239
1370 99 2.266078 7.525659
1380 99 2.415087 7.655013
1390 99 2.563044 7.861215
1400 99 2.709528 8.182929
1410 99 2.845909 8.465024
1420 99 2.891791 8.391279
1430 99 2.937672 8.317533
1440 99 2.983553 8.243787
1450 99 3.029645 8.170041
1460 99 3.075527 8.096295
1470 99 3.138666 8.028516
1480 99 3.213592 7.964793
1490 99 3.288307 7.901310
1500 99 3.363232 7.837588
1510 99 3.454785 7.774104
1520 99 3.696188 7.710859
1530 99 3.937592 7.647615
1540 99 4.178995 7.584370
1550 99 4.434500 7.560981
1560 99 4.696318 7.554537
1570 99 4.957927 7.548093
1580 99 5.219535 7.541650
1590 99 5.560067 7.527569
1600 99 5.900389 7.513488
1610 99 6.240922 7.499646
1620 99 6.592188 7.540456
1630 99 6.950400 7.617782
1640 99 7.308822 7.695108
1650 99 7.667244 7.772672
1660 99 7.935587 8.014673
1670 99 8.193828 8.275051
1680 99 8.359674 8.513472
1690 99 8.485953 8.742586
1700 99 8.601919 8.955470
1710 99 8.677266 9.103201
1720 99 8.752402 9.250931
1730 99 8.827538 9.398662
1740 99 8.902674 9.546392
1750 99 9.059050 9.832784
1760 99 9.215425 10.119176
1770 99 9.371801 10.405567
1780 99 9.478928 10.685993
1790 99 9.536806 10.960451
1800 99 9.594683 11.234910
1810 99 9.652561 11.509369
1820 99 9.654456 11.759723
1830 99 9.600366 11.986211
1840 99 9.546487 12.212699
1850 99 9.492608 12.439187
1300 100 0.458393 5.624257
1310 100 0.701691 5.512325
1320 100 0.945199 5.400394
1330 100 1.205334 5.308987
1340 100 1.505246 5.265790
1350 100 1.804949 5.222354
1360 100 2.104651 5.178918
1370 100 2.552731 5.132618
1380 100 3.000812 5.086556
1390 100 3.448892 5.040256
1400 100 4.022830 4.998730
1410 100 4.610659 4.957441
1420 100 5.198488 4.916392
1430 100 5.757484 4.849328
1440 100 6.316479 4.782026
1450 100 6.875685 4.714963
1460 100 7.442678 4.637876
1470 100 8.011775 4.558402
1480 100 8.579610 4.479883
1490 100 9.136290 4.410672
1500 100 9.692971 4.341222
1510 100 10.249651 4.272010
1520 100 10.847372 3.985619
1530 100 11.445093 3.699227
1540 100 12.046602 3.391833
1550 100 12.651689 3.063676
1560 100 13.254882 2.717380
1570 100 13.841027 2.205933
1580 100 14.427383 1.694485
1590 100 15.013739 1.183037
1300 101 0.043987 3.759369
1310 101 0.407460 3.788247
1320 101 0.771144 3.817125
1330 101 1.134617 3.846003
1340 101 1.540605 3.878460
1350 101 2.045721 3.919510
1360 101 2.550837 3.960321
1370 101 3.055953 4.001370
1380 101 3.689243 4.009485
1390 101 4.354523 4.009485
1400 101 5.020014 4.009485
1410 101 5.683821 4.044806
1420 101 6.347207 4.095641
1430 101 7.010382 4.146237
1440 101 7.681977 4.193491
1450 101 8.365988 4.236211
1460 101 9.050000 4.278932
1470 101 9.696338 4.214016
1480 101 10.317842 4.077741
1490 101 10.961654 3.882279
1500 101 11.628197 3.627629
1510 101 12.294740 3.372979
1520 101 12.958126 3.003772
1530 101 13.618776 2.519770
1540 101 14.279426 2.036007
1550 101 14.940076 1.552005
1440 102 0.393149 4.415206
1450 102 0.745678 4.415206
1460 102 1.098417 4.415206
1470 102 1.451157 4.415206
1480 102 1.826416 4.452437
1490 102 2.235560 4.545037
1500 102 2.644915 4.637876
1510 102 3.054059 4.730715
1520 102 3.600006 4.865796
1530 102 4.180048 5.011378
1540 102 4.760089 5.156722
1550 102 5.340131 5.302305
1560 102 5.882500 5.339536
1570 102 6.408663 5.330467
1580 102 6.938403 5.299918
1590 102 7.499503 5.077010
1600 102 8.060814 4.854340
1610 102 8.602130 4.591815
1620 102 8.964130 3.971299
1630 102 9.326130 3.350784
1640 102 9.728329 2.827164
1650 102 10.157467 2.368221
1660 102 10.586395 1.909278
1670 102 11.192535 1.699258
1680 102 11.798674 1.489237
1690 102 12.404814 1.283990
1700 102 13.010953 1.083515
1710 102 13.617093 0.883041
1720 102 14.314995 0.732208
1730 102 15.012897 0.581614
1560 103 0.420930 4.582268
1570 103 0.640866 4.560550
1580 103 0.861013 4.538832
1590 103 1.080949 4.517114
1600 103 1.301095 4.495396
1610 103 1.499985 4.477974
1620 103 1.684563 4.463416
1630 103 1.869351 4.448857
1640 103 2.053929 4.434299
1650 103 2.238717 4.419502
1660 103 2.427084 4.468189
1670 103 2.616923 4.543844
1680 103 2.806973 4.619499
1690 103 2.996813 4.695154
1700 103 3.237585 4.637876
1710 103 3.512452 4.492055
1720 103 3.787109 4.346234
1730 103 4.061977 4.200412
1740 103 4.272442 3.917839
1750 103 4.482907 3.635266
1760 103 4.693372 3.352454
1770 103 4.897313 3.062244
1780 103 5.074735 2.741485
1790 103 5.252367 2.420965
1800 103 5.430000 2.100206
1810 103 5.619418 1.773958
1820 103 5.808837 1.447949
1830 103 5.998256 1.121701
1840 103 6.070656 0.942706
1850 103 6.142845 0.763711
1860 103 6.215245 0.584717
1870 103 6.233766 0.552020
1880 103 6.238817 0.555839
1890 103 6.243868 0.559657
1900 103 6.249130 0.563476
1910 103 6.254181 0.567294
1920 103 6.259232 0.571113
1930 103 6.264284 0.574931
1940 103 6.269335 0.578750
1950 103 6.274386 0.582569
1960 103 6.279437 0.586387
1970 103 6.284488 0.590206
1980 103 6.289539 0.594263
1990 103 6.294590 0.598081
2000 103 6.299852 0.601900
2010 103 6.304903 0.605719
2020 103 6.309954 0.609537
2030 103 6.315006 0.613356
2040 103 6.320057 0.617174
2050 103 6.325108 0.620993
2060 103 6.330159 0.624811
2070 103 6.335210 0.628630
2080 103 6.340261 0.632448
2090 103 6.345313 0.636267
2100 103 6.350364 0.640086
2110 103 6.355625 0.643904
2120 103 6.377093 0.914783
2130 103 6.400454 1.215494
2140 103 6.403611 1.534821
2150 103 6.325318 1.930519
2160 103 6.247236 2.325978
2170 103 6.168943 2.721438
2180 103 6.107908 3.015705
2190 103 6.053818 3.266537
2200 103 5.999939 3.517368
2210 103 5.945850 3.768438
2220 103 6.010673 3.976550
2230 103 6.104961 4.174160
2240 103 6.199250 4.371532
2250 103 6.578087 4.487998
2260 103 6.988494 4.595394
2270 103 7.465197 4.670572
2280 103 7.949267 4.742170
2290 103 8.433337 4.813768
2300 103 8.921406 4.851715
2310 103 9.410106 4.885605
2320 103 9.901962 4.923074
2330 103 10.423916 4.989899
2340 103 10.945869 5.056724
2350 103 11.420468 5.113525
2360 103 11.863497 5.163882
2370 103 12.342726 5.103740
2380 103 12.837319 4.996343
2390 103 13.299501 5.014958
2400 103 13.748002 5.087511
2410 103 14.157357 5.303975
2420 103 14.507991 5.735711
2430 103 14.828530 6.150024
2440 103 15.078562 6.522811
1600 104 0.231512 5.322114
1610 104 0.534792 5.399439
1620 104 0.838072 5.476526
1630 104 1.141563 5.553852
1640 104 1.470309 5.702299
1650 104 1.816103 5.898238
1660 104 2.161687 6.094417
1670 104 2.518215 6.330213
1680 104 2.877269 6.575793
1690 104 3.236112 6.821374
1700 104 3.645466 7.003472
1710 104 4.130167 7.090344
1720 104 4.614868 7.177216
1730 104 5.092624 7.263850
1740 104 5.507241 7.350722
1750 104 5.921646 7.437594
1760 104 6.336263 7.524228
1770 104 6.725413 7.593678
1780 104 7.108038 7.658832
1790 104 7.490664 7.723986
1800 104 7.775844 7.769331
1810 104 7.963789 7.794868
1820 104 8.151735 7.820404
1830 104 8.189829 7.843077
1840 104 8.163521 7.864318
1850 104 8.137213 7.885558
1860 104 8.110904 7.906799
1870 104 8.084596 7.928279
1880 104 8.045239 7.942837
1890 104 7.889074 7.896537
1900 104 7.732909 7.850475
1910 104 7.576744 7.804175
1920 104 7.317240 7.772434
1930 104 7.057527 7.740453
1940 104 6.798023 7.708712
1950 104 6.494743 7.631386
1960 104 6.191463 7.554299
1970 104 5.887972 7.476973
1980 104 5.610789 7.433537
1990 104 5.350865 7.412535
2000 104 5.090730 7.391533
2010 104 4.821966 7.371963
2020 104 4.517213 7.359552
2030 104 4.212670 7.346903
2040 104 3.907916 7.334493
2050 104 3.600427 7.310388
2060 104 3.288307 7.269339
2070 104 2.976187 7.228051
2080 104 2.657332 7.130439
2090 104 2.331322 6.976503
2100 104 2.005522 6.822568
2110 104 1.658886 6.686054
2120 104 1.281101 6.576032
2130 104 0.903316 6.465771
2140 104 0.525531 6.355749
2150 104 0.147957 6.245488
1750 105 0.380521 4.318549
1760 105 0.720422 4.459358
1770 105 1.060323 4.599929
1780 105 1.400435 4.740738
1790 105 1.760541 4.787754
1800 105 2.133906 4.772480
1810 105 2.507271 4.756967
1820 105 2.966716 4.603509
1830 105 3.512452 4.311867
1840 105 4.057978 4.019986
1850 105 4.666222 3.798032
1860 105 5.290251 3.593501
1870 105 5.914070 3.388969
1880 105 6.596187 3.232647
1890 105 7.278515 3.076325
1900 105 7.962316 2.936232
1910 105 8.661692 2.943869
1920 105 9.360857 2.951744
1930 105 10.060232 2.959382
1940 105 10.829482 2.918332
1950 105 11.598732 2.877044
1960 105 12.370929 2.831699
1970 105 13.169644 2.747452
1980 105 13.968148 2.663205
1990 105 14.766653 2.578958
1760 106 14.736977 4.868660
1770 106 14.359824 5.107320
1780 106 13.982881 5.345980
1790 106 13.617934 5.584639
1800 106 13.258460 5.823299
1810 106 12.896250 6.005635
1820 106 12.527936 6.056947
1830 106 12.159622 6.108020
1840 106 11.804988 6.125442
1850 106 11.463824 6.108975
1860 106 11.122660 6.092507
1870 106 10.785074 6.032126
1880 106 10.449593 5.942629
1890 106 10.114111 5.853132
1900 106 9.782208 5.750031
1910 106 9.455776 5.626643
1920 106 9.129135 5.503256
1930 106 8.775343 5.405883
1940 106 8.394190 5.335001
1950 106 8.013038 5.264119
1960 106 7.631886 5.192999
1970 106 7.256837 5.169371
1980 106 6.883261 5.157438
1990 106 6.509686 5.145505
2000 106 6.136110 5.133572
2010 106 5.779161 5.131186
2020 106 5.426632 5.131186
2030 106 5.073893 5.131186
2040 106 4.719680 5.130470
2050 106 4.351366 5.124503
2060 106 3.983052 5.118537
2070 106 3.614738 5.112570
2080 106 3.259263 5.107320
2090 106 3.020174 5.107320
2100 106 2.781086 5.107320
2110 106 2.541787 5.107320
2120 106 2.302699 5.107320
2130 106 2.079816 5.119969
2140 106 1.864089 5.137868
2150 106 1.648363 5.155768
2160 106 1.432636 5.173667
2170 106 1.138406 5.173906
2180 106 0.810291 5.166985
2190 106 0.482176 5.160064
2200 106 0.154060 5.152904
1760 107 14.818217 5.537623
1770 107 14.411177 5.784398
1780 107 14.004348 6.030933
1790 107 13.599624 6.264104
1800 107 13.213631 6.375319
1810 107 12.827848 6.486773
1820 107 12.441014 6.591306
1830 107 12.045550 6.634742
1840 107 11.650296 6.678179
1850 107 11.254832 6.721615
1860 107 10.928822 6.723763
1870 107 10.620069 6.715887
1880 107 10.311317 6.708011
1890 107 10.005301 6.595364
1900 107 9.699706 6.456941
1910 107 9.394110 6.318280
1920 107 9.055472 6.179857
1930 107 8.702311 6.041196
1940 107 8.349361 5.902534
1950 107 7.970945 5.842869
1960 107 7.575481 5.835709
1970 107 7.180017 5.828311
1980 107 6.798023 5.825447
1990 107 6.447178 5.832607
2000 107 6.096543 5.840005
2010 107 5.745697 5.847165
2020 107 5.396957 5.840244
2030 107 5.048216 5.833561
2040 107 4.699475 5.826640
2050 107 4.346736 5.809934
2060 107 3.989998 5.783443
2070 107 3.633470 5.756952
2080 107 3.276731 5.730460
2090 107 3.015755 5.738098
2100 107 2.765091 5.749315
2110 107 2.514637 5.760770
2120 107 2.263973 5.772226
2130 107 2.026358 5.779863
2140 107 1.794426 5.786068
2150 107 1.562283 5.792035
2160 107 1.330350 5.798240
2170 107 1.045380 5.825924
2180 107 0.747151 5.859098
2190 107 0.448922 5.892272
2200 107 0.150903 5.925446
1780 108 14.816744 6.801804
1790 108 14.501046 6.722331
1800 108 14.185348 6.642618
1810 108 13.869651 6.563144
1820 108 13.527645 6.540710
1830 108 13.185639 6.518276
1840 108 12.843633 6.496081
1850 108 12.478055 6.497274
1860 108 12.106795 6.504196
1870 108 11.735324 6.511117
1880 108 11.362169 6.559326
1890 108 10.986910 6.668871
1900 108 10.611440 6.778654
1910 108 10.235971 6.888199
1920 108 9.873971 6.981038
1930 108 9.517864 7.066717
1940 108 9.161757 7.152396
1950 108 8.805439 7.238074
1960 108 8.508263 7.290341
1970 108 8.225818 7.334493
1980 108 7.943374 7.378406
1990 108 7.660930 7.422320
2000 108 7.369015 7.460744
2010 108 7.077100 7.499407
2020 108 6.785185 7.537831
2030 108 6.468856 7.554776
2040 108 6.150001 7.569096
2050 108 5.831146 7.583654
2060 108 5.499874 7.649524
2070 108 5.160394 7.749522
2080 108 4.820914 7.849521
2090 108 4.495324 7.926131
2100 108 4.183625 7.979113
2110 108 3.871716 8.032334
2120 108 3.629050 8.090567
2130 108 3.403431 8.150232
2140 108 3.178023 8.209897
2150 108 2.992393 8.202976
2160 108 2.806552 8.195816
2170 108 2.620922 8.188895
2180 108 2.352369 8.092476
2190 108 2.028463 7.936393
2200 108 1.704767 7.780309
2210 108 1.257529 7.750477
2220 108 0.810291 7.720645
2230 108 0.363052 7.690812
1770 109 14.889354 7.475780
1780 109 14.577234 7.376974
1790 109 14.265115 7.278408
1800 109 13.953205 7.179603
1810 109 13.628879 7.117313
1820 109 13.301395 7.064330
1830 109 12.971807 7.021849
1840 109 12.623276 7.074115
1850 109 12.274746 7.126143
1860 109 11.926216 7.178409
1870 109 11.634932 7.272203
1880 109 11.350173 7.370292
1890 109 11.065414 7.468620
1900 109 10.769079 7.538070
1910 109 10.461168 7.578881
1920 109 10.153047 7.619691
1930 109 9.845137 7.660502
1940 109 9.518706 7.719690
1950 109 9.164493 7.807039
1960 109 8.810280 7.894389
1970 109 8.456067 7.981738
1980 109 8.121007 8.046654
1990 109 7.830986 8.059541
2000 109 7.540965 8.072429
2010 109 7.250733 8.085317
2020 109 6.957977 8.098682
2030 109 6.663325 8.112285
2040 109 6.368674 8.126128
2050 109 6.069182 8.142595
2060 109 5.725703 8.186747
2070 109 5.382435 8.230661
2080 109 5.038956 8.274574
2090 109 4.717155 8.329943
2100 109 4.445865 8.411565
2110 109 4.174365 8.493186
2120 109 3.903075 8.574808
2130 109 3.653464 8.634950
2140 109 3.425951 8.673613
2150 109 3.198438 8.712276
2160 109 2.970925 8.751178
2170 109 2.660279 8.691990
2180 109 2.328796 8.608459
2190 109 1.997314 8.524928
2200 109 1.665831 8.441397
2210 109 1.337716 8.403450
2220 109 1.010233 8.376959
2230 109 0.682749 8.350468
2240 109 0.355476 8.323976
1850 110 0.077662 7.710621
1860 110 0.379890 7.704416
1870 110 0.682117 7.698210
1880 110 0.984345 7.692244
1890 110 1.286573 7.686039
1900 110 1.565860 7.732578
1910 110 1.839465 7.792242
1920 110 2.113070 7.851907
1930 110 2.386674 7.911572
1940 110 2.715000 7.917539
1950 110 3.057006 7.910140
1960 110 3.399012 7.902742
1970 110 3.708816 7.862408
1980 110 3.997364 7.800596
1990 110 4.285701 7.738783
2000 110 4.619288 7.863363
2010 110 4.957927 8.008707
2020 110 5.186702 8.252379
2030 110 5.342657 8.561682
2040 110 5.498611 8.870985
2050 110 5.838934 9.109167
2060 110 6.199671 9.339235
2070 110 6.566511 9.560712
2080 110 6.987442 9.703907
2090 110 7.408372 9.847103
2100 110 7.829302 9.990299
2110 110 8.233185 10.163566
2120 110 8.625702 10.357119
2130 110 9.018219 10.550672
2140 110 9.410737 10.744226
2150 110 9.752953 10.799356
2160 110 10.089697 10.839212
2170 110 10.426442 10.878830
2180 110 10.649535 10.851145
2190 110 10.860000 10.815823
2200 110 11.086460 10.751147
2210 110 11.377112 10.569288
2220 110 11.669448 10.411534
2230 110 11.977780 10.471199
2240 110 12.285901 10.530864
2250 110 12.584551 10.624180
2260 110 12.860681 10.795537
2270 110 13.137022 10.967134
2280 110 13.407259 11.133480
2290 110 13.624880 11.252810
2300 110 13.842290 11.372139
2310 110 14.044758 11.485980
2320 110 14.111475 11.549941
2330 110 14.178193 11.613902
2340 110 14.244910 11.678101
2350 110 14.311627 11.742062
1860 111 14.680573 7.193206
1870 111 14.414124 7.026145
1880 111 14.147465 6.859083
1890 111 13.880805 6.692021
1900 111 13.480290 6.652642
1910 111 13.046311 6.645243
1920 111 12.612122 6.637606
1930 111 12.156465 6.696794
1940 111 11.686496 6.800134
1950 111 11.216317 6.903712
1960 111 10.796229 6.958842
1970 111 10.409183 6.981992
1980 111 10.022138 7.005142
1990 111 9.609626 7.013257
2000 111 9.171649 7.006813
2010 111 8.733671 7.000369
2020 111 8.295693 6.993925
2030 111 7.850980 6.981276
2040 111 7.404583 6.966718
2050 111 6.958187 6.952160
2060 111 6.517894 6.907769
2070 111 6.083704 6.833069
2080 111 5.649725 6.758607
2090 111 5.217641 6.688441
2100 111 4.789975 6.628776
2110 111 4.362521 6.569111
2120 111 3.950220 6.516844
2130 111 3.675563 6.529971
2140 111 3.400695 6.543336
2150 111 3.126038 6.556462
2160 111 2.868850 6.519947
2170 111 2.629130 6.433791
2180 111 2.389410 6.347635
2190 111 2.149691 6.261479
2200 111 1.863879 6.189642
2210 111 1.573016 6.119476
2220 111 1.281943 6.049310
2230 111 0.921416 5.962438
2240 111 0.491436 5.858621
2250 111 0.061245 5.754804
1870 112 14.773388 6.386059
1880 112 14.365927 6.247398
1890 112 13.958677 6.108975
1900 112 13.551217 5.970314
1910 112 13.097033 5.974371
1920 112 12.630853 6.014227
1930 112 12.164883 6.054083
1940 112 11.698914 6.093701
1950 112 11.251254 6.145490
1960 112 10.816012 6.205155
1970 112 10.380771 6.264820
1980 112 9.945529 6.324485
1990 112 9.514286 6.373649
2000 112 9.099459 6.380570
2010 112 8.684843 6.387730
2020 112 8.270016 6.394651
2030 112 7.803836 6.350021
2040 112 7.324817 6.292504
2050 112 6.846009 6.234749
2060 112 6.419186 6.139046
2070 112 5.998256 6.038809
2080 112 5.577325 5.938810
2090 112 5.145241 5.893226
2100 112 4.710209 5.861485
2110 112 4.275178 5.829743
2120 112 3.896341 5.778670
2130 112 3.531605 5.723062
2140 112 3.166869 5.667454
2150 112 2.888002 5.592515
2160 112 2.630814 5.513041
2170 112 2.373626 5.433568
2180 112 2.111176 5.361731
2190 112 1.828731 5.320682
2200 112 1.546077 5.279871
2210 112 1.263422 5.238821
2220 112 0.919312 5.186555
2230 112 0.548893 5.129276
2240 112 0.178474 5.071998
1970 113 14.912716 9.066447
1980 113 14.234387 9.172412
1990 113 13.556268 9.278616
2000 113 12.897512 9.271933
2010 113 12.257909 9.152603
2020 113 11.618516 9.033273
2030 113 11.028372 8.949742
2040 113 10.443700 8.870269
2050 113 9.868499 8.810127
2060 113 9.330550 8.827787
2070 113 8.792811 8.845448
2080 113 8.368514 8.899624
2090 113 8.057867 8.990553
2100 113 7.729121 9.065015
2110 113 7.373435 9.114418
2120 113 7.017959 9.163820
2130 113 6.568827 9.163343
2140 113 6.026037 9.112986
2150 113 5.444522 9.037808
2160 113 4.837541 8.946163
2170 113 4.230349 8.854279
2180 113 3.730494 8.774805
2190 113 3.230639 8.695092
2200 113 2.809709 8.591753
2210 113 2.441395 8.472423
2220 113 2.073081 8.353093
2230 113 1.716553 8.336864
2240 113 1.362972 8.346411
2250 113 1.002866 8.349990
2260 113 0.627817 8.339489
2270 113 0.252558 8.329227
2010 114 14.552400 5.655760
2020 114 14.234176 5.702299
2030 114 13.915953 5.748837
2040 114 13.597519 5.795376
2050 114 13.257197 5.838812
2060 114 12.883832 5.877236
2070 114 12.510467 5.915660
2080 114 12.134997 5.946686
2090 114 11.755108 5.959813
2100 114 11.375008 5.973177
2110 114 10.995118 5.986304
2120 114 10.598602 5.967211
2130 114 10.195351 5.934037
2140 114 9.791889 5.900864
2150 114 9.392216 5.869599
2160 114 9.025375 5.855996
2170 114 8.658535 5.842392
2180 114 8.291694 5.828788
2190 114 7.967367 5.805400
2200 114 7.671453 5.775567
2210 114 7.375539 5.745735
2220 114 7.098778 5.730699
2230 114 6.851271 5.737620
2240 114 6.603553 5.744780
2250 114 6.356046 5.751701
2260 114 6.106856 5.783204
2270 114 5.857665 5.814469
2280 114 5.608264 5.845972
2290 114 5.344761 5.885828
2300 114 5.024013 5.959574
2310 114 4.703474 6.033558
2320 114 4.382725 6.107304
2330 114 4.061977 6.181289
2340 114 3.781427 6.175084
2350 114 3.500666 6.169117
2360 114 3.220116 6.162912
2370 114 2.957666 6.154559
2380 114 2.858537 6.126636
2390 114 2.759619 6.098474
2400 114 2.660489 6.070312
2410 114 2.561571 6.042389
2420 114 2.462442 6.014227
2430 114 2.271971 5.923298
2440 114 2.081500 5.832368
2450 114 1.891239 5.741439
2460 114 1.700769 5.650509
2470 114 1.510298 5.559580
2480 114 1.319827 5.468651
2490 114 1.129145 5.429033
2500 114 0.938043 5.411372
2510 114 0.747151 5.393711
2520 114 0.556259 5.376051
2530 114 0.365157 5.358390
2540 114 0.174265 5.340729
2010 115 14.711511 6.610876
2020 115 14.368663 6.610876
2030 115 14.026026 6.610876
2040 115 13.683179 6.610876
2050 115 13.327703 6.654074
2060 115 12.959389 6.740230
2070 115 12.591075 6.826386
2080 115 12.222761 6.912542
2090 115 11.849817 6.910395
2100 115 11.476241 6.898462
2110 115 11.102666 6.886529
2120 115 10.729090 6.874596
2130 115 10.410025 6.919941
2140 115 10.097274 6.971491
2150 115 9.784312 7.023042
2160 115 9.461880 7.061943
2170 115 9.101143 7.050726
2180 115 8.740406 7.039271
2190 115 8.379458 7.028054
2200 115 8.018721 7.016598
2210 115 7.705338 7.011586
2220 115 7.391745 7.006336
2230 115 7.078363 7.001324
2240 115 6.764980 6.996312
2250 115 6.444652 6.999653
2260 115 6.108960 7.022326
2270 115 5.773268 7.044999
2280 115 5.437577 7.067671
2290 115 5.105252 7.091776
2300 115 4.803235 7.128052
2310 115 4.501217 7.164567
2320 115 4.199200 7.200843
2330 115 3.897182 7.237120
2340 115 3.682298 7.257883
2350 115 3.554124 7.263134
2360 115 3.425951 7.268146
2370 115 3.297988 7.273396
2380 115 3.169815 7.278647
2390 115 3.113200 7.180080
2400 115 3.064793 7.069819
2410 115 3.014071 6.973878
2420 115 2.958298 6.910633
2430 115 2.902524 6.847388
2440 115 2.846751 6.784143
2450 115 2.684903 6.740230
2460 115 2.511270 6.698703
2470 115 2.337636 6.656938
2480 115 2.164002 6.615172
2490 115 1.995209 6.573407
2500 115 1.826837 6.531641
2510 115 1.658465 6.489876
2520 115 1.490093 6.448110
2530 115 1.308672 6.397992
2540 115 1.125778 6.347157
2550 115 0.942884 6.296323
2560 115 0.759990 6.245488
2570 115 0.577306 6.194654
2580 115 0.394412 6.143819
2010 116 14.856732 6.070073
2020 116 14.512832 6.122579
2030 116 14.168932 6.174845
2040 116 13.825032 6.227350
2050 116 13.481132 6.279617
2060 116 13.125025 6.316132
2070 116 12.760921 6.341907
2080 116 12.397026 6.367682
2090 116 12.032922 6.393457
2100 116 11.671764 6.406345
2110 116 11.311026 6.417562
2120 116 10.950289 6.429018
2130 116 10.589342 6.440473
2140 116 10.225026 6.427824
2150 116 9.859238 6.405152
2160 116 9.493450 6.382479
2170 116 9.127661 6.359806
2180 116 8.786918 6.348351
2190 116 8.471221 6.348351
2200 116 8.155523 6.348351
2210 116 7.839825 6.348351
2220 116 7.504765 6.367205
2230 116 7.150342 6.404913
2240 116 6.795708 6.442621
2250 116 6.441285 6.480330
2260 116 6.115906 6.487012
2270 116 5.803154 6.480568
2280 116 5.490193 6.474124
2290 116 5.177442 6.467681
2300 116 4.909520 6.532835
2310 116 4.641808 6.597750
2320 116 4.373886 6.662904
2330 116 4.111436 6.702044
2340 116 3.851512 6.730206
2350 116 3.591587 6.758368
2360 116 3.364495 6.769824
2370 116 3.214013 6.742378
2380 116 3.063741 6.715171
2390 116 2.913469 6.687964
2400 116 2.845909 6.627344
2410 116 2.799186 6.558371
2420 116 2.752463 6.489399
2430 116 2.705739 6.420426
2440 116 2.642179 6.353840
2450 116 2.539682 6.292743
2460 116 2.436976 6.231407
2470 116 2.334479 6.170310
2480 116 2.197466 6.118760
2490 116 2.008679 6.082245
2500 116 1.819681 6.045491
2510 116 1.630894 6.008738
2520 116 1.445895 5.960528
2530 116 1.265106 5.900864
2540 116 1.084316 5.841199
2550 116 0.903316 5.781534
2560 116 0.722527 5.721869
2570 116 0.541527 5.662204
2580 116 0.360737 5.602539
2030 117 14.728138 4.938587
2040 117 14.243647 4.994195
2050 117 13.758946 5.049564
2060 117 13.274455 5.105172
2070 117 12.793964 5.158870
2080 117 12.349040 5.196817
2090 117 11.904117 5.234764
2100 117 11.459404 5.272711
2110 117 11.014481 5.310658
2120 117 10.574399 5.308510
2130 117 10.136421 5.289178
2140 117 9.698443 5.269847
2150 117 9.260465 5.250516
2160 117 9.039266 5.256721
2170 117 8.817857 5.262687
2180 117 8.596658 5.268892
2190 117 8.373144 5.276052
2200 117 8.130057 5.291804
2210 117 7.886759 5.307794
2220 117 7.643672 5.323784
2230 117 7.400374 5.339536
2240 117 7.142133 5.345980
2250 117 6.874001 5.345980
2260 117 6.605658 5.345980
2270 117 6.337525 5.345980
2280 117 6.069182 5.345980
2290 117 5.765692 5.351707
2300 117 5.426843 5.363402
2310 117 5.088204 5.375096
2320 117 4.749356 5.386790
2330 117 4.424187 5.418771
2340 117 4.119644 5.481538
2350 117 3.814891 5.544544
2360 117 3.510348 5.607312
2370 117 3.287465 5.606119
2380 117 3.119093 5.562444
2390 117 2.950721 5.518531
2400 117 2.782349 5.474856
2410 117 2.613977 5.431181
2420 117 2.445605 5.387268
2430 117 2.282915 5.309465
2440 117 2.124224 5.208989
2450 117 1.965534 5.108513
2460 117 1.806633 5.008037
2470 117 1.647942 4.907561
2480 117 1.489041 4.807086
2490 117 1.225749 4.731192
2500 117 0.950881 4.658162
2510 117 0.676014 4.585132
2520 117 0.401146 4.512102
2530 117 0.126279 4.439072
2050 118 14.837790 6.706340
2060 118 14.416860 6.900371
2070 118 13.995930 7.094163
2080 118 13.575000 7.288193
2090 118 13.291924 7.569812
2100 118 13.043154 7.873625
2110 118 12.794384 8.177439
2120 118 12.602861 8.528031
2130 118 12.468374 8.925877
2140 118 12.333887 9.323722
2150 118 12.199400 9.721330
2160 118 12.063018 9.975980
2170 118 11.926637 10.214639
2180 118 11.790045 10.453299
2190 118 11.666081 10.674298
2200 118 11.593050 10.824893
2210 118 11.519808 10.975248
2220 118 11.446566 11.125604
2230 118 11.373324 11.276198
2240 118 11.289980 11.484548
2250 118 11.199690 11.731800
2260 118 11.109611 11.979051
2270 118 11.019322 12.226303
2280 118 10.929243 12.473316
2290 118 10.838953 12.720567
2050 119 14.913768 7.432343
2060 119 14.533668 7.740215
2070 119 14.153358 8.048324
2080 119 13.773258 8.356196
2090 119 13.511860 8.671227
2100 119 13.301395 8.989599
2110 119 13.090930 9.307732
2120 119 12.884253 9.617274
2130 119 12.710619 9.849967
2140 119 12.536986 10.082661
2150 119 12.363352 10.315354
2160 119 12.199610 10.539933
2170 119 12.125947 10.689095
2180 119 12.052285 10.838257
2190 119 11.978622 10.987420
2200 119 11.904959 11.134196
2210 119 11.831507 11.261879
2220 119 11.758054 11.389562
2230 119 11.684812 11.517245
2240 119 11.611360 11.644928
2250 119 11.531594 11.796238
2260 119 11.450354 11.953515
2270 119 11.368904 12.110792
2280 119 11.287665 12.268307
2290 119 11.206215 12.425584
2190 120 14.606279 7.220175
2200 120 14.080116 7.045237
2210 120 13.553953 6.870300
2220 120 13.026107 6.713500
2230 120 12.491315 6.629492
2240 120 11.956733 6.545722
2250 120 11.421941 6.461953
2260 120 10.848214 6.511117
2270 120 10.235339 6.693691
2280 120 9.622675 6.876266
2290 120 9.010643 7.052397
2300 120 8.405556 7.171727
2310 120 7.800468 7.291057
2320 120 7.215375 7.312298
2330 120 6.638701 7.291534
2340 120 6.043295 7.391533
2350 120 5.419477 7.672913
2360 120 4.795658 7.954292
2370 120 4.214564 8.126366
2380 120 3.662093 8.225887
2390 120 3.134667 8.297008
2400 120 2.707634 8.254765
2410 120 2.280389 8.212761
2420 120 1.853356 8.170518
2430 120 1.549023 8.130423
2440 120 1.275419 8.090567
2450 120 1.001814 8.050711
2460 120 0.531214 7.930426
2470 120 0.011155 7.790095
2190 121 14.959860 6.859799
2200 121 14.454744 6.689396
2210 121 13.949627 6.518754
2220 121 13.444511 6.348351
2230 121 12.906562 6.191790
2240 121 12.292004 6.067687
2250 121 11.677446 5.943584
2260 121 11.097615 6.021148
2270 121 10.526202 6.148831
2280 121 9.955000 6.276753
2290 121 9.353701 6.396083
2300 121 8.752402 6.515413
2310 121 8.146473 6.623287
2320 121 7.522865 6.685100
2330 121 6.899257 6.746913
2340 121 6.431603 6.800134
2350 121 6.119904 6.844286
2360 121 5.807995 6.888438
2370 121 5.686557 7.041657
2380 121 5.612684 7.222323
2390 121 5.538600 7.402988
2400 121 5.472724 7.565516
2410 121 5.478828 7.565516
2420 121 5.484721 7.565516
2430 121 5.490824 7.565516
2440 121 5.496928 7.565516
2450 121 5.502821 7.565516
2460 121 5.508924 7.565516
2470 121 5.515028 7.565516
2480 121 5.521131 7.565516
2490 121 5.527024 7.565516
2500 121 5.533128 7.565516
2510 121 5.539231 7.565516
2520 121 5.545124 7.565516
2530 121 5.551228 7.565516
2540 121 5.557331 7.565516
2550 121 5.563224 7.565516
2560 121 5.569328 7.565516
2570 121 5.575431 7.565516
2580 121 5.581535 7.565516
2590 121 5.587428 7.565516
2600 121 5.593531 7.565516
2610 121 5.594794 7.559310
2620 121 5.577115 7.528285
2630 121 5.559436 7.497498
2640 121 5.541757 7.466472
2650 121 5.524078 7.435446
2660 121 5.506399 7.404420
2670 121 5.488720 7.373395
2680 121 5.471041 7.342607
2690 121 5.453361 7.311582
2700 121 5.435682 7.280556
2710 121 5.418214 7.249530
2720 121 5.400535 7.218743
2730 121 5.382856 7.187717
2740 121 5.330239 7.139985
2750 121 4.964241 6.942852
2760 121 4.598242 6.745719
2770 121 4.248870 6.675792
2780 121 3.903707 6.637606
2790 121 3.550967 6.628060
2800 121 3.180549 6.685338
2810 121 2.810130 6.742617
2820 121 2.381202 6.685816
2830 121 1.937752 6.600614
2840 121 1.494302 6.515413
2850 121 0.763778 6.487251
2860 121 0.033464 6.459327
2210 122 14.766022 5.246936
2220 122 14.258380 5.211853
2230 122 13.750738 5.176770
2240 122 13.243307 5.141687
2250 122 12.810590 5.217342
2260 122 12.410075 5.340490
2270 122 12.009350 5.463877
2280 122 11.601047 5.567456
2290 122 11.187273 5.657908
2300 122 10.773709 5.748360
2310 122 10.370037 5.798717
2320 122 9.970995 5.831414
2330 122 9.571743 5.864349
2340 122 9.121558 5.953846
2350 122 8.658535 6.057186
2360 122 8.195511 6.160525
2370 122 7.750799 6.233317
2380 122 7.310716 6.298471
2390 122 6.905571 6.430450
2400 122 6.523577 6.607297
2410 122 6.141582 6.784143
2420 122 6.126218 7.033782
2430 122 6.151474 7.291534
2440 122 6.166628 7.574585
2450 122 6.166628 7.895582
2460 122 6.166628 8.216580
2470 122 6.003728 8.484833
2480 122 5.677717 8.700343
2490 122 5.351917 8.915853
2500 122 5.054741 9.144012
2510 122 4.800709 9.390786
2520 122 4.546678 9.637799
2530 122 4.365467 9.884096
2540 122 4.257078 10.129915
2550 122 4.148688 10.375973
2560 122 4.004520 10.623225
2570 122 3.717656 10.876443
2580 122 3.430581 11.129422
2590 122 3.143507 11.382640
2600 122 2.767616 11.608413
2610 122 2.381834 11.831082
2620 122 1.995841 12.053991
2630 122 1.680985 12.273080
2640 122 1.374127 12.491931
2650 122 1.096523 12.723670
2660 122 0.848385 12.968296
2670 122 0.600036 13.213161
2680 122 0.351898 13.458026
2220 123 14.949968 8.109183
2230 123 14.435591 7.808710
2240 123 13.921004 7.507999
2250 123 13.406627 7.207526
2260 123 12.748924 7.018507
2270 123 12.091221 6.829727
2280 123 11.454143 6.715409
2290 123 10.830955 6.651210
2300 123 10.207558 6.587010
2310 123 9.568165 6.706340
2320 123 8.928561 6.825670
2330 123 8.310636 6.876505
2340 123 7.724911 6.824716
2350 123 7.157918 6.790349
2360 123 6.756982 6.915406
2370 123 6.356046 7.040464
2380 123 6.122220 7.371963
2390 123 5.928171 7.650956
2400 123 5.893023 7.720645
2410 123 5.857875 7.790333
2420 123 5.848194 7.807994
2430 123 5.844616 7.812767
2440 123 5.841038 7.817540
2450 123 5.837671 7.822314
2460 123 5.834093 7.827087
2470 123 5.830515 7.831860
2480 123 5.827147 7.836633
2490 123 5.823570 7.841406
2500 123 5.819992 7.846180
2510 123 5.816624 7.850953
2520 123 5.813046 7.855726
2530 123 5.809468 7.860499
2540 123 5.806101 7.865272
2550 123 5.802523 7.870046
2560 123 5.798945 7.874819
2570 123 5.795578 7.879592
2580 123 5.792000 7.884365
2590 123 5.788422 7.889138
2600 123 5.785054 7.893912
2610 123 5.781477 7.898685
2620 123 5.777899 7.903458
2630 123 5.774531 7.908231
2640 123 5.770953 7.913004
2650 123 5.767375 7.917778
2660 123 5.764008 7.922551
2670 123 5.760430 7.927324
2680 123 5.756852 7.932097
2690 123 5.753485 7.936870
2700 123 5.749907 7.941643
2710 123 5.746329 7.946417
2720 123 5.679191 7.947371
2730 123 5.595846 7.947371
2740 123 5.512713 7.947371
2750 123 5.429579 7.947371
2760 123 5.194910 7.834724
2770 123 4.809128 7.609190
2780 123 4.415768 7.432343
2790 123 4.019042 7.276260
2800 123 3.621473 7.136644
2810 123 3.214434 7.144758
2820 123 2.807605 7.152634
2830 123 2.402038 7.153589
2840 123 2.008469 7.091299
2850 123 1.615109 7.029008
2860 123 1.001603 6.982947
2870 123 0.332956 6.940704
2240 124 14.895247 6.088927
2250 124 14.397287 6.073176
2260 124 13.899116 6.057186
2270 124 13.400945 6.041196
2280 124 12.906773 6.055992
2290 124 12.413443 6.078426
2300 124 11.920323 6.100622
2310 124 11.454985 6.140001
2320 124 11.008588 6.190597
2330 124 10.562192 6.241431
2340 124 10.127792 6.315177
2350 124 9.722015 6.442860
2360 124 9.316028 6.570782
2370 124 8.926036 6.767437
2380 124 8.551829 7.032588
2390 124 8.177832 7.297739
2400 124 7.799837 7.495827
2410 124 7.421000 7.677208
2420 124 7.052054 7.891048
2430 124 6.706260 8.181019
2440 124 6.360466 8.470752
2450 124 6.023301 8.738767
2460 124 5.694344 8.984825
2470 124 5.365598 9.230884
2480 124 5.065264 9.484818
2490 124 4.831437 9.756651
2500 124 4.597400 10.028246
2510 124 4.363573 10.300080
2520 124 4.193728 10.588142
2530 124 4.051453 10.882887
2540 124 3.909179 11.177632
2550 124 3.741859 11.432759
2560 124 3.516241 11.594570
2570 124 3.290832 11.756620
2580 124 3.053007 11.934422
2590 124 2.803185 12.128452
2600 124 2.553152 12.322244
2610 124 2.303330 12.516275
2620 124 2.053298 12.710066
2630 124 1.827679 12.894550
2640 124 1.612584 13.074738
2650 124 1.397488 13.255165
2660 124 1.182393 13.435592
2670 124 0.967298 13.615780
2260 125 14.690465 4.701598
2270 125 14.111686 4.641933
2280 125 13.532907 4.582268
2290 125 12.976016 4.519501
2300 125 12.507100 4.444561
2310 125 12.037973 4.369622
2320 125 11.569057 4.294444
2330 125 11.174224 4.202799
2340 125 10.811382 4.104233
2350 125 10.448540 4.005427
2360 125 10.252176 4.008053
2370 125 10.097274 4.036215
2380 125 9.942582 4.064138
2390 125 9.861974 4.067240
2400 125 9.892281 4.032873
2410 125 9.922799 3.998268
2420 125 9.953316 3.963662
2430 125 9.983623 3.929295
2440 125 10.014140 3.894689
2450 125 10.044447 3.860322
2460 125 10.074965 3.825717
2470 125 10.139788 3.785383
2480 125 10.515047 3.692067
2490 125 10.890096 3.598512
2500 125 11.412050 3.447679
2510 125 11.970624 3.282527
2520 125 12.552350 3.119522
2530 125 13.227101 2.965109
2540 125 13.901852 2.810458
2550 125 14.576603 2.656045
2260 126 15.223994 3.495889
2270 126 14.574288 3.526915
2280 126 13.924582 3.558179
2290 126 13.316127 3.579897
2300 126 12.804066 3.579897
2310 126 12.291794 3.579897
2320 126 11.832769 3.579897
2330 126 11.497709 3.579897
2340 126 11.162438 3.579897
2350 126 10.800017 3.568919
2360 126 10.419707 3.550542
2370 126 10.039186 3.532165
2380 126 9.922167 3.488013
2390 126 9.805359 3.443861
2400 126 9.731065 3.403527
2410 126 9.755900 3.372024
2420 126 9.780735 3.340521
2430 126 9.805780 3.309257
2440 126 9.830615 3.277754
2450 126 9.855660 3.246489
2460 126 9.880495 3.214986
2470 126 9.905330 3.183483
2480 126 10.266488 3.015467
2490 126 10.771604 2.788740
2500 126 11.320918 2.575855
2510 126 11.889174 2.369176
2520 126 12.457430 2.162258
2530 126 13.048205 2.016675
2540 126 13.648662 1.897345
2550 126 14.249119 1.778016
2560 126 14.849576 1.658686
2280 127 14.669418 6.330213
2290 127 14.248488 6.386298
2300 127 13.827558 6.442383
2310 127 13.406627 6.498468
2320 127 13.013268 6.484148
2330 127 12.631905 6.439280
2340 127 12.250332 6.394651
2350 127 11.852343 6.372217
2360 127 11.437516 6.372217
2370 127 11.022900 6.372217
2380 127 10.612914 6.380570
2390 127 10.247757 6.464817
2400 127 9.882600 6.549064
2410 127 9.517443 6.633310
2420 127 9.179225 6.750731
2430 127 8.852583 6.882471
2440 127 8.525942 7.014212
2450 127 8.227081 7.157407
2460 127 7.935166 7.303706
2470 127 7.643251 7.450004
2480 127 7.417632 7.608713
2490 127 7.220216 7.772911
2500 127 7.023010 7.936870
2510 127 6.861163 8.107512
2520 127 6.734884 8.284836
2530 127 6.608604 8.462161
2540 127 6.482325 8.639485
2550 127 6.097595 8.754757
2560 127 5.713075 8.870030
2570 127 5.344551 8.993656
2580 127 5.120827 9.195085
2590 127 4.897313 9.396514
2600 127 4.673588 9.597943
2610 127 4.567514 9.797701
2620 127 4.474488 9.997698
2630 127 4.381673 10.197456
2640 127 4.288648 10.397214
2650 127 4.218352 10.579550
2660 127 4.163210 10.749953
2670 127 4.108068 10.920356
2680 127 4.052927 11.090760
2690 127 3.999468 11.273096
2700 127 3.948115 11.473093
2710 127 3.896972 11.673089
2720 127 3.845829 11.873086
2730 127 3.723338 12.003872
2740 127 3.570330 12.105064
2750 127 3.417112 12.206255
2760 127 3.239058 12.311266
2770 127 3.023542 12.422004
2780 127 2.807815 12.532503
2790 127 2.592299 12.643242
2800 127 2.393830 12.767106
2810 127 2.234929 12.921996
2820 127 2.076238 13.076886
2830 127 1.917548 13.231777
2840 127 1.758646 13.386667
2850 127 1.599956 13.541557
2290 128 14.535983 5.549318
2300 128 14.100531 5.573900
2310 128 13.665079 5.598720
2320 128 13.238255 5.603493
2330 128 12.817325 5.595379
2340 128 12.396395 5.587026
2350 128 11.942211 5.616858
2360 128 11.473716 5.663158
2370 128 11.005221 5.709458
2380 128 10.598181 5.722585
2390 128 10.231761 5.713754
2400 128 9.865342 5.704924
2410 128 9.530071 5.836187
2420 128 9.198167 5.982963
2430 128 8.854688 6.132841
2440 128 8.484690 6.289163
2450 128 8.114482 6.445485
2460 128 7.770161 6.588442
2470 128 7.464777 6.711830
2480 128 7.159181 6.834978
2490 128 6.895679 6.972207
2500 128 6.730464 7.142849
2510 128 6.565038 7.313252
2520 128 6.442758 7.491770
2530 128 6.363834 7.678163
2540 128 6.284909 7.864556
2550 128 6.206827 8.032096
2560 128 6.130217 8.155005
2570 128 6.053818 8.277915
2580 128 5.977209 8.400825
2590 128 5.714128 8.477435
2600 128 5.451046 8.554283
2610 128 5.198488 8.637814
2620 128 4.988023 8.749268
2630 128 4.777558 8.860722
2640 128 4.567093 9.024443
2650 128 4.356628 9.397946
2660 128 4.146163 9.771448
2670 128 3.967267 10.122278
2680 128 3.791950 10.470244
2690 128 3.657884 10.768330
2700 128 3.565279 11.016536
2710 128 3.472674 11.264743
2720 128 3.323244 11.403404
2730 128 3.174024 11.541827
2740 128 3.024594 11.680488
2750 128 2.826967 11.801727
2760 128 2.624079 11.921057
2770 128 2.420980 12.037046
2780 128 2.216408 12.123202
2790 128 2.011626 12.209358
2800 128 1.807053 12.295514
2810 128 1.622896 12.368544
2820 128 1.459155 12.428209
2830 128 1.295623 12.487874
2840 128 1.131881 12.547539
2850 128 0.971717 12.712692
2860 128 0.811764 12.889300
2870 128 0.652021 13.066147
2880 128 0.492278 13.242994
2890 128 0.332535 13.419841
2900 128 0.172581 13.596449
2310 129 14.568816 4.951714
2320 129 14.054439 5.040256
2330 129 13.539852 5.128560
2340 129 13.109451 5.224740
2350 129 12.714829 5.324023
2360 129 12.355354 5.432852
2370 129 12.077751 5.562921
2380 129 11.786888 5.690604
2390 129 11.374376 5.795615
2400 129 10.961865 5.900625
2410 129 10.557351 5.947641
2420 129 10.158309 5.955755
2430 129 9.759057 5.964108
2440 129 9.423154 6.016614
2450 129 9.114613 6.088211
2460 129 8.805860 6.159809
2470 129 8.462171 6.286538
2480 129 8.103749 6.436655
2490 129 7.745116 6.587010
2500 129 7.528127 6.691305
2510 129 7.310927 6.795838
2520 129 7.093937 6.900371
2530 129 6.915884 7.030202
2540 129 6.747511 7.166715
2550 129 6.579139 7.302990
2560 129 6.450545 7.436878
2570 129 6.414556 7.565038
2580 129 6.378566 7.692960
2590 129 6.342787 7.821120
2600 129 6.313953 7.948087
2610 129 6.313953 8.070758
2620 129 6.313953 8.193430
2630 129 6.313953 8.316339
2640 129 6.171258 8.462638
2650 129 5.967317 8.619437
2660 129 5.763377 8.775998
2670 129 5.565118 8.827787
2680 129 5.372122 8.774805
2690 129 5.179125 8.721584
2700 129 4.986339 8.668601
2710 129 4.655699 8.832083
2720 129 4.310115 9.019670
2730 129 3.985788 9.216803
2740 129 3.856352 9.501524
2750 129 3.726916 9.786006
2760 129 3.631575 10.051396
2770 129 3.570541 10.297693
2780 129 3.509295 10.544229
2790 129 3.423005 10.753056
2800 129 3.298830 10.906037
2810 129 3.174866 11.059018
2820 129 3.050692 11.211999
2830 129 2.804448 11.412234
2840 129 2.436134 11.659486
2850 129 2.067820 11.906499
2860 129 1.760962 12.129168
2870 129 1.480201 12.341337
2880 129 1.199651 12.553505
2890 129 1.010864 12.858035
2900 129 0.822287 13.162565
2910 129 0.633500 13.467095
2310 130 14.716773 6.554075
2320 130 14.309102 6.710875
2330 130 13.901220 6.867436
2340 130 13.492287 7.027338
2350 130 13.078512 7.200127
2360 130 12.664948 7.372917
2370 130 12.267590 7.502987
2380 130 11.907905 7.532819
2390 130 11.548431 7.562652
2400 130 11.232523 7.378645
2410 130 10.921245 7.171250
2420 130 10.520099 7.137837
2430 130 10.058549 7.220414
2440 130 9.597209 7.302990
2450 130 9.284879 7.364564
2460 130 8.972549 7.426138
2470 130 8.660218 7.487713
2480 130 8.401767 7.641171
2490 130 8.149209 7.804891
2500 130 7.896651 7.968612
2510 130 7.660930 8.127082
2520 130 7.450465 8.278392
2530 130 7.240000 8.429464
2540 130 7.044478 8.553806
2550 130 6.871054 8.638053
2560 130 6.697842 8.722300
2570 130 6.524418 8.806547
2580 130 6.352258 8.886020
2590 130 6.180097 8.965733
2600 130 6.007727 9.045206
2610 130 5.813257 9.099382
2620 130 5.609316 9.142818
2630 130 5.405165 9.186254
2640 130 5.207117 9.241862
2650 130 5.018541 9.315847
2660 130 4.829753 9.390070
2670 130 4.646438 9.491262
2680 130 4.468385 9.619899
2690 130 4.290331 9.748298
2700 130 4.183205 9.824431
2710 130 4.084286 9.894597
2720 130 3.985157 9.964763
2730 130 3.945168 10.122755
2740 130 3.964321 10.368575
2750 130 3.983473 10.614633
2760 130 3.985578 10.857589
2770 130 3.919913 11.088850
2780 130 3.854037 11.319873
2790 130 3.788372 11.551134
2800 130 3.646098 11.680249
2810 130 3.504034 11.809126
2820 130 3.361759 11.938241
2830 130 3.194439 12.097427
2840 130 2.968400 12.327256
2850 130 2.742360 12.557085
2860 130 2.540945 12.754218
2870 130 2.356367 12.929633
2880 130 2.171579 13.104810
2890 130 1.987001 13.280225
2900 130 1.802213 13.455640
2310 131 15.036680 4.059365
2320 131 14.357509 4.167955
2330 131 13.678338 4.276306
2340 131 13.006744 4.343608
2350 131 12.340201 4.383465
2360 131 11.738481 4.490861
2370 131 11.152757 4.615442
2380 131 10.554825 4.820928
2390 131 9.944476 5.107320
2400 131 9.380640 5.389654
2410 131 8.863317 5.668170
2420 131 8.354623 5.949789
2430 131 7.925906 6.259092
2440 131 7.497188 6.568395
2450 131 7.118772 6.914452
2460 131 6.815702 7.315400
2470 131 6.512632 7.716349
2480 131 6.351206 8.103455
2490 131 6.205564 8.488890
2500 131 6.006043 8.839482
2510 131 5.681716 9.107974
2520 131 5.357179 9.376466
2530 131 5.112618 9.626582
2540 131 4.876898 9.874788
2550 131 4.670852 10.135166
2560 131 4.509636 10.413443
2570 131 4.348209 10.691959
2580 131 4.194359 10.961406
2590 131 4.051453 11.217011
2600 131 3.908548 11.472615
2610 131 3.639573 11.733470
2620 131 3.286202 11.997667
2630 131 2.933042 12.262102
2640 131 2.656491 12.505774
2650 131 2.399302 12.744433
2660 131 2.117069 12.939657
2670 131 1.834835 13.134881
2680 131 1.552601 13.330343
2690 131 1.270367 13.525567
2310 132 14.855680 5.950027
2320 132 14.450955 6.151934
2330 132 14.046020 6.353840
2340 132 13.632457 6.521856
2350 132 13.183534 6.553598
2360 132 12.734612 6.585340
2370 132 12.292636 6.614456
2380 132 11.879493 6.632117
2390 132 11.466350 6.649778
2400 132 11.049418 6.702283
2410 132 10.628488 6.789871
2420 132 10.207558 6.877459
2430 132 9.816303 6.895120
2440 132 9.454514 6.842854
2450 132 9.092724 6.790587
2460 132 8.752823 6.807771
2470 132 8.463433 6.986766
2480 132 8.174044 7.165760
2490 132 7.893915 7.332345
2500 132 7.697340 7.388191
2510 132 7.500977 7.443799
2520 132 7.307349 7.509908
2530 132 7.138977 7.668855
2540 132 6.970604 7.828041
2550 132 6.808757 7.982932
2560 132 6.706471 8.098920
2570 132 6.603974 8.215148
2580 132 6.501688 8.331136
2590 132 6.358993 8.443545
2600 132 6.155684 8.550703
2610 132 5.952585 8.657623
2620 132 5.735174 8.711083
2630 132 5.503663 8.711083
2640 132 5.272151 8.711083
2650 132 4.987181 8.779339
2660 132 4.648964 8.915614
2670 132 4.310746 9.052128
2680 132 4.055873 9.211314
2690 132 3.836568 9.380285
2700 132 3.660620 9.598420
2710 132 3.585484 9.930873
2720 132 3.510348 10.263326
2730 132 3.464887 10.531102
2740 132 3.449313 10.734440
2750 132 3.433738 10.937779
2760 132 3.402589 11.069280
2770 132 3.367442 11.182882
2780 132 3.332294 11.296484
2790 132 3.297357 11.410325
2800 132 3.179286 11.548270
2810 132 3.005863 11.702683
2820 132 2.832650 11.857096
2830 132 2.660069 12.020578
2840 132 2.490434 12.219382
2850 132 2.321009 12.418185
2860 132 2.151374 12.617228
2870 132 1.968270 12.760901
2880 132 1.775905 12.867820
2890 132 1.583539 12.974979
2900 132 1.391174 13.081898
2910 132 1.199020 13.188818
2920 132 1.006655 13.295737
2320 133 14.931658 6.991777
2330 133 14.413072 7.239029
2340 133 13.894486 7.486281
2350 133 13.378004 7.721599
2360 133 12.881938 7.849282
2370 133 12.385872 7.977204
2380 133 11.951893 8.045938
2390 133 11.662503 7.976249
2400 133 11.373114 7.906561
2410 133 11.173593 7.588188
2420 133 10.984174 7.242132
2430 133 10.672475 7.168386
2440 133 10.347307 7.125188
2450 133 10.015193 7.180319
2460 133 9.680343 7.277931
2470 133 9.368854 7.441651
2480 133 9.080307 7.671481
2490 133 8.791969 7.901310
2500 133 8.437967 8.138299
2510 133 8.067549 8.376959
2520 133 7.726385 8.597003
2530 133 7.453622 8.773850
2540 133 7.180859 8.950697
2550 133 7.004279 9.045206
2560 133 6.892101 9.085063
2570 133 6.779713 9.124680
2580 133 6.630282 9.195085
2590 133 6.456228 9.285537
2600 133 6.281963 9.375989
2610 133 6.111065 9.403196
2620 133 5.941641 9.403196
2630 133 5.772006 9.403196
2640 133 5.606159 9.402480
2650 133 5.473987 9.395798
2660 133 5.341604 9.388877
2670 133 5.209222 9.381955
2680 133 5.048216 9.453076
2690 133 4.867848 9.575747
2700 133 4.687268 9.698418
2710 133 4.520791 9.818464
2720 133 4.478698 9.913928
2730 133 4.436605 10.009392
2740 133 4.398089 10.113925
2750 133 4.392196 10.299602
2760 133 4.386514 10.485041
2770 133 4.380621 10.670718
2780 133 4.349051 10.886467
2790 133 4.291594 11.132286
2800 133 4.234137 11.378345
2810 133 4.143637 11.614140
2820 133 3.920334 11.809364
2830 133 3.697241 12.004588
2840 133 3.473937 12.199812
2850 133 3.288096 12.434176
2860 133 3.106255 12.672835
2870 133 2.929674 12.921042
2880 133 2.755199 13.173305
2890 133 2.580934 13.425568
2900 133 2.406458 13.677832
2340 134 14.982380 5.202784
2350 134 14.515779 5.202784
2360 134 14.048967 5.202784
2370 134 13.602781 5.236673
2380 134 13.203950 5.349798
2390 134 12.751029 5.454331
2400 134 12.216658 5.545976
2410 134 11.682497 5.637860
2420 134 11.226840 5.717573
2430 134 10.790757 5.794421
2440 134 10.354883 5.871031
2450 134 10.084225 5.998953
2460 134 9.813778 6.126636
2470 134 9.546697 6.265536
2480 134 9.294139 6.448588
2490 134 9.041581 6.631640
2500 134 8.790075 6.811351
2510 134 8.542779 6.978413
2520 134 8.295482 7.145474
2530 134 8.048186 7.312536
2540 134 7.816464 7.476973
2550 134 7.646618 7.630908
2560 134 7.476983 7.784844
2570 134 7.314925 7.945939
2580 134 7.222110 8.170518
2590 134 7.129295 8.395097
2600 134 7.036270 8.619915
2610 134 6.892943 8.804637
2620 134 6.728149 8.972415
2630 134 6.563144 9.139954
2640 134 6.398139 9.307732
2650 134 6.286803 9.588396
2660 134 6.175257 9.869299
2670 134 6.063921 10.149963
2680 134 5.906493 10.446378
2690 134 5.718547 10.753295
2700 134 5.530813 11.060211
2710 134 5.282674 11.210089
2720 134 5.019593 11.321066
2730 134 4.756511 11.431804
2740 134 4.490273 11.680249
2750 134 4.223824 11.928694
2760 134 3.957586 12.176900
2770 134 3.691348 12.425345
2780 134 3.424899 12.667824
2790 134 3.157398 12.856842
2800 134 2.889896 13.045861
2810 134 2.622395 13.234641
2820 134 2.355105 13.423659
2830 134 2.087603 13.612678
2350 135 14.819480 4.290865
2360 135 14.214393 4.241223
2370 135 13.609305 4.191343
2380 135 13.045680 4.195162
2390 135 12.500154 4.221653
2400 135 11.954418 4.248144
2410 135 11.498340 4.526660
2420 135 11.042473 4.804938
2430 135 10.591657 5.065554
2440 135 10.144418 5.314238
2450 135 9.698864 5.515189
2460 135 9.259623 5.525452
2470 135 8.820382 5.535953
2480 135 8.317371 5.520440
2490 135 7.807414 5.502063
2500 135 7.284408 5.534282
2510 135 6.730885 5.684638
2520 135 6.177572 5.834755
2530 135 5.672035 6.012556
2540 135 5.198488 6.208496
2550 135 4.724942 6.404674
2560 135 4.318534 6.528777
2570 135 3.928752 6.634742
2580 135 3.552020 6.723047
2590 135 3.292306 6.651449
2600 135 3.032802 6.579851
2610 135 2.770352 6.513265
2620 135 2.482015 6.492501
2630 135 2.193888 6.471738
2640 135 1.905551 6.450974
2650 135 1.617424 6.430211
2660 135 1.302569 6.384388
2670 135 0.961405 6.313506
2680 135 0.620030 6.242624
2690 135 0.278656 6.171504
2400 136 14.534089 8.134958
2410 136 14.143255 8.007036
2420 136 13.752422 7.879115
2430 136 13.362851 7.712291
2440 136 12.974332 7.519693
2450 136 12.585814 7.326856
2460 136 12.164883 7.116835
2470 136 11.743953 6.906815
2480 136 11.310395 6.763619
2490 136 10.864209 6.687248
2500 136 10.418023 6.610876
2510 136 9.940899 6.603001
2520 136 9.463985 6.594886
2530 136 8.986860 6.587010
2540 136 8.511630 6.587010
2550 136 8.036400 6.587010
2560 136 7.561170 6.587010
2570 136 7.081520 6.513265
2580 136 6.601449 6.431166
2590 136 6.121167 6.349067
2600 136 5.617103 6.275082
2610 136 5.102516 6.204200
2620 136 4.588139 6.133557
2630 136 4.084496 6.056947
2640 136 3.580853 5.980099
2650 136 3.112569 5.901580
2660 136 2.785085 5.815423
2670 136 2.457812 5.729267
2680 136 2.130328 5.642872
2690 136 1.806633 5.578434
2700 136 1.485463 5.528077
2710 136 1.164293 5.477958
2720 136 0.842913 5.427601
2730 136 0.521743 5.377483
2740 136 0.200573 5.327125
2450 137 14.610488 5.035722
2460 137 14.252697 5.035722
2470 137 13.894907 5.035722
2480 137 13.538168 5.092284
2490 137 13.183114 5.234048
2500 137 12.827848 5.375812
2510 137 12.475740 5.499915
2520 137 12.136471 5.553852
2530 137 11.796990 5.607789
2540 137 11.451407 5.664590
2550 137 11.050681 5.749315
2560 137 10.650166 5.834039
2570 137 10.249651 5.918763
2580 137 9.888914 5.898238
2590 137 9.527966 5.877952
2600 137 9.167229 5.857427
2610 137 8.796810 5.833800
2620 137 8.416921 5.807309
2630 137 8.036821 5.780818
2640 137 7.656931 5.754326
2650 137 7.299140 5.698003
2660 137 6.944086 5.638338
2670 137 6.588821 5.578673
2680 137 6.228084 5.510655
2690 137 5.865031 5.439057
2700 137 5.501979 5.367459
2710 137 5.138927 5.295861
2720 137 4.825544 5.274382
2730 137 4.533208 5.274382
2740 137 4.240872 5.274382
2750 137 3.954850 5.270563
2760 137 3.725232 5.232616
2770 137 3.495615 5.194669
2780 137 3.265998 5.156722
2790 137 3.036380 5.118775
2800 137 2.867166 5.092045
2810 137 2.723629 5.070327
2820 137 2.580092 5.048848
2830 137 2.436555 5.027130
2840 137 2.271760 5.007799
2850 137 2.057296 4.994195
2860 137 1.843043 4.980830
2870 137 1.628579 4.967226
2880 137 1.414115 4.953861
2890 137 1.199651 4.940258
2900 137 0.903527 4.798733
2910 137 0.607192 4.657446
2920 137 0.311067 4.515921
2450 138 14.664367 5.720437
2460 138 14.323203 5.802774
2470 138 13.982039 5.885112
2480 138 13.640033 5.960051
2490 138 13.295712 6.017807
2500 138 12.951181 6.075801
2510 138 12.606860 6.133557
2520 138 12.260224 6.196802
2530 138 11.913588 6.259808
2540 138 11.566952 6.323053
2550 138 11.212318 6.374842
2560 138 10.852212 6.418755
2570 138 10.492317 6.462669
2580 138 10.132211 6.506582
2590 138 9.779682 6.504912
2600 138 9.428837 6.491547
2610 138 9.077992 6.478182
2620 138 8.730514 6.466249
2630 138 8.396295 6.459327
2640 138 8.062076 6.452168
2650 138 7.727858 6.445247
2660 138 7.366279 6.330451
2670 138 6.997965 6.188687
2680 138 6.629651 6.046923
2690 138 6.248288 5.973416
2700 138 5.858296 5.945493
2710 138 5.468304 5.917331
2720 138 5.084837 5.893226
2730 138 4.727046 5.885351
2740 138 4.369256 5.877475
2750 138 4.032091 5.868406
2760 138 3.777217 5.855996
2770 138 3.522555 5.843347
2780 138 3.267681 5.830936
2790 138 3.050692 5.823299
2800 138 2.890107 5.823299
2810 138 2.729312 5.823299
2820 138 2.568727 5.823299
2830 138 2.381413 5.786546
2840 138 2.176420 5.725449
2850 138 1.971427 5.664113
2860 138 1.766223 5.603016
2870 138 1.513034 5.530941
2880 138 1.239008 5.454570
2890 138 0.964983 5.377960
2900 138 0.690957 5.301350
2910 138 0.416931 5.224740
2920 138 0.142906 5.148369
2490 139 15.030576 5.249561
2500 139 14.458111 5.650509
2510 139 13.885646 6.051458
2520 139 13.317601 6.399663
2530 139 12.767234 6.537369
2540 139 12.216658 6.675076
2550 139 11.617674 6.855503
2560 139 10.986279 7.064330
2570 139 10.362881 7.225903
2580 139 9.772106 7.198457
2590 139 9.181119 7.170772
2600 139 8.565930 7.050965
2610 139 7.934535 6.869584
2620 139 7.303139 6.692259
2630 139 6.671744 6.550734
2640 139 6.040349 6.409448
2650 139 5.390222 6.317325
2660 139 4.712103 6.299664
2670 139 4.033985 6.282003
2680 139 3.464887 6.301573
2690 139 2.942513 6.336895
2700 139 2.420349 6.372217
2710 139 1.847463 6.325917
2720 139 1.274577 6.279378
2730 139 0.701480 6.233078
2740 139 0.128594 6.186539
2520 140 14.881146 6.710875
2530 140 14.473896 6.757175
2540 140 14.066436 6.803236
2550 140 13.659186 6.849536
2560 140 13.245201 6.809680
2570 140 12.831426 6.770063
2580 140 12.417441 6.730206
2590 140 11.996511 6.825670
2600 140 11.575581 6.921134
2610 140 11.154651 7.016598
2620 140 10.713937 7.060512
2630 140 10.253650 7.053113
2640 140 9.793152 7.045715
2650 140 9.350544 7.035930
2660 140 8.949397 7.021133
2670 140 8.548251 7.006097
2680 140 8.147525 6.977935
2690 140 7.750799 6.831159
2700 140 7.354072 6.684384
2710 140 6.999649 6.595364
2720 140 6.687318 6.564576
2730 140 6.374988 6.533789
2740 140 6.058870 6.478898
2750 140 5.737068 6.387730
2760 140 5.415057 6.296323
2770 140 5.093256 6.205155
2780 140 4.713156 6.189642
2790 140 4.332845 6.174368
2800 140 3.952745 6.158855
2810 140 3.695346 6.225202
2820 140 3.451628 6.300619
2830 140 3.207909 6.376035
2840 140 2.965874 6.459089
2850 140 2.739203 6.612070
2860 140 2.512532 6.765051
2870 140 2.286072 6.918032
2880 140 2.064663 7.040464
2890 140 1.865142 7.040464
2900 140 1.665410 7.040464
2910 140 1.465679 7.040464
2920 140 1.251636 7.038793
2930 140 1.003708 7.033543
2940 140 0.755780 7.028292
2950 140 0.507852 7.023042
2960 140 0.260135 7.017553
2530 141 15.076668 5.929980
2540 141 14.637217 6.021148
2550 141 14.197766 6.112555
2560 141 13.758315 6.203723
2570 141 13.314865 6.280094
2580 141 12.856472 6.297277
2590 141 12.397868 6.314222
2600 141 11.965783 6.345009
2610 141 11.573266 6.396799
2620 141 11.180748 6.448349
2630 141 10.788231 6.499900
2640 141 10.323945 6.520424
2650 141 9.828721 6.527346
2660 141 9.333496 6.534267
2670 141 8.862896 6.518754
2680 141 8.449332 6.450736
2690 141 8.035979 6.382479
2700 141 7.651670 6.281287
2710 141 7.296615 6.146922
2720 141 6.941350 6.012795
2730 141 6.573246 5.891556
2740 141 6.175257 5.801342
2750 141 5.777057 5.711129
2760 141 5.378857 5.620677
2770 141 5.035167 5.588458
2780 141 4.728099 5.594902
2790 141 4.420820 5.601345
2800 141 4.113751 5.607789
2810 141 3.943274 5.639292
2820 141 3.787951 5.673182
2830 141 3.632628 5.707310
2840 141 3.477094 5.741439
2850 141 3.303671 5.872463
2860 141 3.122460 6.044775
2870 141 2.941250 6.217088
2880 141 2.751200 6.373649
2890 141 2.482646 6.388923
2900 141 2.213882 6.404197
2910 141 1.945329 6.419471
2920 141 1.676565 6.434746
2930 141 1.389070 6.436177
2940 141 1.073372 6.417323
2950 141 0.757674 6.398708
2960 141 0.441977 6.379854
2650 142 0.448712 7.682459
2660 142 0.883322 7.582460
2670 142 1.317722 7.482462
2680 142 1.784955 7.477689
2690 142 2.300805 7.616350
2700 142 2.816865 7.755012
2710 142 3.339029 7.881979
2720 142 3.875294 7.981977
2730 142 4.411559 8.082214
2740 142 4.945299 8.200112
2750 142 5.467673 8.389369
2760 142 5.990258 8.578627
2770 142 6.504635 8.761679
2780 142 6.999859 8.930172
2790 142 7.495083 9.098666
2800 142 7.990308 9.266921
2810 142 8.283275 9.400571
2820 142 8.553933 9.529924
2830 142 8.824592 9.659517
2840 142 8.998646 9.726819
2850 142 9.028322 9.700805
2860 142 9.057997 9.674791
2870 142 9.087463 9.648538
2880 142 9.117138 9.622524
2890 142 9.146603 9.596272
2900 142 9.176279 9.570258
2910 142 9.178804 9.564530
2920 142 9.181330 9.558802
2930 142 9.183856 9.552836
2940 142 9.186381 9.547108
2950 142 9.188907 9.541380
2960 142 9.191643 9.535652
2970 142 9.194168 9.529924
2980 142 9.196694 9.524197
2990 142 9.199219 9.518230
3000 142 9.201745 9.512502
3010 142 9.204271 9.506774
3020 142 9.206796 9.501047
3030 142 9.209322 9.495319
3040 142 9.211847 9.489352
3050 142 9.214373 9.483624
3060 142 9.216899 9.477897
3070 142 9.219635 9.472169
3080 142 9.222160 9.466441
3090 142 9.224686 9.460713
3100 142 9.227211 9.454747
3110 142 9.229737 9.449019
3120 142 9.232262 9.443291
3130 142 9.234788 9.437563
3140 142 9.237314 9.431835
3150 142 9.239839 9.426107
3160 142 9.242365 9.420141
3170 142 9.244890 9.414413
3180 142 9.247626 9.408685
3190 142 9.250152 9.402957
3200 142 9.252678 9.397230
3210 142 9.255203 9.391263
3220 142 9.257729 9.385535
3230 142 9.260254 9.379807
3240 142 9.262780 9.374080
3250 142 9.265306 9.368352
3260 142 9.267831 9.362624
3270 142 9.270357 9.356657
3280 142 9.272882 9.350930
3290 142 9.275618 9.345202
3300 142 9.278144 9.339474
3310 142 9.280669 9.333746
3320 142 9.283195 9.327780
3330 142 9.285721 9.322052
3340 142 9.288246 9.316324
3350 142 9.290772 9.310596
3360 142 9.293297 9.304868
3370 142 9.295823 9.299140
3380 142 9.298349 9.293174
3390 142 9.300874 9.287446
3400 142 9.303400 9.281718
3410 142 9.306136 9.275990
3420 142 9.308661 9.270263
3430 142 9.311187 9.264296
3440 142 9.313712 9.258568
3450 142 9.316238 9.252840
3460 142 9.318764 9.247113
3470 142 9.321289 9.241385
3480 142 9.321710 9.228497
3490 142 9.303189 9.151171
3500 142 9.284668 9.074084
3510 142 9.265937 8.996758
3520 142 9.195221 8.960005
3530 142 9.102195 8.940435
3540 142 9.008959 8.920865
3550 142 8.915723 8.901295
3560 142 8.822697 8.881724
3570 142 8.729461 8.862154
3580 142 8.692209 8.863348
3590 142 8.692209 8.878383
3600 142 8.692209 8.893419
3610 142 8.692209 8.908693
3620 142 8.692209 8.923729
3630 142 8.692209 8.938764
3640 142 8.692209 8.953800
3650 142 8.692209 8.968835
3660 142 8.692209 8.984110
3670 142 8.692209 8.999145
3680 142 8.692209 9.014181
3690 142 8.692209 9.029216
3700 142 8.692209 9.044490
3710 142 8.692209 9.059526
3720 142 8.692209 9.074562
3730 142 8.692209 9.089597
3740 142 8.692209 9.104633
3750 142 8.692209 9.119907
3760 142 8.692209 9.134942
3770 142 8.692209 9.149978
3780 142 8.692209 9.165014
3790 142 8.692209 9.180288
3800 142 8.692209 9.195323
3810 142 8.692209 9.210359
3820 142 8.692209 9.225395
3830 142 8.692209 9.240430
3840 142 8.692209 9.255704
3850 142 8.692209 9.270740
3860 142 8.692209 9.285775
3870 142 8.692209 9.300811
3880 142 8.692209 9.315847
3890 142 8.692209 9.331121
3900 142 8.692209 9.346156
3910 142 8.692209 9.361192
3920 142 8.692209 9.376228
3930 142 8.701469 9.407731
3940 142 8.713256 9.443052
3950 142 8.725042 9.478374
3960 142 8.736617 9.513696
3970 142 8.748403 9.549017
3980 142 8.639803 9.551165
3990 142 8.351256 9.503433
4000 142 8.062708 9.455701
4010 142 7.773950 9.407969
4020 142 7.564958 9.403196
4030 142 7.364806 9.403196
4040 142 7.164443 9.403196
4050 142 6.964290 9.403196
4060 142 6.808125 9.407731
4070 142 6.662694 9.413458
4080 142 6.517473 9.419186
4090 142 6.372042 9.424675
4100 142 6.322582 9.437802
4110 142 6.336684 9.455701
4120 142 6.350995 9.473601
4130 142 6.365307 9.491739
4140 142 6.379408 9.509638
4150 142 6.393720 9.527538
4160 142 6.408031 9.545437
4170 142 6.422132 9.563337
4180 142 6.436444 9.581475
4190 142 6.450756 9.599374
4200 142 6.464857 9.617274
4210 142 6.479168 9.635173
4220 142 6.493480 9.653073
4230 142 6.592188 9.692213
4240 142 6.888523 9.780517
4250 142 7.184647 9.869060
4260 142 7.422052 9.908678
4270 142 7.620100 9.915599
4280 142 7.818147 9.922520
4290 142 8.053868 9.971206
4300 142 8.439651 10.186000
4310 142 8.825433 10.400794
4320 142 9.195221 10.609621
4330 142 9.500816 10.794344
4340 142 9.806411 10.979067
4350 142 10.103588 11.171188
4360 142 10.326892 11.429418
4370 142 10.550405 11.687409
4380 142 10.773709 11.945639
4390 142 10.997012 12.203869
4400 142 11.224525 12.439903
4410 142 11.469296 12.588350
4420 142 11.713857 12.736796
4430 142 11.958417 12.885004
4440 142 12.117529 13.120322
4450 142 12.191191 13.442513
4460 142 12.264854 13.764704
2720 143 13.173643 12.358282
2730 143 12.978121 12.162342
2740 143 12.782809 11.966164
2750 143 12.591496 11.758052
2760 143 12.437015 11.439680
2770 143 12.282744 11.121547
2780 143 12.121528 10.812005
2790 143 11.897382 10.580982
2800 143 11.673447 10.350198
2810 143 11.449302 10.119176
2820 143 11.238837 9.940181
2830 143 11.028372 9.761186
2840 143 10.817907 9.582191
2850 143 10.553352 9.430403
2860 143 10.275117 9.285537
2870 143 9.997093 9.140670
2880 143 9.734011 8.939241
2890 143 9.470930 8.738051
2900 143 9.207849 8.536622
2910 143 8.848585 8.380300
2920 143 8.465117 8.235434
2930 143 8.081860 8.090567
2940 143 7.782158 8.047131
2950 143 7.482456 8.003695
2960 143 7.182543 7.960498
2970 143 6.842221 7.972431
2980 143 6.484430 8.008230
2990 143 6.082442 8.032334
3000 143 5.661511 8.051427
3010 143 5.227953 8.063599
3020 143 4.743884 8.047608
3030 143 4.259814 8.031618
3040 143 3.774692 8.007752
3050 143 3.285781 7.951667
3060 143 2.796660 7.895343
3070 143 2.307750 7.839258
3080 143 1.720973 7.784844
3090 143 1.109993 7.731146
3100 143 0.499013 7.677208
2730 144 13.503862 12.404820
2740 144 13.325598 12.092653
2750 144 13.147545 11.780725
2760 144 12.964651 11.407938
2770 144 12.780494 11.020116
2780 144 12.596337 10.632294
2790 144 12.387134 10.280987
2800 144 12.160884 9.953784
2810 144 11.934845 9.626820
2820 144 11.584000 9.386490
2830 144 11.219264 9.155706
2840 144 10.854317 8.925161
2850 144 10.491265 8.657623
2860 144 10.128423 8.386028
2870 144 9.765581 8.114433
2880 144 9.403792 7.756443
2890 144 9.042213 7.398454
2900 144 8.680423 7.040464
2910 144 8.136581 6.828773
2920 144 7.547279 6.653835
2930 144 6.957977 6.478898
2940 144 6.359835 6.393219
2950 144 5.759378 6.330213
2960 144 5.158921 6.266968
2970 144 4.554255 6.216610
2980 144 3.943064 6.185823
2990 144 3.332084 6.155036
3000 144 2.738362 6.085825
3010 144 2.184838 5.926639
3020 144 1.631526 5.767691
3030 144 1.024334 5.624495
3040 144 0.381152 5.491801
2760 145 13.082722 12.654697
2770 145 12.789333 12.474032
2780 145 12.495945 12.293128
2790 145 12.202557 12.112462
2800 145 11.975465 11.852323
2810 145 11.765000 11.572614
2820 145 11.554535 11.292666
2830 145 11.495604 10.972623
2840 145 11.453511 10.648046
2850 145 11.390582 10.301989
2860 145 11.296083 9.923236
2870 145 11.201795 9.544721
2880 145 11.018901 9.224679
2890 145 10.747401 8.962869
2900 145 10.475690 8.701059
2910 145 10.149469 8.454285
2920 145 9.740746 8.229467
2930 145 9.332233 8.004888
2940 145 8.923721 7.780309
2950 145 8.460697 7.684846
2960 145 7.997674 7.589382
2970 145 7.534651 7.493918
2980 145 7.128243 7.370531
2990 145 6.721835 7.247143
3000 145 6.316058 7.111346
3010 145 5.917016 6.864333
3020 145 5.517764 6.617559
3030 145 5.114302 6.373649
3040 145 4.693372 6.142865
3050 145 4.272442 5.911842
3060 145 3.853195 5.694661
3070 145 3.448892 5.600391
3080 145 3.044588 5.506120
3090 145 2.640285 5.411850
3100 145 2.257449 5.387506
3110 145 1.924703 5.526168
3120 145 1.592169 5.664590
3130 145 1.274577 5.848597
3140 145 1.018020 6.213985
3150 145 0.761673 6.579612
3160 145 0.505116 6.945000
3170 145 0.189419 7.013257
2830 146 14.913347 0.953446
2840 146 14.429909 0.959890
2850 146 13.946470 0.966334
2860 146 13.463032 0.972777
2870 146 12.986960 0.993541
2880 146 12.578026 1.143419
2890 146 12.169093 1.293536
2900 146 11.760159 1.443653
2910 146 11.380690 1.631717
2920 146 11.020585 1.845318
2930 146 10.660689 2.058679
2940 146 10.300583 2.272280
2950 146 9.948054 2.431705
2960 146 9.597209 2.577526
2970 146 9.246364 2.723347
2980 146 8.895308 2.868452
2990 146 8.542568 3.010455
3000 146 8.190039 3.152219
3010 146 7.837300 3.294221
3020 146 7.467513 3.445770
3030 146 7.080678 3.607104
3040 146 6.693843 3.768200
3050 146 6.307218 3.929534
3060 146 6.039717 4.103755
3070 146 5.802313 4.281079
3080 146 5.564908 4.458642
3090 146 5.327503 4.636205
3100 146 5.051163 4.757922
3110 146 4.770613 4.873672
3120 146 4.489852 4.989422
3130 146 4.181942 5.064361
3140 146 3.855721 5.112093
3150 146 3.529500 5.159825
3160 146 3.203279 5.207557
3170 146 2.934515 5.189180
3180 146 2.704056 5.126651
3190 146 2.473386 5.064122
3200 146 2.242927 5.001593
3210 146 1.976057 4.911857
3220 146 1.654256 4.781310
3230 146 1.332665 4.650764
3240 146 1.011074 4.520217
3250 146 0.689273 4.389431
3260 146 0.367683 4.258884
2840 147 15.014160 1.466326
2850 147 14.566922 1.510955
2860 147 14.119683 1.555823
2870 147 13.672445 1.600453
2880 147 13.234888 1.688279
2890 147 12.807223 1.819304
2900 147 12.379347 1.950089
2910 147 11.977359 2.112617
2920 147 11.613886 2.322160
2930 147 11.250412 2.531942
2940 147 10.887781 2.731939
2950 147 10.535042 2.844347
2960 147 10.182092 2.956518
2970 147 9.829352 3.068926
2980 147 9.491976 3.207588
2990 147 9.161336 3.357705
3000 147 8.830485 3.507583
3010 147 8.490583 3.659371
3020 147 8.114482 3.818557
3030 147 7.738171 3.977743
3040 147 7.361859 4.136690
3050 147 7.034586 4.285375
3060 147 6.712574 4.432867
3070 147 6.390773 4.580120
3080 147 6.086441 4.729999
3090 147 5.799997 4.882502
3100 147 5.513554 5.035006
3110 147 5.227111 5.187509
3120 147 4.897313 5.345980
3130 147 4.562673 5.505166
3140 147 4.228244 5.664113
3150 147 3.893605 5.823299
3160 147 3.635785 5.787500
3170 147 3.377965 5.751701
3180 147 3.120145 5.715902
3190 147 2.862325 5.680103
3200 147 2.604716 5.626643
3210 147 2.346896 5.572945
3220 147 2.089287 5.519485
3230 147 1.831467 5.465787
3240 147 1.571122 5.407792
3250 147 1.287626 5.310419
3260 147 1.004129 5.213046
3270 147 0.720633 5.115673
3280 147 0.437346 5.018300
3290 147 0.153850 4.920688
2950 148 14.608383 0.868722
2960 148 13.913848 1.218836
2970 148 13.219314 1.568711
2980 148 12.557190 1.911426
2990 148 11.970414 2.236958
3000 148 11.383637 2.562252
3010 148 10.796860 2.887784
3020 148 10.326471 3.217611
3030 148 9.855871 3.547678
3040 148 9.385481 3.877506
3050 148 8.915933 4.177262
3060 148 8.446807 4.456733
3070 148 7.977890 4.736442
3080 148 7.510237 5.012572
3090 148 7.056474 5.258630
3100 148 6.602711 5.504927
3110 148 6.148949 5.750985
3120 148 5.681927 5.928071
3130 148 5.213431 6.097281
3140 148 4.744936 6.266729
3150 148 4.272442 6.443815
3160 148 3.798895 6.622809
3170 148 3.325349 6.801804
3180 148 3.027120 6.834978
3190 148 2.729101 6.868152
3200 148 2.430872 6.901325
3210 148 2.107387 6.899416
3220 148 1.746019 6.845479
3230 148 1.384650 6.791542
3240 148 1.023281 6.737366
3250 148 0.661913 6.683429
3260 148 0.300544 6.629253
2950 149 14.730663 1.812383
2960 149 14.092533 2.125504
2970 149 13.454614 2.438864
2980 149 12.823008 2.753418
2990 149 12.247596 3.079427
3000 149 11.672395 3.405675
3010 149 11.100982 3.728582
3020 149 10.564717 4.020940
3030 149 10.028242 4.313537
3040 149 9.491976 4.606134
3050 149 8.975285 4.917108
3060 149 8.458803 5.228082
3070 149 7.942111 5.539055
3080 149 7.453622 5.774851
3090 149 6.976918 5.978428
3100 149 6.500215 6.182005
3110 149 6.032982 6.366489
3120 149 5.587217 6.507059
3130 149 5.141452 6.647391
3140 149 4.695898 6.787723
3150 149 4.248659 6.962900
3160 149 3.801421 7.141895
3170 149 3.354182 7.320889
3180 149 2.999128 7.387714
3190 149 2.683430 7.406568
3200 149 2.367732 7.425422
3210 149 2.052035 7.444276
3220 149 1.699295 7.385566
3230 149 1.342346 7.318025
3240 149 0.985608 7.250485
3250 149 0.628659 7.183183
3260 149 0.271710 7.115642
3060 150 14.601648 5.691320
3070 150 14.213551 5.713754
3080 150 13.825664 5.735950
3090 150 13.427674 5.812082
3100 150 13.006744 6.013511
3110 150 12.585814 6.214940
3120 150 12.159411 6.396799
3130 150 11.682708 6.403720
3140 150 11.206004 6.410880
3150 150 10.729301 6.417801
3160 150 10.295953 6.458134
3170 150 9.881126 6.512787
3180 150 9.466089 6.567202
3190 150 9.045580 6.628060
3200 150 8.603182 6.713739
3210 150 8.160574 6.799418
3220 150 7.718177 6.885097
3230 150 7.283777 6.952876
3240 150 6.868739 6.979367
3250 150 6.453702 7.006097
3260 150 6.038665 7.032588
3270 150 5.660249 7.119460
3280 150 5.297828 7.232108
3290 150 4.935407 7.344755
3300 150 4.576564 7.455493
3310 150 4.251395 7.549525
3320 150 3.926227 7.643557
3330 150 3.600848 7.737589
3340 150 3.279257 7.738305
3350 150 2.958508 7.715633
3360 150 2.637759 7.692721
3370 150 2.317221 7.670049
3380 150 2.026989 7.628760
3390 150 1.757173 7.574823
3400 150 1.487567 7.521125
3410 150 1.217751 7.467426
3420 150 0.947935 7.413489
3430 150 0.678329 7.359791
3440 150 0.408513 7.306092
3450 150 0.138697 7.252155
3060 151 14.759708 4.929995
3070 151 14.301104 5.023789
3080 151 13.842501 5.117582
3090 151 13.398419 5.270563
3100 151 12.964019 5.462923
3110 151 12.529409 5.655521
3120 151 12.079435 5.758861
3130 151 11.613886 5.773419
3140 151 11.148337 5.787977
3150 151 10.689312 5.808502
3160 151 10.257017 5.853609
3170 151 9.824722 5.898716
3180 151 9.392426 5.943822
3190 151 8.954449 5.998714
3200 151 8.510788 6.063152
3210 151 8.067128 6.127829
3220 151 7.623467 6.192267
3230 151 7.234317 6.261956
3240 151 6.858847 6.332838
3250 151 6.483378 6.403720
3260 151 6.098858 6.475795
3270 151 5.631836 6.557894
3280 151 5.165024 6.639993
3290 151 4.698002 6.722092
3300 151 4.335581 6.827818
3310 151 3.984736 6.936408
3320 151 3.634101 7.044760
3330 151 3.325349 7.110391
3340 151 3.044799 7.147622
3350 151 2.764038 7.184615
3360 151 2.483488 7.221846
3370 151 2.200413 7.250485
3380 151 1.895238 7.202753
3390 151 1.590064 7.155021
3400 151 1.284889 7.107289
3410 151 0.976769 7.053590
3420 151 0.641919 6.945000
3430 151 0.307069 6.836410
3110 152 14.612382 3.750777
3120 152 14.116737 3.889439
3130 152 13.621091 4.027861
3140 152 13.126077 4.162943
3150 152 12.634852 4.266521
3160 152 12.143837 4.369861
3170 152 11.652190 4.470814
3180 152 11.154651 4.550526
3190 152 10.657111 4.630000
3200 152 10.159782 4.709474
3210 152 9.699495 4.785368
3220 152 9.248468 4.860545
3230 152 8.797442 4.935485
3240 152 8.345363 5.031903
3250 152 7.890337 5.178202
3260 152 7.435522 5.324500
3270 152 6.978813 5.456240
3280 152 6.514316 5.530225
3290 152 6.049820 5.604448
3300 152 5.611842 5.666500
3310 152 5.236161 5.700628
3320 152 4.860271 5.734756
3330 152 4.498902 5.771033
3340 152 4.151845 5.809696
3350 152 3.804788 5.848358
3360 152 3.457942 5.887260
3370 152 3.160344 5.907307
3380 152 2.875164 5.922582
3390 152 2.589984 5.938094
3400 152 2.223774 5.923775
3410 152 1.822628 5.896806
3420 152 1.421692 5.869599
3430 152 1.020545 5.842631
3440 152 0.619399 5.815662
3450 152 0.218463 5.788693
3120 153 14.457690 2.564877
3130 153 13.950048 2.635043
3140 153 13.442617 2.705209
3150 153 12.926977 2.776807
3160 153 12.338728 2.861054
3170 153 11.750688 2.945301
3180 153 11.162648 3.029547
3190 153 10.604916 3.148161
3200 153 10.060232 3.281572
3210 153 9.515549 3.414983
3220 153 8.977179 3.569635
3230 153 8.454173 3.774166
3240 153 7.930957 3.978698
3250 153 7.407740 4.183468
3260 153 6.933773 4.341222
3270 153 6.472223 4.487520
3280 153 6.010463 4.633819
3290 153 5.562172 4.787277
3300 153 5.119353 4.943599
3310 153 4.676745 5.099921
3320 153 4.284017 5.198965
3330 153 3.903707 5.283689
3340 153 3.523607 5.368414
3350 153 3.201806 5.402303
3360 153 2.905050 5.414475
3370 153 2.608084 5.426647
3380 153 2.311328 5.439057
3390 153 1.984896 5.405167
3400 153 1.651099 5.360060
3410 153 1.317301 5.314715
3420 153 0.983293 5.269370
3430 153 0.649495 5.224263
3440 153 0.315698 5.178918
3130 154 14.423805 3.196609
3140 154 13.932790 3.289448
3150 154 13.441775 3.382287
3160 154 12.950550 3.475125
3170 154 12.442276 3.521903
3180 154 11.931898 3.563668
3190 154 11.421521 3.605434
3200 154 10.911143 3.647199
3210 154 10.351516 3.753164
3220 154 9.786628 3.866289
3230 154 9.221739 3.979414
3240 154 8.666532 4.093732
3250 154 8.198879 4.219744
3260 154 7.731015 4.345518
3270 154 7.263361 4.471530
3280 154 6.824963 4.590860
3290 154 6.415608 4.703507
3300 154 6.006464 4.816393
3310 154 5.597109 4.929041
3320 154 5.220798 5.019970
3330 154 4.847853 5.108752
3340 154 4.475120 5.197294
3350 154 4.066817 5.219728
3360 154 3.605057 5.142641
3370 154 3.143296 5.065793
3380 154 2.718788 4.974864
3390 154 2.380781 4.851954
3400 154 2.042774 4.729044
3410 154 1.704767 4.606134
3420 154 1.302989 4.577256
3430 154 0.901212 4.548378
3440 154 0.499434 4.519262
3200 155 14.872517 4.595394
3210 155 14.546507 4.472246
3220 155 14.220707 4.349098
3230 155 13.894696 4.225710
3240 155 13.713275 4.083708
3250 155 13.627826 3.928818
3260 155 13.542588 3.774166
3270 155 13.457350 3.619276
3280 155 13.448721 3.657461
3290 155 13.448721 3.717126
3300 155 13.447668 3.772257
3310 155 13.436514 3.787054
3320 155 13.425148 3.801851
3330 155 13.413994 3.816648
3340 155 13.402839 3.831444
3350 155 13.391684 3.846241
3360 155 13.380530 3.861038
3370 155 13.369375 3.875835
3380 155 13.358221 3.890632
3390 155 13.347066 3.905429
3400 155 13.335911 3.920226
3410 155 13.324757 3.935023
3420 155 13.300974 4.063899
3430 155 13.274034 4.221176
3440 155 13.247305 4.378691
3450 155 13.220366 4.535968
3460 155 13.206475 4.684415
3470 155 13.309182 4.751001
3480 155 13.412100 4.817587
3490 155 13.514807 4.884173
3500 155 13.617514 4.950759
3510 155 13.670972 5.066509
3520 155 13.712012 5.194669
3530 155 13.753053 5.322591
3540 155 13.794094 5.450751
3550 155 13.834924 5.499915
3560 155 13.875754 5.515428
3570 155 13.916584 5.530702
3580 155 13.957204 5.546215
3590 155 13.998034 5.561489
3600 155 14.038654 5.577002
3610 155 14.107476 5.599675
3620 155 14.204290 5.629985
3630 155 14.301315 5.660294
3640 155 14.398129 5.690604
3650 155 14.494943 5.720914
3660 155 14.591967 5.751224
3670 155 14.674680 5.775328
3680 155 14.700567 5.773897
3690 155 14.726665 5.772465
3700 155 14.752552 5.771033
3710 155 14.778650 5.769601
3720 155 14.804537 5.768169
3730 155 14.830634 5.766975
3740 155 14.856522 5.765543
3750 155 14.882619 5.764111
3760 155 14.908507 5.762680
3770 155 14.934604 5.761248
3780 155 14.960702 5.759816
3790 155 14.986589 5.758384
3800 155 15.012687 5.756952
3810 155 15.038574 5.755520
3820 155 15.064672 5.754326
3830 155 15.090559 5.752894
3840 155 15.116656 5.751463
3230 156 14.669418 7.183660
3240 156 14.305103 7.082707
3250 156 13.940788 6.981754
3260 156 13.577104 6.881517
3270 156 13.214262 6.782950
3280 156 12.851421 6.684145
3290 156 12.459534 6.561713
3300 156 12.038604 6.415414
3310 156 11.617674 6.269116
3320 156 11.202005 6.208019
3330 156 10.794335 6.275321
3340 156 10.386453 6.342384
3350 156 9.986990 6.403242
3360 156 9.620571 6.438564
3370 156 9.254151 6.473886
3380 156 8.913197 6.525675
3390 156 8.597500 6.593932
3400 156 8.281802 6.661950
3410 156 7.957475 6.721853
3420 156 7.629360 6.777938
3430 156 7.301245 6.834023
3440 156 6.977971 6.901087
3450 156 6.665640 6.993448
3460 156 6.353310 7.085809
3470 156 6.058449 7.198934
3480 156 5.832830 7.395113
3490 156 5.607422 7.591052
3500 156 5.443049 7.753580
3510 156 5.370859 7.865272
3520 156 5.298459 7.977204
3530 156 5.227322 8.107035
3540 156 5.161657 8.308464
3550 156 5.095781 8.509654
3560 156 5.030116 8.711083
3570 156 4.910782 8.854279
3580 156 4.791659 8.997474
3590 156 4.672325 9.140670
3600 156 4.531945 9.344008
3610 156 4.391775 9.547347
3620 156 4.287595 9.765720
3630 156 4.267811 10.019177
3640 156 4.248028 10.272872
3650 156 4.229507 10.532057
3660 156 4.221720 10.841360
3670 156 4.213932 11.150663
3680 156 4.140480 11.431804
3690 156 3.968320 11.670464
3700 156 3.795949 11.909124
3710 156 3.620000 12.146829
3720 156 3.409535 12.376659
3730 156 3.199070 12.606488
3740 156 2.979765 12.799325
3750 156 2.746991 12.936793
3760 156 2.514006 13.074261
3770 156 2.281231 13.211729
3780 156 2.048457 13.348959
3790 156 1.815683 13.486427
3800 156 1.582908 13.623895
3230 157 14.985116 5.942629
3240 157 14.700988 6.276753
3250 157 14.416860 6.610876
3260 157 14.296684 6.929010
3270 157 14.176298 7.247382
3280 157 14.050651 7.502509
3290 157 13.924372 7.750716
3300 157 13.825874 8.079589
3310 157 13.769259 8.529224
3320 157 13.712644 8.979098
3330 157 13.630141 9.370261
3340 157 13.540904 9.746389
3350 157 13.474187 10.113448
3360 157 13.495865 10.442560
3370 157 13.517753 10.771671
3380 157 13.512702 11.091714
3390 157 13.444932 11.390039
3400 157 13.377373 11.688364
3410 157 13.284979 11.996712
3420 157 13.168171 12.314846
3430 157 13.051152 12.632979
3280 158 14.929553 6.736650
3290 158 14.489470 6.541426
3300 158 14.049598 6.346203
3310 158 13.617093 6.185346
3320 158 13.196162 6.075801
3330 158 12.775232 5.966495
3340 158 12.270116 5.928309
3350 158 11.765000 5.890124
3360 158 11.244940 5.900864
3370 158 10.710148 5.960528
3380 158 10.182723 6.015182
3390 158 9.724330 6.023535
3400 158 9.265726 6.032126
3410 158 8.812806 6.070551
3420 158 8.372723 6.179141
3430 158 7.932640 6.287492
3440 158 7.492558 6.396083
3450 158 7.035428 6.346680
3460 158 6.578087 6.297277
3470 158 6.127692 6.262910
3480 158 5.738752 6.364341
3490 158 5.349602 6.465533
3500 158 4.960663 6.566724
3510 158 4.746830 6.763141
3520 158 4.576774 6.983663
3530 158 4.453863 7.209435
3540 158 4.518475 7.457164
3550 158 4.583299 7.705132
3560 158 4.628338 7.912766
3570 158 4.660118 8.093431
3580 158 4.692109 8.274335
3590 158 4.684322 8.438533
3600 158 4.584351 8.563830
3610 158 4.484380 8.689126
3620 158 4.384409 8.814422
3630 158 4.305695 9.003441
3640 158 4.276441 9.341622
3650 158 4.247396 9.679564
3660 158 4.218142 10.017745
3670 158 4.204882 10.345186
3680 158 4.198779 10.668093
3690 158 4.192675 10.991000
3700 158 4.123011 11.279062
3710 158 3.905601 11.485980
3720 158 3.687980 11.692660
3730 158 3.472674 11.897668
3740 158 3.262209 12.097665
3750 158 3.051744 12.297901
3760 158 2.840016 12.484294
3770 158 2.622606 12.615080
3780 158 2.405406 12.745865
3790 158 2.180419 12.883095
3800 158 1.884715 13.076170
3810 158 1.589012 13.269485
3820 158 1.293308 13.462799
3830 158 0.997605 13.655875
3280 159 0.303280 6.002055
3290 159 0.542158 6.040718
3300 159 0.781036 6.079381
3310 159 1.019914 6.118044
3320 159 1.265737 6.164583
3330 159 1.515980 6.216133
3340 159 1.766223 6.267684
3350 159 2.016466 6.319234
3360 159 2.330901 6.419949
3370 159 2.652492 6.525914
3380 159 2.974082 6.632117
3390 159 3.339871 6.722808
3400 159 3.809418 6.777938
3410 159 4.278966 6.833069
3420 159 4.742831 6.984379
3430 159 5.204171 7.177216
3440 159 5.662985 7.366712
3450 159 6.097806 7.525659
3460 159 6.532837 7.684846
3470 159 6.966395 7.832815
3480 159 7.387325 7.880547
3490 159 7.808256 7.928279
3500 159 8.224135 7.981261
3510 159 8.593922 8.082691
3520 159 8.963919 8.183883
3530 159 9.333707 8.285075
3540 159 9.516811 8.586025
3550 159 9.652982 8.937094
3560 159 9.789153 9.288162
3570 159 9.875233 9.628491
3580 159 9.885967 9.952830
3590 159 9.896701 10.277168
3600 159 9.907435 10.601507
3610 159 9.831667 10.903412
3620 159 9.669399 11.182882
3630 159 9.506919 11.462592
3640 159 9.344651 11.742062
3390 160 14.711511 9.999846
3400 160 14.384027 10.105811
3410 160 14.056754 10.212014
3420 160 13.760419 10.288385
3430 160 13.536905 10.296022
3440 160 13.313181 10.303421
3450 160 13.092403 10.315115
3460 160 12.897091 10.366427
3470 160 12.701569 10.417500
3480 160 12.539932 10.475017
3490 160 12.457009 10.547331
3500 160 12.374086 10.619645
3510 160 12.291162 10.691959
3520 160 12.261697 10.697448
3530 160 12.232443 10.703176
3540 160 12.202978 10.708665
3550 160 12.173723 10.714154
3560 160 12.161726 10.709859
3570 160 12.157307 10.701505
3580 160 12.152887 10.692914
3590 160 12.148257 10.684561
3600 160 12.143837 10.675969
3610 160 12.139417 10.667616
3620 160 12.134787 10.659024
3630 160 12.130367 10.650671
3640 160 12.125947 10.642079
3650 160 12.121528 10.633726
3660 160 12.116897 10.625373
3670 160 12.112478 10.616781
3680 160 12.108058 10.608428
3690 160 12.103638 10.599836
3700 160 12.187193 10.566901
3710 160 12.329467 10.517976
3720 160 12.471952 10.468812
3730 160 12.574869 10.431343
3740 160 12.520148 10.440889
3750 160 12.465428 10.450435
3760 160 12.410707 10.459982
3770 160 12.355986 10.469528
3780 160 12.308210 10.499122
3790 160 12.288005 10.609383
3800 160 12.267590 10.719405
3810 160 12.247386 10.829666
3820 160 12.227181 10.939688
3830 160 12.206976 11.049949
3840 160 12.150782 11.198395
3850 160 12.094798 11.346842
3860 160 12.038604 11.495527
3870 160 11.982410 11.643973
3880 160 11.919271 11.833946
3890 160 11.849186 12.065446
3900 160 11.779101 12.296708
3910 160 11.708805 12.514604
3920 160 11.638721 12.677370
3930 160 11.568636 12.840375
3940 160 11.498340 13.003141
3950 160 11.428255 13.166145
3960 160 11.358171 13.328911
3970 160 11.287875 13.491916
3430 161 14.917557 3.014989
3440 161 14.330148 2.935516
3450 161 13.742530 2.856042
3460 161 13.125867 2.914991
3470 161 12.479950 3.112362
3480 161 11.834032 3.309973
3490 161 11.173172 3.438133
3500 161 10.502209 3.520232
3510 161 9.831457 3.602331
3520 161 9.189117 3.775837
3530 161 8.589502 4.086810
3540 161 7.990097 4.397784
3550 161 7.414265 4.718782
3560 161 7.051213 5.130470
3570 161 6.688371 5.541919
3580 161 6.319004 5.920672
3590 161 5.923330 6.168879
3600 161 5.527656 6.417085
3610 161 5.043796 6.564099
3620 161 4.522264 6.667916
3630 161 4.044298 6.718751
3640 161 3.631786 6.690112
3650 161 3.219274 6.661472
3660 161 2.886529 6.735696
3670 161 2.562834 6.821374
3680 161 2.238928 6.907053
3690 161 1.915232 6.992732
3700 161 1.541657 6.939034
3710 161 1.168081 6.885335
3720 161 0.794506 6.831637
3730 161 0.420930 6.777938
3430 162 0.388308 8.159779
3440 162 0.700638 8.152141
3450 162 1.012969 8.144504
3460 162 1.319406 8.148800
3470 162 1.602060 8.201067
3480 162 1.884926 8.253095
3490 162 2.167791 8.305361
3500 162 2.446446 8.382687
3510 162 2.724892 8.459774
3520 162 3.003548 8.537100
3530 162 3.320718 8.647361
3540 162 3.663566 8.780055
3550 162 4.006624 8.912512
3560 162 4.332424 9.107735
3570 162 4.656120 9.309641
3580 162 4.921306 9.466441
3590 162 5.049268 9.518469
3600 162 5.177442 9.570258
3610 162 5.279307 9.731831
3620 162 5.381172 9.893642
3630 162 5.483037 10.055215
3640 162 5.556279 10.076933
3650 162 5.626364 10.083138
3660 162 5.696659 10.089104
3670 162 5.766744 10.095310
3680 162 6.023932 10.148292
3690 162 6.281121 10.201274
3700 162 6.545465 10.290295
3710 162 6.826015 10.462607
3720 162 7.106775 10.634919
3730 162 7.387325 10.807232
3440 163 0.166057 7.615873
3450 163 0.454394 7.686516
3460 163 0.742942 7.757398
3470 163 1.031279 7.828041
3480 163 1.302779 7.858829
3490 163 1.574489 7.889616
3500 163 1.845989 7.920403
3510 163 2.088235 7.882933
3520 163 2.327113 7.837826
3530 163 2.565991 7.792481
3540 163 2.805289 7.749522
3550 163 3.045641 7.715633
3560 163 3.286202 7.681504
3570 163 3.579801 7.665275
3580 163 3.952956 7.676254
3590 163 4.338528 7.689857
3600 163 4.774611 7.715633
3610 163 5.210485 7.741169
3620 163 5.640465 7.802505
3630 163 6.061395 7.917300
3640 163 6.482325 8.032334
3650 163 6.770031 8.130423
3660 163 7.000490 8.221353
3670 163 7.097936 8.359059
3680 163 7.106775 8.528031
3690 163 7.110774 8.742347
3700 163 7.096252 9.137329
3710 163 7.081730 9.532311
3720 163 7.106986 9.912019
3730 163 7.224846 10.255689
3740 163 7.342707 10.599359
3460 164 0.176791 8.014196
3470 164 0.513535 8.061928
3480 164 0.850279 8.109660
3490 164 1.161346 8.152380
3500 164 1.433688 8.187463
3510 164 1.706030 8.222546
3520 164 1.978372 8.257629
3530 164 2.261448 8.348081
3540 164 2.544523 8.438772
3550 164 2.819391 8.530179
3560 164 3.021016 8.629461
3570 164 3.222642 8.728982
3580 164 3.438368 8.565262
3590 164 3.659778 8.289132
3600 164 3.966005 8.095818
3610 164 4.293488 7.923505
3620 164 4.714418 7.875773
3630 164 5.135349 7.828041
3640 164 5.498822 7.925653
3650 164 5.862506 8.023265
3660 164 6.103488 8.088658
3670 164 6.313953 8.145936
3680 164 6.477695 8.239014
3690 164 6.532206 8.415861
3700 164 6.586716 8.592707
3710 164 6.624810 8.815854
3720 164 6.651960 9.069788
3730 164 6.679110 9.323961
3740 164 6.742250 9.566678
3750 164 6.841379 9.798417
3760 164 6.940297 10.029917
3770 164 7.039427 10.261655
3520 165 0.379679 8.105603
3530 165 0.675803 8.087942
3540 165 0.972138 8.070281
3550 165 1.199651 8.109899
3560 165 1.410116 8.163597
3570 165 1.620581 8.217534
3580 165 1.825785 8.251663
3590 165 2.028673 8.277199
3600 165 2.231772 8.302736
3610 165 2.469177 8.355957
3620 165 2.710580 8.412042
3630 165 2.951984 8.468127
3640 165 3.167921 8.476957
3650 165 3.357971 8.438533
3660 165 3.548021 8.400109
3670 165 3.749857 8.343785
3680 165 3.969582 8.260732
3690 165 4.189308 8.166700
3700 165 4.409665 7.973624
3710 165 4.630232 7.780309
3720 165 5.058739 7.823030
3730 165 5.487036 7.865511
3740 165 5.915332 7.902265
3750 165 6.342156 7.916107
3760 165 6.769189 7.929711
3770 165 7.196013 7.943314
3780 165 7.613996 7.958111
3790 165 8.028192 7.973624
3800 165 8.442387 7.988898
3810 165 8.825644 8.049518
3820 165 9.188696 8.139970
3830 165 9.551538 8.230422
3840 165 9.870814 8.424691
3850 165 10.171568 8.663351
3860 165 10.472112 8.902011
3870 165 10.749085 9.101530
3880 165 11.023321 9.296992
3890 165 11.297557 9.492216
3900 165 11.590524 9.625627
3910 165 11.896119 9.717988
3920 165 12.201504 9.810350
3930 165 12.512151 9.916315
3940 165 12.827848 10.035645
3950 165 13.143546 10.154974
3960 165 13.466821 10.248768
3970 165 13.797461 10.317024
3980 165 14.164302 10.324662
3990 165 14.585232 10.241608
4000 165 15.006162 10.158554
3520 166 0.207098 7.257883
3530 166 0.428928 7.328765
3540 166 0.650758 7.399647
3550 166 0.872588 7.470768
3560 166 1.094419 7.541650
3570 166 1.298359 7.541650
3580 166 1.502089 7.541650
3590 166 1.706030 7.541650
3600 166 1.945750 7.654536
3610 166 2.194520 7.795584
3620 166 2.432977 7.851907
3630 166 2.664488 7.851907
3640 166 2.896000 7.851907
3650 166 3.127512 7.851907
3660 166 3.425951 7.793674
3670 166 3.768799 7.696301
3680 166 4.111857 7.599167
3690 166 4.510899 7.533774
3700 166 4.916254 7.471722
3710 166 5.327714 7.417308
3720 166 5.763797 7.391533
3730 166 6.199671 7.365996
3740 166 6.643752 7.382464
3750 166 7.099620 7.462176
3760 166 7.555697 7.541650
3770 166 8.006093 7.627567
3780 166 8.448070 7.723031
3790 166 8.890046 7.818495
3800 166 9.307399 7.940450
3810 166 9.687499 8.102023
3820 166 10.067599 8.263834
3830 166 10.408342 8.453569
3840 166 10.656269 8.709412
3850 166 10.904408 8.965017
3860 166 11.226630 9.102007
3870 166 11.623357 9.120384
3880 166 12.020083 9.138761
3890 166 12.451958 9.086972
3900 166 12.888041 9.027307
3910 166 13.319074 8.968119
3920 166 13.705698 8.912512
3930 166 14.092323 8.857142
3940 166 14.478947 8.801535
3950 166 14.865782 8.746166
3590 167 0.334850 5.580582
3600 167 0.774091 5.860769
3610 167 1.213331 6.140717
3620 167 1.576173 6.390832
3630 167 1.887872 6.620662
3640 167 2.199781 6.850491
3650 167 2.515058 7.088196
3660 167 2.830756 7.326856
3670 167 3.120145 7.446186
3680 167 3.383227 7.446186
3690 167 3.659567 7.437117
3700 167 4.056294 7.345233
3710 167 4.453021 7.253349
3720 167 4.847222 7.191058
3730 167 5.239108 7.158123
3740 167 5.630994 7.125188
3750 167 6.065604 7.112062
3760 167 6.528628 7.112062
3770 167 6.991651 7.112062
3780 167 7.468565 7.171250
3790 167 7.954950 7.270055
3800 167 8.441124 7.368860
3810 167 8.830906 7.496304
3820 167 9.179225 7.636398
3830 167 9.527545 7.776252
3840 167 9.794625 7.981977
3850 167 10.041290 8.204169
3860 167 10.288166 8.426362
3870 167 10.546407 8.641871
3880 167 10.805910 8.856665
3890 167 11.065624 9.071459
3900 167 11.431412 9.105587
3910 167 11.808987 9.119668
3920 167 12.186561 9.133749
3930 167 12.539090 9.173844
3940 167 12.866364 9.240191
3950 167 13.193847 9.306300
3960 167 13.521121 9.372648
3970 167 13.891750 9.373602
3980 167 14.267219 9.367158
3990 167 14.642689 9.360715
4000 167 15.018159 9.354271
3620 168 0.407671 6.008738
3630 168 0.690326 5.995134
3640 168 0.972980 5.981531
3650 168 1.255635 5.967927
3660 168 1.543130 5.932605
3670 168 1.831046 5.894897
3680 168 2.118963 5.857189
3690 168 2.423506 5.826879
3700 168 2.876427 5.863155
3710 168 3.329137 5.899193
3720 168 3.782058 5.935469
3730 168 4.276651 6.040718
3740 168 4.781767 6.163628
3750 168 5.286884 6.286299
3760 168 5.790947 6.378422
3770 168 6.292275 6.399663
3780 168 6.793603 6.420665
3790 168 7.295142 6.441667
3800 168 7.678188 6.534983
3810 168 8.047975 6.636174
3820 168 8.417973 6.737366
3830 168 8.718728 6.943807
3840 168 8.973601 7.220175
3850 168 9.176279 7.525659
3860 168 9.356647 7.844032
3870 168 9.565218 8.102978
3880 168 9.792521 8.322545
3890 168 10.026347 8.544975
3900 168 10.319104 8.794136
3910 168 10.612072 9.043058
3920 168 10.916615 9.144250
3930 168 11.224315 9.208688
3940 168 11.526543 9.298902
3950 168 11.807093 9.493410
3960 168 12.087643 9.687917
3970 168 12.351987 9.883141
3980 168 12.600125 10.079081
3990 168 12.848053 10.275259
4000 168 13.030526 10.501031
4010 168 13.185008 10.739691
4020 168 13.339279 10.978351
4030 168 13.483868 11.166892
4040 168 13.624038 11.333954
4050 168 13.764418 11.501016
4060 168 14.012767 11.632279
4070 168 14.307418 11.748267
4080 168 14.602069 11.864017
4090 168 14.896720 11.980006
3700 169 0.134908 7.050249
3710 169 0.456920 7.176739
3720 169 0.778721 7.302990
3730 169 1.019914 7.361223
3740 169 1.261317 7.419456
3750 169 1.502510 7.477689
3760 169 1.743703 7.535922
3770 169 1.938805 7.447379
3780 169 2.128855 7.342607
3790 169 2.318694 7.237836
3800 169 2.508744 7.133064
3810 169 2.740256 7.097742
3820 169 2.982291 7.079843
3830 169 3.224325 7.061943
3840 169 3.466360 7.044044
3850 169 3.780585 7.125904
3860 169 4.112909 7.232585
3870 169 4.445234 7.339505
3880 169 4.777558 7.446186
3890 169 5.075787 7.499168
3900 169 5.373806 7.552151
3910 169 5.672035 7.605372
3920 169 5.955531 7.716110
3930 169 6.216718 7.913720
3940 169 6.477906 8.111092
3950 169 6.710680 8.329227
3960 169 6.915042 8.567887
3970 169 7.119193 8.806547
3980 169 7.297457 9.039479
3990 169 7.240631 9.219905
4000 169 7.183595 9.400571
4010 169 7.126770 9.581236
4020 169 7.085308 9.734456
4030 169 7.066577 9.846865
4040 169 7.048056 9.959035
4050 169 7.029535 10.071444
4060 169 7.164864 10.026098
4070 169 7.300193 9.980514
4080 169 7.435522 9.935169
4090 169 7.570640 9.889585
4100 169 7.647039 9.862855
4110 169 7.708495 9.840898
4120 169 7.769951 9.818941
4130 169 7.831617 9.796746
4140 169 7.893073 9.774789
4150 169 7.954529 9.752833
4160 169 8.092383 9.767152
4170 169 8.408081 9.866673
4180 169 8.723779 9.965956
4190 169 8.966656 10.116312
4200 169 9.201324 10.272395
4210 169 9.438097 10.439934
4220 169 9.679922 10.634442
4230 169 9.921536 10.828950
4240 169 10.109060 10.952576
4250 169 10.260595 11.028947
4260 169 10.416550 11.104602
4270 169 10.611861 11.172620
4280 169 10.807383 11.240877
4290 169 10.979333 11.334431
4300 169 11.096142 11.486935
4310 169 11.213160 11.639200
4320 169 11.329968 11.791703
4330 169 11.449933 11.979290
4340 169 11.571161 12.181673
4350 169 11.692389 12.384296
4360 169 11.799095 12.621762
4370 169 11.884544 12.912211
4380 169 11.969782 13.202421
4390 169 12.055021 13.492632
3740 170 0.293809 4.324516
3750 170 0.706321 4.372248
3760 170 1.118833 4.419979
3770 170 1.540605 4.415206
3780 170 1.968480 4.375350
3790 170 2.396566 4.335733
3800 170 2.872849 4.212345
3810 170 3.381543 4.033351
3820 170 3.894236 3.863902
3830 170 4.424187 3.732162
3840 170 4.953928 3.600422
3850 170 5.505136 3.477512
3860 170 6.106435 3.375366
3870 170 6.707734 3.272980
3880 170 7.267150 3.198041
3890 170 7.784263 3.150309
3900 170 8.301375 3.102577
3910 170 8.818488 3.054845
3920 170 9.437045 2.997090
3930 170 10.055812 2.939095
3940 170 10.674369 2.881340
3950 170 11.267671 2.863918
3960 170 11.849817 2.863918
3970 170 12.432174 2.863918
3980 170 13.045048 2.859622
3990 170 13.670972 2.853417
4000 170 14.297105 2.847450
4010 170 14.923029 2.841245
3790 171 0.294651 6.127590
3800 171 0.547209 6.163389
3810 171 0.799767 6.199188
3820 171 1.052326 6.234987
3830 171 1.283837 6.281526
3840 171 1.494302 6.338804
3850 171 1.704767 6.396083
3860 171 1.915232 6.453361
3870 171 2.125698 6.510639
3880 171 2.343529 6.569827
3890 171 2.568727 6.630924
3900 171 2.793714 6.692021
3910 171 3.018912 6.752879
3920 171 3.260525 6.802998
3930 171 3.568225 6.809203
3940 171 3.875715 6.815169
3950 171 4.183415 6.821374
3960 171 4.503322 6.842615
3970 171 4.852273 6.899177
3980 171 5.201224 6.955740
3990 171 5.550175 7.012302
4000 171 5.874713 7.050726
4010 171 6.174625 7.071013
4020 171 6.474749 7.091299
4030 171 6.774661 7.111585
4040 171 7.074785 7.131871
4050 171 7.423315 7.119460
4060 171 7.784263 7.099174
4070 171 8.145000 7.078650
4080 171 8.476061 7.051204
4090 171 8.737459 7.008006
4100 171 8.999067 6.964570
4110 171 9.260465 6.921134
4120 171 9.579319 6.747629
4130 171 9.898174 6.573884
4140 171 10.217029 6.400379
4150 171 10.586395 6.286299
4160 171 10.977229 6.197756
4170 171 11.368062 6.108975
4180 171 11.761843 6.031888
4190 171 12.166567 6.001339
4200 171 12.571291 5.970791
4210 171 12.976016 5.940242
4220 171 13.370217 5.950505
4230 171 13.739583 6.056708
4240 171 14.109160 6.162673
4250 171 14.478526 6.268877
4260 171 14.848103 6.374842
3790 172 0.233406 5.538101
3800 172 0.463023 5.548840
3810 172 0.692641 5.559580
3820 172 0.922258 5.570558
3830 172 1.151876 5.581298
3840 172 1.371391 5.607312
3850 172 1.586696 5.640008
3860 172 1.801792 5.672466
3870 172 2.017098 5.705163
3880 172 2.240612 5.743348
3890 172 2.483067 5.795376
3900 172 2.725523 5.847165
3910 172 2.967979 5.898954
3920 172 3.210435 5.950982
3930 172 3.496878 5.999907
3940 172 3.802052 6.047639
3950 172 4.107227 6.095371
3960 172 4.412401 6.143103
3970 172 4.776927 6.182005
3980 172 5.166918 6.217088
3990 172 5.556910 6.252171
4000 172 5.928171 6.272696
4010 172 6.255444 6.259569
4020 172 6.582928 6.246204
4030 172 6.910201 6.233078
4040 172 7.267360 6.256228
4050 172 7.636937 6.294891
4060 172 8.006724 6.333554
4070 172 8.376511 6.372217
4080 172 8.681265 6.364102
4090 172 8.986229 6.355749
4100 172 9.283616 6.331644
4110 172 9.515128 6.164583
4120 172 9.746639 5.997521
4130 172 9.987411 5.823299
4140 172 10.310475 5.584639
4150 172 10.633750 5.345980
4160 172 10.994487 5.160541
4170 172 11.442567 5.098967
4180 172 11.890647 5.037154
4190 172 12.342305 5.000877
4200 172 12.808696 5.065316
4210 172 13.275297 5.129992
4220 172 13.741688 5.194431
4230 172 14.141151 5.268892
4240 172 14.473896 5.353617
4250 172 14.806641 5.438341
4260 172 15.139176 5.523065
3810 173 14.680573 5.255050
3820 173 14.226810 5.269847
3830 173 13.773047 5.284883
3840 173 13.321810 5.297532
3850 173 12.893724 5.289417
3860 173 12.465848 5.281541
3870 173 12.036079 5.277961
3880 173 11.589682 5.314238
3890 173 11.143075 5.350275
3900 173 10.696679 5.386552
3910 173 10.241653 5.426647
3920 173 9.784523 5.467696
3930 173 9.327182 5.508984
3940 173 8.934244 5.656237
3950 173 8.548461 5.815423
3960 173 8.162468 5.974371
3970 173 7.705759 6.026160
3980 173 7.240842 6.066016
3990 173 6.774030 6.020671
4000 173 6.305324 5.890601
4010 173 5.841249 5.793944
4020 173 5.387907 5.775567
4030 173 4.934565 5.757190
4040 173 4.433237 5.831891
4050 173 3.911284 5.946448
4060 173 3.429318 6.040957
4070 173 3.106886 6.055992
4080 173 2.784664 6.070789
4090 173 2.462442 6.085825
4100 173 2.117489 6.032842
4110 173 1.772537 5.979860
4120 173 1.427585 5.926639
4130 173 1.078423 5.881771
4140 173 0.722737 5.848836
4150 173 0.367262 5.815901
4160 173 0.011576 5.782966
3880 174 0.212359 4.729760
3890 174 0.537738 4.751478
3900 174 0.862907 4.773196
3910 174 1.188076 4.794914
3920 174 1.543130 4.837634
3930 174 1.901552 4.882741
3940 174 2.259974 4.928086
3950 174 2.635865 4.961260
3960 174 3.082262 4.946702
3970 174 3.528868 4.932382
3980 174 3.975265 4.917824
3990 174 4.502059 4.838350
4000 174 5.037693 4.751478
4010 174 5.573537 4.664606
4020 174 6.107277 4.575347
4030 174 6.639543 4.483940
4040 174 7.171809 4.392772
4050 174 7.707443 4.300888
4060 174 8.255915 4.206856
4070 174 8.804387 4.112824
4080 174 9.352859 4.018792
4090 174 9.927008 3.985619
4100 174 10.503682 3.959127
4110 174 11.088986 3.928102
4120 174 11.707964 3.878938
4130 174 12.327152 3.829774
4140 174 12.946130 3.780610
4150 174 13.497969 3.787292
4160 174 14.033182 3.807578
4170 174 14.568395 3.828103
4180 174 15.103608 3.848628
3950 175 14.866834 6.910156
3960 175 14.591757 7.571005
3970 175 14.316468 8.231854
3980 175 13.986880 8.788886
3990 175 13.620670 9.276706
4000 175 13.254672 9.761186
4010 175 12.888252 10.238505
4020 175 12.521832 10.715825
4030 175 12.300844 11.163789
4040 175 12.176669 11.592184
4050 175 12.052705 12.020578
4060 175 11.928531 12.448972
4070 175 11.885386 12.871400
4080 175 11.876967 13.291442
4090 175 11.868548 13.711483
3990 176 14.758234 6.068403
4000 176 14.291633 6.003965
4010 176 13.825243 5.939288
4020 176 13.358852 5.874850
4030 176 12.884674 5.810650
4040 176 12.379558 5.746928
4050 176 11.874441 5.683206
4060 176 11.387636 5.643827
4070 176 10.973861 5.701583
4080 176 10.560297 5.759100
4090 176 10.141893 5.807786
4100 176 9.712965 5.835232
4110 176 9.284037 5.862678
4120 176 8.899307 6.108498
4130 176 8.533729 6.447633
4140 176 8.152997 6.739275
4150 176 7.768267 7.018985
4160 176 7.383747 7.298933
4170 176 7.010172 7.525182
4180 176 6.637649 7.745465
4190 176 6.259864 7.971237
4200 176 5.869030 8.209897
4210 176 5.478196 8.448557
4220 176 5.191122 8.756428
4230 176 5.007807 9.133749
4240 176 4.824492 9.511070
4250 176 4.668327 9.875981
4260 176 4.552781 10.222277
4270 176 4.437446 10.568811
4280 176 4.302117 10.912003
4290 176 4.120065 11.247320
4300 176 3.938013 11.582637
4310 176 3.755960 11.918193
4320 176 3.526553 12.172604
4330 176 3.265577 12.373079
4340 176 3.003969 12.570928
4350 176 2.736888 12.745388
4360 176 2.469808 12.919848
4370 176 2.202517 13.094070
4380 176 1.935437 13.268530
4390 176 1.668357 13.442991
4000 177 14.636165 5.274382
4010 177 14.153779 5.274382
4020 177 13.671393 5.274382
4030 177 13.166066 5.219728
4040 177 12.655057 5.151710
4050 177 12.143837 5.083454
4060 177 11.690916 5.054576
4070 177 11.238205 5.025698
4080 177 10.785285 4.996582
4090 177 10.328575 5.053621
4100 177 9.869972 5.147415
4110 177 9.411579 5.241208
4120 177 9.022429 5.485357
4130 177 8.640856 5.746451
4140 177 8.259493 6.007544
4150 177 7.850349 6.229021
4160 177 7.429418 6.433552
4170 177 7.008488 6.638084
4180 177 6.583138 6.860753
4190 177 6.140109 7.155975
4200 177 5.696870 7.451198
4210 177 5.253841 7.746420
4220 177 4.898365 8.083646
4230 177 4.674430 8.483879
4240 177 4.450285 8.884350
4250 177 4.273073 9.288401
4260 177 4.204672 9.701282
4270 177 4.136481 10.113925
4280 177 4.068291 10.526806
4290 177 3.911494 10.857112
4300 177 3.695557 11.132525
4310 177 3.479620 11.407938
4320 177 3.263893 11.683352
4330 177 2.980607 11.915806
4340 177 2.668487 12.129646
4350 177 2.356578 12.343724
4360 177 2.086762 12.573792
4370 177 1.827889 12.807678
4380 177 1.568807 13.041803
4390 177 1.309724 13.275929
4400 177 1.050642 13.510054
4020 178 0.217200 3.993256
4030 178 0.571623 4.156499
4040 178 0.926046 4.319742
4050 178 1.280470 4.482986
4060 178 1.640365 4.634296
4070 178 2.048457 4.677732
4080 178 2.456759 4.721168
4090 178 2.864851 4.764604
4100 178 3.389120 4.713292
4110 178 3.942222 4.638115
4120 178 4.495535 4.563175
4130 178 5.062317 4.470337
4140 178 5.660880 4.336210
4150 178 6.259443 4.201844
4160 178 6.854849 4.066524
4170 178 7.422473 3.921896
4180 178 7.990097 3.777269
4190 178 8.557722 3.632641
4200 178 9.166597 3.707341
4210 178 9.785996 3.836934
4220 178 10.405395 3.966526
4230 178 10.963338 4.137406
4240 178 11.377954 4.405183
4250 178 11.792360 4.672720
4260 178 12.206976 4.940258
4270 178 12.542668 5.308033
4280 178 12.878150 5.675569
4290 178 13.213841 6.043343
4300 178 13.523646 6.409448
4310 178 13.773047 6.771733
4320 178 14.022448 7.134257
4330 178 14.195240 7.490099
4340 178 14.317100 7.841884
4350 178 14.469476 8.150232
4360 178 14.634902 8.439965
4370 178 14.800117 8.729937
4380 178 14.886829 9.057617
4390 178 14.964490 9.389593
4400 178 15.042362 9.721807
4410 178 15.120024 10.053783
4420 178 15.197896 10.385759
4060 179 14.558503 7.419695
4070 179 14.126208 7.510147
4080 179 13.693912 7.600360
4090 179 13.261617 7.690573
4100 179 12.807854 7.807039
4110 179 12.348619 7.929949
4120 179 11.889385 8.052859
4130 179 11.474137 8.135435
4140 179 11.102666 8.177678
4150 179 10.731195 8.219682
4160 179 10.359303 8.249276
4170 179 9.981518 8.165029
4180 179 9.603944 8.080782
4190 179 9.226369 7.996535
4200 179 8.839535 7.894866
4210 179 8.448701 7.785799
4220 179 8.057867 7.676731
4230 179 7.666613 7.578165
4240 179 7.273674 7.522557
4250 179 6.880736 7.466949
4260 179 6.507581 7.427093
4270 179 6.212930 7.450959
4280 179 5.918279 7.474825
4290 179 5.628468 7.485326
4300 179 5.357810 7.442845
4310 179 5.087152 7.400124
4320 179 4.835646 7.380316
4330 179 4.612343 7.394874
4340 179 4.389250 7.409193
4350 179 4.172681 7.424468
4360 179 4.017989 7.445470
4370 179 3.863298 7.466472
4380 179 3.708606 7.487713
4390 179 3.676825 7.588666
4400 179 3.697872 7.723747
4410 179 3.718918 7.859067
4420 179 3.734072 8.011093
4430 179 3.746910 8.170041
4440 179 3.759749 8.329227
4450 179 3.767325 8.463592
4460 179 3.767325 8.560727
4470 179 3.767325 8.658100
4480 179 3.767325 8.755235
4490 179 3.767325 8.852608
4500 179 3.767325 8.949742
4510 179 3.754908 8.960244
4520 179 3.742280 8.970983
4530 179 3.729863 8.981484
4540 179 3.717445 8.992224
4550 179 3.705028 9.002725
4560 179 3.692400 9.013465
4570 179 3.679982 9.023966
4580 179 3.667565 9.034705
4590 179 3.655148 9.045206
4600 179 3.642520 9.055707
4610 179 3.630102 9.066447
4620 179 3.617685 9.076948
4630 179 3.605267 9.087688
4640 179 3.497720 9.047116
4650 179 3.295463 8.955232
4660 179 3.092995 8.863348
4670 179 2.794556 8.652850
4680 179 2.485382 8.429225
4690 179 2.176420 8.205363
4700 179 1.817787 8.047608
4710 179 1.438108 7.917778
4720 179 1.058219 7.788185
4730 179 0.678540 7.658354
4740 179 0.298860 7.528762
4090 180 14.684151 7.513965
4100 180 14.536404 7.791288
4110 180 14.388447 8.068611
4120 180 14.240490 8.345933
4130 180 14.090008 8.611323
4140 180 13.929002 8.828981
4150 180 13.768207 9.046638
4160 180 13.607201 9.264296
4170 180 13.360746 9.440904
4180 180 13.092824 9.607250
4190 180 12.824902 9.773596
4200 180 12.592338 9.912496
4210 180 12.395132 10.024428
4220 180 12.197716 10.136359
4230 180 11.993354 10.245188
4240 180 11.772366 10.346618
4250 180 11.551378 10.448049
4260 180 11.330389 10.549479
4270 180 11.127501 10.649955
4280 180 10.966495 10.748044
4290 180 10.805489 10.846372
4300 180 10.644483 10.944700
4310 180 10.471692 11.161880
4320 180 10.297637 11.392187
4330 180 10.123372 11.622732
4340 180 10.187774 11.894566
4350 180 10.251966 12.166399
4360 180 10.316368 12.438233
4370 180 10.380560 12.710066
4120 181 0.257609 4.672004
4130 181 0.591828 4.770332
4140 181 0.926046 4.868660
4150 181 1.260265 4.966988
4160 181 1.605217 5.079158
4170 181 1.975215 5.223786
4180 181 2.345002 5.368414
4190 181 2.715000 5.513041
4200 181 3.213171 5.608505
4210 181 3.711131 5.703969
4220 181 4.209302 5.799433
4230 181 4.760931 5.972223
4240 181 5.312350 6.145013
4250 181 5.859559 6.317086
4260 181 6.365938 6.481046
4270 181 6.872317 6.645243
4280 181 7.378696 6.809203
4290 181 7.848454 7.040464
4300 181 8.314003 7.279124
4310 181 8.779552 7.517784
4320 181 9.197957 7.764081
4330 181 9.584792 8.015628
4340 181 9.971416 8.267414
4350 181 10.358251 8.518962
4360 181 10.673528 8.857620
4370 181 10.980596 9.205824
4380 181 11.287665 9.554029
4390 181 11.573266 9.894119
4400 181 11.771524 10.201036
4410 181 11.969993 10.507952
4420 181 12.168461 10.814630
4430 181 12.243808 11.133480
4440 181 12.266328 11.457341
4450 181 12.288847 11.781202
4460 181 12.190139 12.042773
4470 181 12.077961 12.297423
4480 181 11.965573 12.551835
4490 181 11.896751 12.764242
4500 181 11.832769 12.971637
4510 181 11.768578 13.179271
4520 181 11.704596 13.386667
4530 181 11.640615 13.594301
4160 182 14.585232 7.710859
4170 182 13.953837 7.876728
4180 182 13.322441 8.042835
4190 182 12.655898 8.052859
4200 182 11.989566 8.062644
4210 182 11.372061 8.066701
4220 182 10.787600 8.066701
4230 182 10.202928 8.066701
4240 182 9.674239 8.014912
4250 182 9.151654 7.957156
4260 182 8.629069 7.899639
4270 182 8.061445 8.138299
4280 182 7.493821 8.376959
4290 182 6.926196 8.615619
4300 182 6.337525 8.887691
4310 182 5.739804 9.174083
4320 182 5.198488 9.469305
4330 182 4.882791 9.799849
4340 182 4.567093 10.130154
4350 182 4.306116 10.510578
4360 182 4.081550 10.924175
4370 182 3.857194 11.338011
4380 182 3.577907 11.704831
4390 182 3.262209 12.040387
4400 182 2.946512 12.375943
4410 182 2.621974 12.682859
4420 182 2.284178 12.946578
4430 182 1.946171 13.210536
4440 182 1.608374 13.474255
4210 183 0.328957 4.686562
4220 183 0.672857 4.773912
4230 183 1.016546 4.861500
4240 183 1.357500 4.945986
4250 183 1.673198 5.002071
4260 183 1.988895 5.058156
4270 183 2.304593 5.114241
4280 183 2.661752 5.094671
4290 183 3.036591 5.042404
4300 183 3.411429 4.990138
4310 183 3.830465 4.923313
4320 183 4.293488 4.841453
4330 183 4.756511 4.759592
4340 183 5.219535 4.677732
4350 183 5.625522 4.549810
4360 183 6.031299 4.422127
4370 183 6.429709 4.300650
4380 183 6.798023 4.205186
4390 183 7.191803 4.099937
4400 183 7.688080 3.954832
4410 183 8.184146 3.809965
4420 183 8.694945 3.719990
4430 183 9.228264 3.711876
4440 183 9.761372 3.704000
4450 183 10.282483 3.723093
4460 183 10.785074 3.782758
4470 183 11.287875 3.842423
4480 183 11.790676 3.902088
4490 183 12.160674 3.799464
4500 183 12.497418 3.656268
4510 183 12.749134 3.354841
4520 183 12.979594 3.014035
4530 183 13.278033 2.670364
4540 183 13.605307 2.325501
4550 183 13.932790 1.980876
4560 183 14.465057 1.714055
4570 183 14.997533 1.447472
4230 184 0.508063 3.825478
4240 184 0.808817 3.886813
4250 184 1.109362 3.948149
4260 184 1.410116 4.009485
4270 184 1.762856 4.119029
4280 184 2.115385 4.228813
4290 184 2.468124 4.338358
4300 184 2.831598 4.393250
4310 184 3.220116 4.319742
4320 184 3.608635 4.246235
4330 184 4.067449 4.132633
4340 184 4.556149 4.001848
4350 184 5.045059 3.870823
4360 184 5.519868 3.723093
4370 184 5.985417 3.563907
4380 184 6.451177 3.404959
4390 184 6.959029 3.253410
4400 184 7.565589 3.120238
4410 184 8.172150 2.986827
4420 184 8.778921 2.853417
4430 184 9.348650 2.873703
4440 184 9.914169 2.910934
4450 184 10.479900 2.948165
4460 184 11.006694 2.979668
4470 184 11.516861 3.008545
4480 184 12.027029 3.037423
4490 184 12.493209 3.026206
4500 184 12.893093 2.954608
4510 184 13.257618 2.900194
4520 184 13.569107 2.871555
4530 184 13.880595 2.842916
4540 184 14.106214 2.806162
4550 184 14.322151 2.768454
4560 184 14.538088 2.730745
4570 184 14.754236 2.693037
4250 185 14.773809 4.005666
4260 185 14.133995 3.967481
4270 185 13.494181 3.929295
4280 185 12.870994 3.953161
4290 185 12.258540 4.018076
4300 185 11.646297 4.083231
4310 185 11.046051 4.130962
4320 185 10.474007 4.138600
4330 185 9.901752 4.145998
4340 185 9.326761 4.159840
4350 185 8.726515 4.230484
4360 185 8.126268 4.301127
4370 185 7.593581 4.458165
4380 185 7.162128 4.744557
4390 185 6.694474 5.015674
4400 185 6.172521 5.263881
4410 185 5.650567 5.512087
4420 185 5.156395 5.680103
4430 185 4.665380 5.839289
4440 185 4.174155 5.998237
4450 185 3.746279 6.117805
4460 185 3.325349 6.233078
4470 185 2.904419 6.348351
4480 185 2.617975 6.368159
4490 185 2.331532 6.388207
4500 185 2.045089 6.408016
4510 185 1.741388 6.380570
4520 185 1.412010 6.282003
4530 185 1.082422 6.183437
4540 185 0.753044 6.084870
4550 185 0.423666 5.986304
4250 186 0.241614 5.853370
4260 186 0.763988 5.915183
4270 186 1.286152 5.976996
4280 186 1.799056 6.053129
4290 186 2.298069 6.150263
4300 186 2.796871 6.247636
4310 186 3.350394 6.212076
4320 186 3.927489 6.119715
4330 186 4.504585 6.027353
4340 186 5.124825 5.936663
4350 186 5.773689 5.847165
4360 186 6.417713 5.773897
4370 186 7.041952 5.765782
4380 186 7.665981 5.757429
4390 186 8.290010 5.723539
4400 186 8.914039 5.629746
4410 186 9.537858 5.535953
4420 186 10.182512 5.496813
4430 186 10.847793 5.512325
4440 186 11.513073 5.527600
4450 186 12.158148 5.582730
4460 186 12.772707 5.697287
4470 186 13.387265 5.811843
4480 186 13.881647 6.022819
4490 186 14.362770 6.244295
4500 186 14.843894 6.466010
4270 187 0.249822 6.175800
4280 187 0.684433 6.560758
4290 187 1.118833 6.945716
4300 187 1.553443 7.330674
4310 187 1.935016 7.662412
4320 187 2.294070 7.971237
4330 187 2.653123 8.280063
4340 187 3.089417 8.549987
4350 187 3.705659 8.728982
4360 187 4.322111 8.907977
4370 187 4.920464 9.017999
4380 187 5.501137 9.059287
4390 187 6.081810 9.100337
4400 187 6.661221 9.116804
4410 187 7.240000 9.116804
4420 187 7.818779 9.116804
4430 187 8.416079 9.139954
4440 187 9.041160 9.197710
4450 187 9.666031 9.255704
4460 187 10.280168 9.315131
4470 187 10.795387 9.389115
4480 187 11.310605 9.463338
4490 187 11.810039 9.565246
4500 187 12.245491 9.779324
4510 187 12.680944 9.993163
4520 187 13.078933 10.166907
4530 187 13.389580 10.246381
4540 187 13.712854 10.327526
4550 187 14.085798 10.414159
4560 187 14.458953 10.501031
4570 187 14.685624 10.794821
4580 187 14.912295 11.088612
4590 187 15.138966 11.382163
4280 188 15.164011 3.931920
4290 188 14.988694 4.787038
4300 188 14.813166 5.642395
4310 188 14.656790 6.300619
4320 188 14.569868 6.968866
4330 188 14.583759 7.684846
4340 188 14.477053 8.370038
4350 188 14.297316 8.982200
4360 188 14.058017 9.524674
4370 188 13.838923 10.065477
4380 188 13.665920 10.602462
4390 188 13.493129 11.139446
4400 188 13.329387 11.634665
4410 188 13.175116 12.088119
4420 188 13.020845 12.541572
4430 188 12.873519 12.932497
4440 188 12.733139 13.260654
4450 188 12.592759 13.588812
4420 189 0.424298 5.080828
4430 189 0.695377 5.133811
4440 189 0.966666 5.186793
4450 189 1.237956 5.240015
4460 189 1.509245 5.292997
4470 189 1.758857 5.330944
4480 189 2.005732 5.367220
4490 189 2.252819 5.403497
4500 189 2.499905 5.439773
4510 189 2.793924 5.479152
4520 189 3.197386 5.525690
4530 189 3.600637 5.571990
4540 189 4.004099 5.618529
4550 189 4.439130 5.663158
4560 189 4.887842 5.707072
4570 189 5.336343 5.750985
4580 189 5.785054 5.795137
4590 189 6.161366 5.787500
4600 189 6.529680 5.774135
4610 189 6.897994 5.761009
4620 189 7.254943 5.756713
4630 189 7.585794 5.773897
4640 189 7.916435 5.790841
4650 189 8.281802 5.791557
4660 189 8.681686 5.775567
4670 189 9.081569 5.759577
4680 189 9.510708 5.700628
4690 189 9.969311 5.598243
4700 189 10.427704 5.496097
4710 189 10.880415 5.528793
4720 189 11.330179 5.619245
4730 189 11.780153 5.709697
4740 189 12.152466 5.696809
4750 189 12.504995 5.658147
4760 189 12.857734 5.619484
4770 189 13.211526 5.586310
4780 189 13.575000 5.602539
4790 189 13.938473 5.618768
4800 189 14.302157 5.634997
4810 189 14.665630 5.651464
4430 190 0.357791 4.027145
4440 190 0.568256 4.058171
4450 190 0.778721 4.088958
4460 190 0.989186 4.119984
4470 190 1.199651 4.151010
4480 190 1.410116 4.181797
4490 190 1.660570 4.226665
4500 190 1.971006 4.292296
4510 190 2.281442 4.357928
4520 190 2.591878 4.423559
4530 190 2.967558 4.478928
4540 190 3.441105 4.518546
4550 190 3.914651 4.558402
4560 190 4.388198 4.598258
4570 190 4.849116 4.596588
4580 190 5.306878 4.584655
4590 190 5.764639 4.572722
4600 190 6.222401 4.560789
4610 190 6.675532 4.530240
4620 190 7.127401 4.495157
4630 190 7.579270 4.460074
4640 190 8.037873 4.452676
4650 190 8.507000 4.486804
4660 190 8.976126 4.520933
4670 190 9.445043 4.555061
4680 190 9.902383 4.572722
4690 190 10.358461 4.588712
4700 190 10.814329 4.604464
4710 190 11.076568 4.705894
4720 190 11.316919 4.816632
4730 190 11.566741 4.925461
4740 190 11.898645 5.017345
4750 190 12.230548 5.109229
4760 190 12.565609 5.138107
4770 190 12.903826 5.103978
4780 190 13.242044 5.069850
4790 190 13.607832 5.049803
4800 190 13.985407 5.035722
4810 190 14.362981 5.021641
4820 190 14.740555 5.007560
4450 191 15.300813 1.264897
4460 191 15.012897 1.704508
4470 191 14.722034 2.136005
4480 191 14.406337 2.493995
4490 191 14.090639 2.851985
4500 191 13.786307 3.158901
4510 191 13.493129 3.414506
4520 191 13.199951 3.670349
4530 191 12.854157 3.914021
4540 191 12.485843 4.152681
4550 191 12.117529 4.391340
4560 191 11.632407 4.544083
4570 191 11.134236 4.687278
4580 191 10.636275 4.830474
4590 191 10.136631 4.938826
4600 191 9.636776 5.043120
4610 191 9.136922 5.147653
4620 191 8.762715 5.236912
4630 191 8.442387 5.319966
4640 191 8.100171 5.436193
4650 191 7.724911 5.602300
4660 191 7.359965 5.781056
4670 191 7.086360 6.075563
4680 191 6.812756 6.369830
4690 191 6.548411 6.675792
4700 191 6.366990 7.087480
4710 191 6.185570 7.498930
4720 191 6.017197 7.897253
4730 191 5.901021 8.242832
4740 191 5.784844 8.588412
4750 191 5.636045 8.911796
4760 191 5.411058 9.183390
4770 191 5.186071 9.454985
4780 191 4.969713 9.754742
4790 191 4.766403 10.096980
4800 191 4.562884 10.438980
4810 191 4.368624 10.785991
4820 191 4.188256 11.140639
4830 191 4.007887 11.495288
4840 191 3.827518 11.849698
4850 191 3.561701 12.132987
4860 191 3.286413 12.408400
4870 191 3.000391 12.666869
4880 191 2.689113 12.885720
4890 191 2.377835 13.104332
4900 191 2.066557 13.323183
4910 191 1.755279 13.542034
4920 191 1.443791 13.760647
4490 192 14.814008 3.167016
4500 192 14.484630 3.727150
4510 192 14.155252 4.287523
4520 192 13.851551 4.612101
4530 192 13.551007 4.910425
4540 192 13.240571 5.197772
4550 192 12.842160 5.385120
4560 192 12.443750 5.572706
4570 192 12.017558 5.727835
4580 192 11.526543 5.807309
4590 192 11.035317 5.887021
4600 192 10.563033 5.966495
4610 192 10.103167 6.045969
4620 192 9.643301 6.125681
4630 192 9.179015 6.294652
4640 192 8.714097 6.473647
4650 192 8.320107 6.648346
4660 192 7.996832 6.818749
4670 192 7.673768 6.989391
4680 192 7.375329 7.174114
4690 192 7.087833 7.365041
4700 192 6.800128 7.555969
4710 192 6.615550 7.743079
4720 192 6.475380 7.928756
4730 192 6.335000 8.114433
4740 192 6.158630 8.436863
4750 192 5.982260 8.759531
4760 192 5.805891 9.081960
4770 192 5.621313 9.350214
4780 192 5.417582 9.491978
4790 192 5.213642 9.633741
4800 192 5.011385 9.801758
4810 192 4.824281 10.208434
4820 192 4.637178 10.615111
4830 192 4.449022 10.966895
4840 192 4.258761 11.236342
4850 192 4.068711 11.505789
4860 192 3.862456 11.806023
4870 192 3.618316 12.178332
4880 192 3.374177 12.550642
4890 192 3.102256 12.802666
4900 192 2.823179 13.024620
4910 192 2.544102 13.246812
4920 192 2.265236 13.468766
4930 192 1.986159 13.690719
4530 193 0.387887 7.030202
4540 193 0.689484 7.165522
4550 193 0.990870 7.301081
4560 193 1.292466 7.436401
4570 193 1.610058 7.562652
4580 193 1.952064 7.674345
4590 193 2.294070 7.786276
4600 193 2.637759 7.908947
4610 193 2.988605 8.075293
4620 193 3.339450 8.241639
4630 193 3.690085 8.407985
4640 193 4.097124 8.607743
4650 193 4.510267 8.811081
4660 193 4.936880 8.978620
4670 193 5.418003 9.004396
4680 193 5.899127 9.029932
4690 193 6.356046 9.070743
4700 193 6.776977 9.134227
4710 193 7.197907 9.197949
4720 193 7.600527 9.316801
4730 193 7.975365 9.517991
4740 193 8.350203 9.719420
4750 193 8.708836 9.932544
4760 193 9.002224 10.192921
4770 193 9.295612 10.453299
4780 193 9.589001 10.713677
4790 193 9.861764 10.893149
4800 193 10.132422 11.063552
4810 193 10.403080 11.233955
4820 193 10.636486 11.444453
4830 193 10.814118 11.715094
4840 193 10.991961 11.985495
4850 193 11.169594 12.255897
4860 193 11.347437 12.526537
4870 193 11.514757 12.598612
4880 193 11.680814 12.648969
4890 193 11.846871 12.699327
4900 193 12.006824 12.766390
4910 193 12.109110 12.985718
4920 193 12.211607 13.205047
4930 193 12.313893 13.424375
4940 193 12.416389 13.643703
4500 194 15.260615 6.730206
4510 194 15.031839 7.207526
4520 194 14.803063 7.684846
4530 194 14.577445 8.077202
4540 194 14.353720 8.412758
4550 194 14.130207 8.748314
4560 194 13.909008 9.067402
4570 194 13.691387 9.361908
4580 194 13.473976 9.656175
4590 194 13.291293 9.970968
4600 194 13.160594 10.316786
4610 194 13.029895 10.662365
4620 194 12.877518 10.991477
4630 194 12.703464 11.304360
4640 194 12.529198 11.617004
4650 194 12.342937 11.918193
4660 194 12.148678 12.211983
4670 194 11.954418 12.505774
4680 194 11.867496 12.708157
4690 194 11.780574 12.910541
4700 194 11.693652 13.112685
4710 194 11.606730 13.315069
4720 194 11.519808 13.517452
4530 195 15.216627 8.281495
4540 195 15.032470 8.609652
4550 195 14.848313 8.937809
4560 195 14.628588 9.239237
4570 195 14.385290 9.522526
4580 195 14.141993 9.806054
4590 195 13.926266 10.101037
4600 195 13.752001 10.413682
4610 195 13.577946 10.726565
4620 195 13.411047 11.026799
4630 195 13.251304 11.314861
4640 195 13.091561 11.602923
4650 195 12.933923 11.872370
4660 195 12.777337 12.129407
4670 195 12.620961 12.386444
4680 195 12.464375 12.643480
4690 195 12.398500 12.887629
4700 195 12.371560 13.126289
4710 195 12.344621 13.364949
4720 195 12.317681 13.603609
4570 196 14.800327 6.406584
4580 196 14.332674 6.777938
4590 196 13.865020 7.149293
4600 196 13.426832 7.506328
4610 196 13.107346 7.806801
4620 196 12.787650 8.107273
4630 196 12.586655 8.335432
4640 196 12.504364 8.491038
4650 196 12.396395 8.689842
4660 196 12.185930 9.061197
4670 196 11.975465 9.432313
4680 196 11.778680 9.741138
4690 196 11.595365 9.987435
4700 196 11.412050 10.233971
4710 196 11.208109 10.452583
4720 196 10.973651 10.629907
4730 196 10.739193 10.807232
4740 196 10.504524 10.984556
4750 196 10.274486 11.086941
4760 196 10.044868 11.180734
4770 196 9.815251 11.274766
4570 197 14.964069 7.254303
4580 197 14.543139 7.503225
4590 197 14.122209 7.752386
4600 197 13.756210 8.026129
4610 197 13.426832 8.316817
4620 197 13.156805 8.596287
4630 197 13.025265 8.849744
4640 197 12.852473 9.124680
4650 197 12.662002 9.408924
4660 197 12.401236 9.709874
4670 197 12.093746 10.021802
4680 197 11.786046 10.333969
4690 197 11.458562 10.599120
4700 197 11.131289 10.864271
4710 197 10.803805 11.119637
4720 197 10.476532 11.351615
4730 197 10.149049 11.583592
4740 197 9.821775 11.815569
4570 198 14.919451 8.661441
4580 198 14.524829 8.681250
4590 198 14.130207 8.701059
4600 198 13.708014 8.738290
4610 198 13.258250 8.792466
4620 198 12.819851 8.830413
4630 198 12.407339 8.830413
4640 198 11.994828 8.830413
4650 198 11.614517 8.837811
4660 198 11.241994 8.846880
4670 198 10.867155 8.854279
4680 198 10.482425 8.854279
4690 198 10.097485 8.854279
4700 198 9.712754 8.854279
4710 198 9.339389 8.823014
4720 198 8.971075 8.778146
4730 198 8.602761 8.733517
4740 198 8.236552 8.675522
4750 198 7.872447 8.604640
4760 198 7.508553 8.533758
4770 198 7.144449 8.462638
4780 198 6.806231 8.541157
4790 198 6.474749 8.656907
4800 198 6.143056 8.772657
4810 198 5.827779 8.918955
4820 198 5.529129 9.096041
4830 198 5.230479 9.273127
4840 198 4.973711 9.454747
4850 198 4.779873 9.643049
4860 198 4.585824 9.831590
4870 198 4.391986 10.019893
4880 198 4.284017 10.268815
4890 198 4.232874 10.558071
4900 198 4.181942 10.847565
4910 198 4.087443 11.096010
4920 198 3.892131 11.249468
4930 198 3.696609 11.402927
4940 198 3.501298 11.556146
4950 198 3.299882 11.706979
4960 198 3.045009 11.832514
4970 198 2.790346 11.958049
4980 198 2.535473 12.083823
4990 198 2.279127 12.212461
5000 198 2.018360 12.348974
5010 198 1.757805 12.485249
5020 198 1.497249 12.621762
5030 198 1.243849 12.760185
5040 198 1.054430 12.917700
5050 198 0.865012 13.075216
5060 198 0.675593 13.232731
5070 198 0.486174 13.390247
5080 198 0.296756 13.547762
4590 199 15.008898 5.342877
4600 199 14.509044 6.148354
4610 199 14.023922 6.930681
4620 199 13.673287 7.503464
4630 199 13.478817 7.793913
4640 199 13.415888 7.838542
4650 199 13.462822 7.653104
4660 199 13.473976 7.450959
4670 199 13.431883 7.224232
4680 199 13.454824 7.064330
4690 199 13.575000 7.004665
4700 199 13.695175 6.945000
4580 200 14.948284 3.764858
4590 200 14.369505 3.943853
4600 200 13.790726 4.122848
4610 200 13.220576 4.315208
4620 200 12.670631 4.538355
4630 200 12.120686 4.761740
4640 200 11.592208 4.993002
4650 200 11.149600 5.256243
4660 200 10.706781 5.519724
4670 200 10.275749 5.781295
4680 200 9.871656 6.039048
4690 200 9.467562 6.296800
4700 200 9.072940 6.426392
4710 200 8.680633 6.524004
4720 200 8.257178 6.536653
4730 200 7.812886 6.492501
4740 200 7.368594 6.448349
4750 200 6.880315 6.498945
4760 200 6.387406 6.560519
4770 200 5.894286 6.621855
4780 200 5.417582 6.717557
4790 200 4.965714 6.865049
4800 200 4.513845 7.012302
4810 200 4.061977 7.159794
4820 200 3.671143 7.262179
4830 200 3.280309 7.364325
4840 200 2.889475 7.466710
4850 200 2.547470 7.515158
4860 200 2.254713 7.509908
4870 200 1.961956 7.504896
4880 200 1.668988 7.499646
4890 200 1.376231 7.494395
4900 200 1.031279 7.465279
4910 200 0.680434 7.433537
4920 200 0.329799 7.401556
4660 201 15.155172 5.178918
4670 201 14.466951 5.059588
4680 201 13.778940 4.940258
4690 201 13.090930 4.820928
4700 201 12.543721 4.522603
4710 201 11.996511 4.224278
4720 201 11.301976 4.104949
4730 201 10.607442 3.985619
4740 201 9.841349 4.061990
4750 201 9.075256 4.138361
4760 201 8.376511 4.272010
4770 201 7.745116 4.462938
4780 201 7.113721 4.653866
4790 201 6.445915 4.841214
4800 201 5.741699 5.024743
4810 201 5.037482 5.208273
4820 201 4.366099 5.404451
4830 201 3.698293 5.601823
4840 201 3.030698 5.799433
4850 201 2.391515 5.905398
4860 201 1.752333 6.011602
4870 201 1.018230 6.173890
4880 201 0.063140 6.467681
4740 202 0.276130 4.397307
4750 202 0.690536 4.382271
4760 202 1.104942 4.367474
4770 202 1.519348 4.352439
4780 202 1.941330 4.363178
4790 202 2.374467 4.412342
4800 202 2.807815 4.461506
4810 202 3.241163 4.510670
4820 202 3.903707 4.386806
4830 202 4.566251 4.263180
4840 202 5.230058 4.138361
4850 202 5.896601 4.011155
4860 202 6.562934 3.883711
4870 202 7.234738 3.735981
4880 202 7.918750 3.539802
4890 202 8.602761 3.343862
4900 202 9.329497 3.219759
4910 202 10.098958 3.167493
4920 202 10.868629 3.115226
4930 202 11.617043 3.085633
4940 202 12.316208 3.108783
4950 202 13.015583 3.131933
4960 202 13.730112 3.157946
4970 202 14.505466 3.195416
4980 202 15.280819 3.233124
4780 203 0.066507 3.937409
4790 203 0.321170 3.998268
4800 203 0.575622 4.059365
4810 203 0.830074 4.120461
4820 203 1.084527 4.181558
4830 203 1.350555 4.236689
4840 203 1.643522 4.278216
4850 203 1.936279 4.319742
4860 203 2.229036 4.361269
4870 203 2.522003 4.402796
4880 203 2.807394 4.415206
4890 203 3.089628 4.415206
4900 203 3.372072 4.415206
4910 203 3.654306 4.415206
4920 203 3.952114 4.355780
4930 203 4.260024 4.256975
4940 203 4.568145 4.157931
4950 203 4.876056 4.058887
4960 203 5.194068 4.003995
4970 203 5.521973 3.992778
4980 203 5.849878 3.981800
4990 203 6.177782 3.970583
5000 203 6.511159 3.971060
5010 203 6.865372 4.017599
5020 203 7.219374 4.064138
5030 203 7.573587 4.110676
5040 203 7.918960 4.156738
5050 203 8.184567 4.196355
5060 203 8.450174 4.236211
5070 203 8.715781 4.276068
5080 203 8.981388 4.315685
5090 203 9.017588 4.317117
5100 203 9.028322 4.314015
5110 203 9.039056 4.310912
5120 203 9.049789 4.307809
5130 203 9.060523 4.304945
5140 203 9.071257 4.301843
5150 203 9.081990 4.298740
5160 203 9.092724 4.295638
5170 203 9.103458 4.292774
5180 203 9.113981 4.289671
5190 203 9.124715 4.286569
5200 203 9.135449 4.283466
5210 203 9.146182 4.280602
5220 203 9.156916 4.277500
5230 203 9.167650 4.274397
5240 203 9.215215 4.261509
5250 203 9.410316 4.209243
5260 203 9.605417 4.156738
5270 203 9.800518 4.104471
5280 203 9.990147 4.060796
5290 203 10.130317 4.097550
5300 203 10.270697 4.134304
5310 203 10.411078 4.171057
5320 203 10.567032 4.203276
5330 203 10.786337 4.218312
5340 203 11.005642 4.233109
5350 203 11.224736 4.248144
5360 203 11.444040 4.262941
5370 203 11.670922 4.284659
5380 203 11.908958 4.315924
5390 203 12.147204 4.347427
5400 203 12.385240 4.378691
4770 204 14.965753 2.346264
4780 204 14.318152 2.750077
4790 204 13.670551 3.153889
4800 204 13.052415 3.516175
4810 204 12.502890 3.781326
4820 204 11.938633 4.008530
4830 204 11.359854 4.197310
4840 204 10.788652 4.395159
4850 204 10.286272 4.672243
4860 204 9.783892 4.949566
4870 204 9.281511 5.226650
4880 204 8.823539 5.486311
4890 204 8.365357 5.745973
4900 204 7.907385 6.005874
4910 204 7.449833 6.228305
4920 204 6.992914 6.426154
4930 204 6.535784 6.623764
4940 204 6.079495 6.819942
4950 204 5.629521 7.000847
4960 204 5.179546 7.181989
4970 204 4.768298 7.372917
4980 204 4.510899 7.602747
4990 204 4.253710 7.832576
5000 204 4.012096 8.040210
5010 204 3.786057 8.225887
5020 204 3.560017 8.411326
5030 204 3.414796 8.573853
5040 204 3.289780 8.730414
5050 204 3.164764 8.887214
5060 204 3.127301 8.961914
5070 204 3.148137 8.981962
5080 204 3.168763 9.002248
5090 204 3.189599 9.022295
5100 204 3.210435 9.042581
5110 204 3.231060 9.062629
5120 204 3.251896 9.082915
5130 204 3.406167 8.898192
5140 204 3.694294 8.508938
5150 204 4.067659 8.190327
5160 204 4.498271 7.919209
5170 204 4.930987 7.667901
5180 204 5.366860 7.446186
5190 204 5.802734 7.224471
5200 204 6.282804 7.015882
5210 204 6.791920 6.815647
5220 204 7.301035 6.615411
5230 204 7.802573 6.497036
5240 204 8.296324 6.460282
5250 204 8.790075 6.423529
5260 204 9.273724 6.267684
5270 204 9.755900 6.098713
5280 204 10.202296 5.900864
5290 204 10.612703 5.674137
5300 204 11.067097 5.510416
5310 204 11.565689 5.409940
5320 204 12.094378 5.282735
5330 204 12.643481 5.137391
5340 204 13.168171 5.015913
5350 204 13.635824 4.949566
5360 204 14.118841 4.784413
5370 204 14.617433 4.520694
4850 205 0.289179 5.338104
4860 205 0.554576 5.415907
4870 205 0.819972 5.493949
4880 205 1.085369 5.571752
4890 205 1.350555 5.649555
4900 205 1.622055 5.736427
4910 205 1.907656 5.844301
4920 205 2.193257 5.952175
4930 205 2.479069 6.060288
4940 205 2.769089 6.158616
4950 205 3.098888 6.171504
4960 205 3.428898 6.184630
4970 205 3.758696 6.197518
4980 205 4.103017 6.207541
4990 205 4.468806 6.213031
5000 205 4.834594 6.218758
5010 205 5.200593 6.224486
5020 205 5.565118 6.242863
5030 205 5.925224 6.311836
5040 205 6.285120 6.381047
5050 205 6.645225 6.450020
5060 205 7.016696 6.534983
5070 205 7.405846 6.643334
5080 205 7.794786 6.751924
5090 205 8.177201 6.867674
5100 205 8.499002 7.050249
5110 205 8.821014 7.232824
5120 205 9.142815 7.415399
5130 205 9.460407 7.592484
5140 205 9.776104 7.767661
5150 205 10.091802 7.942598
5160 205 10.402659 8.089851
5170 205 10.711201 8.224933
5180 205 11.019953 8.360253
5190 205 11.292716 8.536861
5200 205 11.549904 8.731369
5210 205 11.807093 8.925877
5220 205 12.059651 9.029216
5230 205 12.312209 9.132795
5240 205 12.564767 9.236134
5250 205 12.751239 9.420141
5260 205 12.937501 9.604386
5270 205 13.123973 9.788393
5280 205 13.300764 9.983378
5290 205 13.467662 10.189103
5300 205 13.634561 10.394828
5310 205 13.750948 10.568333
5320 205 13.833872 10.720121
5330 205 13.916795 10.872147
5340 205 14.012767 11.018446
5350 205 14.139046 11.152095
5360 205 14.265325 11.285745
5370 205 14.352247 11.471661
5380 205 14.429488 11.670464
5390 205 14.506729 11.869268
5400 205 14.620380 12.100052
4860 206 0.231512 4.725464
4870 206 0.495645 4.829520
4880 206 0.759569 4.933814
4890 206 1.023702 5.037870
4900 206 1.287626 5.141925
4910 206 1.551759 5.246220
4920 206 1.827679 5.307555
4930 206 2.115806 5.326409
4940 206 2.403722 5.345264
4950 206 2.691638 5.364118
4960 206 3.065424 5.399201
4970 206 3.475831 5.440966
4980 206 3.886238 5.482732
4990 206 4.296645 5.524497
5000 206 4.697581 5.551227
5010 206 5.094518 5.571752
5020 206 5.491245 5.592038
5030 206 5.895338 5.617336
5040 206 6.327213 5.661249
5050 206 6.759297 5.705163
5060 206 7.191172 5.749076
5070 206 7.592739 5.850506
5080 206 7.948636 6.038093
5090 206 8.304322 6.225680
5100 206 8.660218 6.413027
5110 206 9.002224 6.599182
5120 206 9.289719 6.779609
5130 206 9.577215 6.960036
5140 206 9.864710 7.140701
5150 206 10.154942 7.319935
5160 206 10.470639 7.489622
5170 206 10.786337 7.659070
5180 206 11.102035 7.828757
5190 206 11.395212 8.001070
5200 206 11.635774 8.180065
5210 206 11.876336 8.359059
5220 206 12.150151 8.512995
5230 206 12.457219 8.642110
5240 206 12.764498 8.770986
5250 206 13.071567 8.900101
5260 206 13.296344 9.099382
5270 206 13.500284 9.316324
5280 206 13.704436 9.533266
5290 206 13.854076 9.730399
5300 206 13.948996 9.907484
5310 206 14.044126 10.084570
5320 206 14.137783 10.257121
5330 206 14.229336 10.423228
5340 206 14.324045 10.588381
5350 206 14.447167 10.745419
5360 206 14.570289 10.902696
5370 206 14.693622 11.059734
5380 206 14.816744 11.217011
4930 207 14.844946 0.564669
4940 207 14.598281 0.844378
4950 207 14.351616 1.124088
4960 207 14.104740 1.404036
4970 207 13.712433 1.899493
4980 207 13.303921 2.418817
4990 207 12.895408 2.938379
5000 207 12.565398 3.467488
5010 207 12.314314 4.006382
5020 207 12.063018 4.545276
5030 207 11.859078 4.989660
5040 207 11.725643 5.291804
5050 207 11.592418 5.594186
5060 207 11.495183 5.775567
5070 207 11.452248 5.775567
5080 207 11.409314 5.775567
5090 207 11.366379 5.775567
5100 207 11.323444 5.775567
5110 207 11.280509 5.775567
5120 207 11.237574 5.775567
5130 207 11.194639 5.775567
5140 207 11.151704 5.775567
5150 207 11.108769 5.775567
4970 208 0.338007 7.488190
4980 208 0.656862 7.473632
4990 208 0.975716 7.459312
5000 208 1.283837 7.432582
5010 208 1.494302 7.296069
5020 208 1.704767 7.159794
5030 208 1.915232 7.023519
5040 208 2.173473 6.957172
5050 208 2.463494 6.937840
5060 208 2.753725 6.918509
5070 208 3.043746 6.899177
5080 208 3.493089 6.776506
5090 208 3.960112 6.642141
5100 208 4.426923 6.508014
5110 208 4.933092 6.310642
5120 208 5.456098 6.086541
5130 208 5.979103 5.862439
5140 208 6.455175 5.645975
5150 208 6.861163 5.441443
5160 208 7.267150 5.236912
5170 208 7.673347 4.937871
5180 208 8.079756 4.575586
5190 208 8.486164 4.213539
5200 208 8.862054 3.920703
5210 208 9.224896 3.657223
5220 208 9.587738 3.393981
5230 208 10.132843 3.187302
5240 208 10.723618 2.994703
5250 208 11.314183 2.802343
5260 208 11.900118 2.744588
5270 208 12.483948 2.744588
5280 208 13.067779 2.744588
5290 208 13.633930 2.682536
5300 208 14.188084 2.579196
5310 208 14.742450 2.475618
4990 209 0.281181 6.897268
5000 209 0.587408 6.817794
5010 209 0.893424 6.738082
5020 209 1.199651 6.658608
5030 209 1.464206 6.583669
5040 209 1.728760 6.508491
5050 209 1.993315 6.433552
5060 209 2.342056 6.356226
5070 209 2.774562 6.276753
5080 209 3.207278 6.197279
5090 209 3.639784 6.117567
5100 209 4.104701 5.984872
5110 209 4.573196 5.846449
5120 209 5.041692 5.707788
5130 209 5.482616 5.524974
5140 209 5.916595 5.330944
5150 209 6.350785 5.137152
5160 209 6.776977 4.842407
5170 209 7.197907 4.480599
5180 209 7.618837 4.118791
5190 209 8.019983 3.770109
5200 209 8.401557 3.434553
5210 209 8.782919 3.098759
5220 209 9.217109 2.794706
5230 209 9.773789 2.563684
5240 209 10.330469 2.332661
5250 209 10.889675 2.132425
5260 209 11.459194 2.055338
5270 209 12.028712 1.978012
5280 209 12.598231 1.900925
5290 209 13.145651 1.952237
5300 209 13.687598 2.035768
5310 209 14.229546 2.119299
5320 209 14.771494 2.202830
4980 210 0.060824 8.225887
4990 210 0.435031 8.186031
5000 210 0.809028 8.146175
5010 210 1.183235 8.106557
5020 210 1.557442 8.066701
5030 210 1.808948 8.113240
5040 210 2.060453 8.159779
5050 210 2.311959 8.206317
5060 210 2.563465 8.252856
5070 210 2.907786 8.297247
5080 210 3.262209 8.341160
5090 210 3.616632 8.385073
5100 210 3.972318 8.440920
5110 210 4.337896 8.604402
5120 210 4.703264 8.767645
5130 210 5.068842 8.930888
5140 210 5.428106 9.134227
5150 210 5.772427 9.430642
5160 210 6.116958 9.727296
5170 210 6.461279 10.023712
5180 210 6.686687 10.338981
5190 210 6.912306 10.654489
5200 210 7.121718 10.963554
5210 210 7.267571 11.248275
5220 210 7.413213 11.532758
4990 211 0.284759 8.594855
5000 211 0.593512 8.563114
5010 211 0.902264 8.531372
5020 211 1.210806 8.499391
5030 211 1.458944 8.512040
5040 211 1.700137 8.529463
5050 211 1.941330 8.546885
5060 211 2.182734 8.564307
5070 211 2.536736 8.623256
5080 211 2.918730 8.692229
5090 211 3.300935 8.761440
5100 211 3.683139 8.830413
5110 211 4.043877 8.973608
5120 211 4.404824 9.116804
5130 211 4.765561 9.260000
5140 211 5.111777 9.443768
5150 211 5.443470 9.667870
5160 211 5.774952 9.891971
5170 211 6.076338 10.127529
5180 211 6.255865 10.408431
5190 211 6.435181 10.689095
5200 211 6.614708 10.969998
5020 212 14.743081 5.519485
5030 212 14.427383 5.436909
5040 212 14.111686 5.354333
5050 212 13.866283 5.283689
5060 212 13.628668 5.214239
5070 212 13.391053 5.145028
5080 212 13.362851 5.182498
5090 212 13.387265 5.246936
5100 212 13.411468 5.311135
5110 212 13.435672 5.375335
5120 212 13.460086 5.439534
5130 212 13.746739 5.576286
5140 212 14.208500 5.761009
5150 212 14.670050 5.945732
5160 212 15.131810 6.130454
0 213 4.398721 11.264743
10 213 4.261498 11.565693
20 213 4.124274 11.866643
30 213 3.962006 12.100052
40 213 3.789214 12.304583
50 213 3.616212 12.509115
60 213 3.377334 12.693360
70 213 3.131300 12.875458
80 213 2.885056 13.057555
90 213 2.639022 13.239652
100 213 2.392778 13.421511
110 213 2.146744 13.603609
0 214 3.956744 11.240877
10 214 3.818679 11.472138
20 214 3.680403 11.703399
30 214 3.542338 11.934422
40 214 3.362601 12.128452
50 214 3.172551 12.313414
60 214 2.982501 12.498136
70 214 2.758566 12.669017
80 214 2.520320 12.833931
90 214 2.282073 12.998845
100 214 2.043616 13.163759
110 214 1.805370 13.328911
120 214 1.567123 13.493825
130 214 1.328666 13.658739
0 215 4.672325 10.190773
10 215 4.602241 10.472869
20 215 4.531945 10.754965
30 215 4.461860 11.036822
40 215 4.336213 11.315577
50 215 4.186993 11.592661
60 215 4.037563 11.869745
70 215 3.817627 12.099575
80 215 3.550757 12.297423
90 215 3.283677 12.495272
100 215 3.016807 12.693121
110 215 2.793924 12.851830
120 215 2.615029 12.971160
130 215 2.436134 13.090490
140 215 2.257238 13.209820
150 215 2.078343 13.329150
160 215 1.899448 13.448480
170 215 1.720552 13.567810
0 216 4.251395 9.999846
10 216 4.193938 10.303660
20 216 4.136692 10.607235
30 216 4.079235 10.911049
40 216 3.971687 11.147799
50 216 3.842672 11.355672
60 216 3.713657 11.563545
70 216 3.527816 11.749461
80 216 3.304302 11.921057
90 216 3.080578 12.092653
100 216 2.865482 12.259238
110 216 2.662805 12.418185
120 216 2.460127 12.577371
130 216 2.245873 12.778323
140 216 2.026569 12.996935
150 216 1.807264 13.215786
160 216 1.588170 13.434637
170 216 1.368865 13.653250
0 217 7.681977 4.701598
10 217 7.707653 4.719020
20 217 7.733330 4.736442
30 217 7.759007 4.754103
40 217 7.784683 4.771525
50 217 7.810360 4.788948
60 217 7.836037 4.806370
70 217 7.861714 4.823792
80 217 7.887390 4.841214
90 217 7.913067 4.858875
100 217 7.938744 4.876297
110 217 7.964210 4.893719
120 217 7.989887 4.911141
130 217 7.888443 4.964840
140 217 7.732278 5.034290
150 217 7.576113 5.103501
160 217 7.311558 5.165553
170 217 6.974814 5.222831
180 217 6.659747 5.275336
190 217 6.540835 5.285837
200 217 6.421922 5.296100
210 217 6.404032 5.192999
220 217 6.411188 5.061258
230 217 6.418554 4.929518
240 217 6.433287 4.836918
250 217 6.448861 4.748375
260 217 6.468224 4.667708
270 217 6.502951 4.617112
280 217 6.537467 4.566517
290 217 6.572194 4.515921
300 217 6.606921 4.465564
310 217 6.641437 4.414968
320 217 6.676164 4.364372
330 217 6.710890 4.313776
340 217 6.745617 4.263419
350 217 6.938824 4.144566
360 217 7.200011 3.996358
370 217 7.461409 3.848151
380 217 7.886338 3.730014
390 217 8.352518 3.619037
400 217 8.818488 3.508299
410 217 9.124715 3.106873
420 217 9.430731 2.705447
430 217 9.572164 2.170611
440 217 9.672345 1.602362
450 217 9.739273 1.239838
460 217 9.791889 0.965379
470 217 9.834403 0.936262
480 217 9.872708 1.012156
490 217 9.911012 1.088050
500 217 9.949317 1.163944
510 217 9.976046 1.296400
520 217 9.976046 1.560596
530 217 9.976046 1.824793
540 217 9.844506 2.195670
550 217 9.581424 2.672990
560 217 9.318343 3.150309
570 217 9.033163 3.600899
580 217 8.738511 4.040033
590 217 8.411870 4.429526
600 217 7.957265 4.620454
610 217 7.502660 4.811382
620 217 7.058158 4.936917
630 217 6.618075 5.034528
640 217 6.244710 5.113286
650 217 5.937642 5.172951
660 217 5.627206 5.252425
670 217 5.285200 5.511132
680 217 4.943194 5.769601
690 217 4.593191 6.027592
700 217 4.239609 6.285344
710 217 3.884555 6.500138
720 217 3.523817 6.542620
730 217 3.163080 6.585340
740 217 2.837912 6.613979
750 217 2.566412 6.621616
760 217 2.294701 6.629253
770 217 2.012046 6.641902
780 217 1.703294 6.665768
790 217 1.394752 6.689634
800 217 1.057587 6.661472
810 217 0.654126 6.512310
820 217 0.250874 6.363148
0 218 3.704186 3.699227
10 218 3.605478 3.743856
20 218 3.506770 3.788724
30 218 3.408272 3.833354
40 218 3.220116 3.859845
50 218 3.009651 3.881563
60 218 2.799186 3.903281
70 218 2.558624 3.893496
80 218 2.287966 3.852685
90 218 2.017519 3.811636
100 218 1.746860 3.770825
110 218 1.424638 3.731923
120 218 1.102627 3.692783
130 218 0.780405 3.653882
140 218 0.458393 3.614980
150 218 0.136171 3.576078
0 219 7.303139 3.245773
10 219 7.298088 3.277992
20 219 7.293037 3.310211
30 219 7.288196 3.342430
40 219 7.283145 3.374650
50 219 7.278094 3.406869
60 219 7.273043 3.439088
70 219 7.267992 3.471068
80 219 7.263151 3.503287
90 219 7.258100 3.535506
100 219 7.253049 3.567725
110 219 7.247997 3.599944
120 219 7.242946 3.632163
130 219 7.211166 3.678702
140 219 7.138977 3.746959
150 219 7.066787 3.815216
160 219 6.994597 3.883234
170 219 7.009120 3.920942
180 219 7.033113 3.954832
190 219 7.057106 3.988960
200 219 7.265677 3.963901
210 219 7.750588 3.849583
220 219 8.236552 3.719990
230 219 8.730724 3.450305
240 219 9.224686 3.180380
250 219 9.660349 2.704493
260 219 10.081279 2.176816
270 219 10.348780 1.735295
280 219 10.599444 1.303560
290 219 10.817907 0.948195
300 219 11.028372 0.611924
310 219 11.141392 0.436509
320 219 11.189588 0.368252
330 219 11.237574 0.299995
340 219 11.282193 0.237944
350 219 11.293979 0.231261
360 219 11.305765 0.224579
370 219 11.317551 0.217896
380 219 11.329337 0.211214
390 219 11.341123 0.204531
400 219 11.352909 0.197849
410 219 11.364695 0.191166
420 219 11.376481 0.184484
430 219 11.388267 0.177802
440 219 11.400053 0.171119
450 219 11.411839 0.182575
460 219 11.423204 0.221715
470 219 11.434780 0.260855
480 219 11.446145 0.299757
490 219 11.457721 0.338897
500 219 11.469296 0.378037
510 219 11.356697 0.570874
520 219 11.230418 0.780895
530 219 11.070465 1.060365
540 219 10.860000 1.444369
550 219 10.640485 1.824077
560 219 10.339940 2.164883
570 219 10.039186 2.505928
580 219 9.758846 2.862247
590 219 9.525861 3.254365
600 219 9.292876 3.646483
610 219 8.957816 4.021418
620 219 8.520680 4.379407
630 219 8.083544 4.737397
640 219 7.600737 4.890378
650 219 7.112668 5.020448
660 219 6.654696 5.098251
670 219 6.209563 5.153142
680 219 5.769270 5.200636
690 219 5.372964 5.179634
700 219 4.976868 5.158632
710 219 4.580773 5.137391
720 219 4.140480 5.186793
730 219 3.681245 5.266506
740 219 3.222010 5.345980
750 219 2.818970 5.388222
760 219 2.500326 5.374619
770 219 2.181681 5.361015
780 219 1.862827 5.347411
790 219 1.477886 5.305407
800 219 1.085369 5.260301
810 219 0.692851 5.214955
820 219 0.300334 5.169849
0 220 8.208139 4.152681
10 220 8.183936 4.158170
20 220 8.159522 4.163659
30 220 8.135318 4.169148
40 220 8.110904 4.174637
50 220 8.086701 4.180126
60 220 8.062497 4.185616
70 220 8.038083 4.191343
80 220 8.013880 4.196833
90 220 7.989676 4.202322
100 220 7.965263 4.207811
110 220 7.941059 4.213300
120 220 7.916645 4.218789
130 220 7.892442 4.224278
140 220 7.722386 4.306855
150 220 7.552540 4.389431
160 220 7.433207 4.443368
170 220 7.389851 4.453869
180 220 7.346495 4.464370
190 220 7.303139 4.474871
200 220 7.259783 4.485372
210 220 7.216428 4.495873
220 220 7.173072 4.506374
230 220 7.166968 4.481076
240 220 7.185489 4.432151
250 220 7.204010 4.382987
260 220 7.297036 4.300411
270 220 7.688080 4.084424
280 220 8.070916 3.878699
290 220 8.382404 3.764142
300 220 8.693893 3.649586
310 220 9.025165 3.428109
320 220 9.369486 3.135035
330 220 9.608153 2.895659
340 220 9.688340 2.736712
350 220 9.794625 2.577526
360 220 9.961103 2.418340
370 220 10.127792 2.259392
380 220 10.193457 2.084216
390 220 10.248178 1.907608
400 220 10.305845 1.732670
410 220 10.375930 1.565608
420 220 10.446015 1.398546
430 220 10.527886 1.256544
440 220 10.655849 1.215017
450 220 10.784022 1.173490
460 220 10.838111 1.244134
470 220 10.883782 1.327187
480 220 10.906092 1.429572
490 220 10.913037 1.545084
500 220 10.919772 1.660595
510 220 10.831166 1.897345
520 220 10.647009 2.255335
530 220 10.453802 2.622633
540 220 10.181039 3.073461
550 220 9.908276 3.524289
560 220 9.612783 3.944092
570 220 9.283406 4.317594
580 220 8.940137 4.684892
590 220 8.473536 4.996343
600 220 8.006724 5.307555
610 220 7.618837 5.513041
620 220 7.250523 5.692036
630 220 6.945349 5.799433
640 220 6.734884 5.799433
650 220 6.524418 5.799433
660 220 6.303009 5.793228
670 220 6.076970 5.784398
680 220 5.850930 5.775567
690 220 5.466200 5.866019
700 220 5.081680 5.956710
710 220 4.690846 6.039048
720 220 4.245713 6.048117
730 220 3.800579 6.057424
740 220 3.371441 6.071028
750 220 2.958719 6.089405
760 220 2.545786 6.107782
770 220 2.193888 6.049549
780 220 1.848726 5.982724
790 220 1.484410 5.917570
800 220 1.091051 5.854802
810 220 0.697902 5.791796
820 220 0.304543 5.729028
630 221 0.244771 8.277915
640 221 0.416300 8.260254
650 221 0.587829 8.242594
660 221 0.753886 8.209181
670 221 0.914892 8.160017
680 221 1.075898 8.110853
690 221 1.236903 8.067417
700 221 1.400014 8.075054
710 221 1.562914 8.082930
720 221 1.725814 8.090567
730 221 1.752964 8.082930
740 221 1.780114 8.075054
750 221 1.807264 8.067417
760 221 1.834414 8.059780
770 221 1.861564 8.052143
780 221 1.888714 8.044267
790 221 1.915864 8.036630
800 221 1.943014 8.028993
810 221 1.970164 8.021356
820 221 2.085078 8.001786
830 221 2.237455 7.976965
840 221 2.389831 7.952383
850 221 2.609767 7.953338
860 221 2.846541 7.960736
870 221 3.083314 7.968373
880 221 3.362180 7.863840
890 221 3.669038 7.684846
900 221 3.976528 7.505851
910 221 4.285491 7.326856
920 221 4.594664 7.147861
930 221 4.903837 6.968866
940 221 5.222902 6.860992
950 221 5.541967 6.753356
960 221 5.861032 6.645482
970 221 6.233977 6.531641
980 221 6.612814 6.417085
990 221 6.966395 6.273411
1000 221 7.282093 6.085825
1010 221 7.597790 5.898238
1020 221 7.949267 5.754804
1030 221 8.324316 5.640724
1040 221 8.715992 5.551704
1050 221 9.145551 5.521872
1060 221 9.575321 5.492039
1070 221 9.891018 5.592276
1080 221 10.194088 5.706833
1090 221 10.517152 5.819958
1100 221 10.870523 5.930696
1110 221 11.223894 6.041434
1120 221 11.485081 6.114464
1130 221 11.685023 6.162196
1140 221 11.897382 6.147160
1150 221 12.117739 6.090359
1160 221 12.376401 6.013034
1170 221 12.672946 5.915422
1180 221 12.961073 5.823299
1190 221 13.230047 5.743825
1200 221 13.590574 5.591560
1210 221 14.042443 5.366982
1220 221 14.494311 5.142403
1230 221 14.946180 4.917824
710 222 12.904458 12.885959
720 222 12.874361 12.664244
730 222 12.844475 12.442767
740 222 12.825112 12.231315
750 222 12.902143 12.111985
760 222 12.979383 11.992655
770 222 13.057887 11.875712
780 222 13.149229 11.780248
790 222 13.240360 11.684784
800 222 13.322231 11.598628
810 222 13.319916 11.596002
820 222 13.317811 11.593616
830 222 13.315496 11.590990
840 222 13.313181 11.588365
850 222 13.310866 11.585740
860 222 13.308761 11.583353
870 222 13.306446 11.580728
880 222 13.304131 11.578103
890 222 13.302026 11.575716
900 222 13.299711 11.573091
910 222 13.297396 11.570466
920 222 13.295291 11.568079
930 222 13.292976 11.565454
940 222 13.290661 11.562829
950 222 13.288557 11.560442
960 222 13.286241 11.557817
970 222 13.283926 11.555192
980 222 13.281611 11.552566
990 222 13.275718 11.549702
1000 222 13.264143 11.546122
1010 222 13.252567 11.542304
1020 222 13.240991 11.538724
1030 222 13.229626 11.535144
1040 222 13.218051 11.531564
1050 222 13.206475 11.527746
1060 222 13.194900 11.524166
1070 222 13.183324 11.520586
1080 222 13.171748 11.517006
1090 222 13.160173 11.513187
1100 222 13.148597 11.509608
1110 222 13.137232 11.506028
1120 222 13.125657 11.502448
1130 222 13.114081 11.498629
1140 222 13.102505 11.495049
1150 222 13.090930 11.491469
1160 222 13.079354 11.487889
1170 222 13.067779 11.484310
1180 222 13.056203 11.480491
1190 222 13.044627 11.476911
1200 222 13.033262 11.473331
1210 222 13.021687 11.469751
1220 222 13.010111 11.465933
1230 222 12.998536 11.462353
1240 222 12.986960 11.458773
1250 222 12.975384 11.455193
1260 222 12.963809 11.451375
1270 222 12.952233 11.447795
1280 222 12.940868 11.444215
1290 222 12.929293 11.440635
1300 222 12.917717 11.436816
1310 222 12.906141 11.433236
1320 222 12.888673 11.383356
1330 222 12.867205 11.302451
1340 222 12.845948 11.221545
1350 222 12.824481 11.140639
1360 222 12.803014 11.059734
1370 222 12.781757 10.978828
1380 222 12.775232 10.797208
1390 222 12.775232 10.572629
1400 222 12.775232 10.348050
1410 222 12.760710 10.144951
1420 222 12.712093 9.991970
1430 222 12.663475 9.838989
1440 222 12.614858 9.686008
1450 222 12.555296 9.544960
1460 222 12.478687 9.422050
1470 222 12.402078 9.299140
1480 222 12.325258 9.177901
1490 222 12.244229 9.074084
1500 222 12.163200 8.970029
1510 222 12.082381 8.865973
1520 222 11.988935 8.769077
1530 222 11.846239 8.700820
1540 222 11.703333 8.632564
1550 222 11.551588 8.584116
1560 222 11.386794 8.564546
1570 222 11.221789 8.545214
1580 222 11.056785 8.525883
1590 222 11.024583 8.505358
1600 222 11.049418 8.484356
1610 222 11.074253 8.463354
1620 222 11.098878 8.442352
1630 222 11.123712 8.421111
1640 222 11.148547 8.400109
1650 222 11.173172 8.379107
1660 222 11.198007 8.358105
1670 222 11.222842 8.336864
1680 222 11.247466 8.315862
1690 222 11.324286 8.278392
1700 222 11.453301 8.224455
1710 222 11.582316 8.170518
1720 222 11.724169 8.118729
1730 222 11.885175 8.069565
1740 222 12.045971 8.020401
1750 222 12.206976 7.971237
1760 222 12.345041 7.881740
1770 222 12.483317 7.792242
1780 222 12.621382 7.702745
1790 222 12.721984 7.640216
1800 222 12.813116 7.584608
1810 222 12.904247 7.529001
1820 222 13.009059 7.460983
1830 222 13.117027 7.390101
1840 222 13.225207 7.319219
1850 222 13.328545 7.252394
1860 222 13.390001 7.222562
1870 222 13.451457 7.192729
1880 222 13.512702 7.162897
1890 222 13.574158 7.133064
1900 222 13.652451 7.057648
1910 222 13.770311 6.876266
1920 222 13.888172 6.694885
1930 222 13.987301 6.349067
1940 222 14.081589 5.962438
1950 222 14.175877 5.575570
1960 222 14.320677 5.156484
1970 222 14.470950 4.733578
1980 222 14.621222 4.310912
1990 222 14.784543 3.882279
2000 222 14.966805 3.444577
2010 222 15.149279 3.007113
2020 222 15.331752 2.569650
720 223 10.455275 12.854694
730 223 10.520099 12.698611
740 223 10.584711 12.542527
750 223 10.649535 12.386444
760 223 10.668897 12.320574
770 223 10.688260 12.254465
780 223 10.707623 12.188595
790 223 10.726986 12.122725
800 223 10.746559 12.056616
810 223 10.765922 11.990746
820 223 10.785285 11.924876
830 223 10.858526 11.850175
840 223 11.013008 11.762826
850 223 11.167279 11.675237
860 223 11.327653 11.590990
870 223 11.497288 11.511278
880 223 11.666712 11.431804
890 223 11.836347 11.352331
900 223 11.989776 11.108420
910 223 12.138996 10.823699
920 223 12.288426 10.538739
930 223 12.399341 10.320843
940 223 12.493630 10.131586
950 223 12.587918 9.942329
960 223 12.644954 9.768823
970 223 12.692309 9.599613
980 223 12.739874 9.430165
990 223 12.821114 9.333746
1000 223 12.916875 9.268592
1010 223 13.012426 9.203677
1020 223 13.108188 9.138522
1030 223 13.186060 9.064061
1040 223 13.222471 8.967642
1050 223 13.258881 8.871223
1060 223 13.295291 8.774805
1070 223 13.331702 8.678386
1080 223 13.368954 8.581729
1090 223 13.413362 8.481253
1100 223 13.457560 8.380778
1110 223 13.501968 8.280302
1120 223 13.558373 8.179110
1130 223 13.643611 8.076964
1140 223 13.728850 7.974579
1150 223 13.814088 7.872432
1160 223 13.906903 7.763842
1170 223 14.068751 7.598451
1180 223 14.230598 7.433298
1190 223 14.369084 7.233540
1200 223 14.483788 6.999176
1210 223 14.598702 6.764812
1220 223 14.713405 6.530687
1230 223 14.828319 6.296323
1240 223 14.943023 6.061959
760 224 10.395503 12.656845
770 224 10.410446 12.577371
780 224 10.425600 12.497898
790 224 10.440543 12.418185
800 224 10.455696 12.338712
810 224 10.505155 12.226303
820 224 10.569558 12.099575
830 224 10.634171 11.972846
840 224 10.698573 11.846356
850 224 10.762975 11.719628
860 224 10.902093 11.684784
870 224 11.059942 11.672851
880 224 11.217790 11.660918
890 224 11.375639 11.648985
900 224 11.553903 11.492663
910 224 11.737218 11.300064
920 224 11.920533 11.107704
930 224 12.046602 10.859737
940 224 12.148257 10.588381
950 224 12.249701 10.316786
960 224 12.306947 10.119176
970 224 12.353039 9.940181
980 224 12.399131 9.761186
990 224 12.477214 9.580282
1000 224 12.576974 9.398184
1010 224 12.676734 9.216087
1020 224 12.776284 9.033989
1030 224 12.906562 8.799864
1040 224 13.044417 8.553090
1050 224 13.182272 8.306077
1060 224 13.317180 8.197964
1070 224 13.451667 8.105125
1080 224 13.586154 8.012287
1090 224 13.714538 7.916584
1100 224 13.828820 7.814438
1110 224 13.943103 7.712053
1120 224 14.057175 7.609906
1130 224 14.204922 7.497498
1140 224 14.360666 7.382464
1150 224 14.516620 7.267668
1160 224 14.672575 7.152634
1170 224 14.828530 7.037839
1180 224 14.984274 6.922805
810 225 11.458352 12.550880
820 225 11.559165 12.462815
830 225 11.659767 12.374511
840 225 11.760369 12.286206
850 225 11.861182 12.198141
860 225 11.964941 12.097427
870 225 12.070174 11.991223
880 225 12.175407 11.885258
890 225 12.278955 11.770463
900 225 12.367140 11.578103
910 225 12.455536 11.385504
920 225 12.543721 11.193145
930 225 12.693151 11.039209
940 225 12.842371 10.885273
950 225 12.991801 10.731338
960 225 13.111345 10.649239
970 225 13.227311 10.575016
980 225 13.343488 10.501031
990 225 13.265405 10.385043
1000 225 13.187112 10.269293
1010 225 13.109030 10.153304
1020 225 13.044417 9.990538
1030 225 12.993274 9.780756
1040 225 12.942341 9.570974
1050 225 12.903405 9.385535
1060 225 12.913297 9.296515
1070 225 12.922979 9.207734
1080 225 12.932871 9.118952
1090 225 12.942552 9.030171
1100 225 12.960231 8.850699
1110 225 12.978962 8.661203
1120 225 12.997483 8.471707
1130 225 12.986329 8.333762
1140 225 12.945288 8.247605
1150 225 12.904458 8.161449
1160 225 12.863417 8.075293
1170 225 12.619067 7.975772
1180 225 12.351776 7.874819
1190 225 12.032290 7.800596
1200 225 11.590314 7.788663
1210 225 11.135288 7.813245
1220 225 10.649535 7.923505
1230 225 10.163781 8.033766
1240 225 9.656560 8.137583
1250 225 9.139868 8.238775
1260 225 8.623387 8.339967
1270 225 8.057867 8.458819
1280 225 7.418895 8.603686
1290 225 6.779923 8.748552
1300 225 6.195251 8.806547
1310 225 5.646568 8.806547
1320 225 5.097675 8.806547
1330 225 4.612343 8.806547
1340 225 4.143006 8.806547
1350 225 3.693663 8.807979
1360 225 3.325349 8.815616
1370 225 2.957035 8.823014
1380 225 2.588721 8.830413
1390 225 2.282073 8.591753
1400 225 1.975426 8.353093
1410 225 1.668778 8.114433
1420 225 1.387596 7.966703
1430 225 1.132092 7.909902
1440 225 0.876377 7.853101
1450 225 0.620872 7.796300
1460 225 0.365367 7.739499
790 226 10.903987 12.606727
800 226 10.980596 12.465679
810 226 11.056995 12.324631
820 226 11.133604 12.183583
830 226 11.210214 12.042535
840 226 11.357118 11.952560
850 226 11.511810 11.868313
860 226 11.666502 11.784066
870 226 11.832769 11.648746
880 226 12.010402 11.462353
890 226 12.187824 11.275960
900 226 12.357038 11.096965
910 226 12.506468 10.935153
920 226 12.655688 10.773581
930 226 12.788491 10.617736
940 226 12.854998 10.485996
950 226 12.921505 10.354017
960 226 12.988012 10.222277
970 226 13.063569 10.073591
980 226 13.152807 9.900086
990 226 13.242044 9.726580
1000 226 13.330650 9.557609
1010 226 13.412521 9.431597
1020 226 13.494391 9.305823
1030 226 13.576262 9.179811
1040 226 13.648241 9.063822
1050 226 13.710539 8.957618
1060 226 13.773047 8.851653
1070 226 13.824611 8.763827
1080 226 13.873650 8.680534
1090 226 13.922477 8.597242
1100 226 13.971516 8.513950
1110 226 14.018239 8.429225
1120 226 14.063068 8.342831
1130 226 14.107897 8.256674
1140 226 14.152726 8.170280
1150 226 14.197345 8.083885
1160 226 14.330780 7.942121
1170 226 14.486313 7.786515
1180 226 14.642058 7.630908
1190 226 14.797591 7.475302
1200 226 14.953125 7.319696
880 227 10.492738 12.443483
890 227 10.221238 12.127736
900 227 9.949528 11.812228
910 227 9.732749 11.522256
920 227 9.597840 11.271425
930 227 9.462932 11.020594
940 227 9.328024 10.769762
950 227 9.144288 10.405567
960 227 8.912145 9.928248
970 227 8.679792 9.450928
980 227 8.582136 8.957141
990 227 8.573928 8.452137
1000 227 8.565930 7.947371
1010 227 8.551408 7.494634
1020 227 8.536886 7.042135
1030 227 8.516050 6.588920
1040 227 8.437125 6.131648
1050 227 8.358201 5.674137
1060 227 8.458172 5.169371
1070 227 8.634963 4.644320
1080 227 8.800178 4.101846
1090 227 8.919511 3.489206
1100 227 9.038845 2.876567
1110 227 9.137343 2.262734
1120 227 9.152917 1.644127
1130 227 9.168492 1.025282
1140 227 9.166176 0.539848
1150 227 9.146182 0.187587
1160 227 9.162178 -0.055608
1170 227 9.232473 -0.135320
890 228 11.142654 12.630354
900 228 10.978071 12.536799
910 228 10.813276 12.443483
920 228 10.541776 12.178094
930 228 10.258490 11.893611
940 228 9.994988 11.642541
950 228 9.777157 11.469751
960 228 9.559536 11.296723
970 228 9.358331 11.116057
980 228 9.181751 10.923698
990 228 9.005171 10.731338
1000 228 8.854478 10.478836
1010 228 8.764399 10.086718
1020 228 8.674109 9.694600
1030 228 8.614126 9.281241
1040 228 8.584030 8.846641
1050 228 8.553933 8.411803
1060 228 8.497739 7.954054
1070 228 8.430390 7.486281
1080 228 8.378195 7.012541
1090 228 8.387035 6.515413
1100 228 8.395874 6.018284
1110 228 8.369566 5.558148
1120 228 8.334418 5.107320
1130 228 8.084596 4.779162
1140 228 7.835616 4.412104
1150 228 7.588740 3.986573
1160 228 7.339129 3.551019
1170 228 7.067208 3.024058
1180 228 6.795287 2.496859
1190 228 6.713837 1.973001
1200 228 6.713837 1.450097
1210 228 6.773609 0.992347
1220 228 6.873370 0.577795
1230 228 6.992914 0.322668
1240 228 7.121087 0.136036
1250 228 7.295142 0.012888
1260 228 7.537808 -0.014797
1270 228 7.780685 -0.042243
1280 228 8.005040 -0.014558
1290 228 8.224556 0.026969
1300 228 8.362831 0.037947
1310 228 8.419657 0.018615
1320 228 8.476693 -0.000716
1330 228 8.533518 -0.020047
970 229 4.564988 -0.164675
980 229 4.680323 -0.056801
990 229 4.795658 0.051073
1000 229 4.910782 0.159186
1010 229 5.026117 0.267060
1020 229 5.222692 0.563714
1030 229 5.473777 0.985904
1040 229 5.724651 1.408093
1050 229 6.024143 1.903789
1060 229 6.323635 2.399486
1070 229 6.619549 2.860576
1080 229 6.910201 3.269639
1090 229 7.228424 3.640755
1100 229 7.611260 3.922612
1110 229 7.983994 4.195639
1120 229 8.268122 4.386567
1130 229 8.555828 4.589905
1140 229 8.875735 4.904936
1150 229 9.195642 5.219967
1160 229 9.467142 5.554330
1170 229 9.706230 5.901341
1180 229 9.905961 6.134511
1190 229 10.046131 6.196324
1200 229 10.186511 6.258137
1210 229 10.325208 6.305631
1220 229 10.463062 6.346680
1230 229 10.600917 6.387968
1240 229 10.838953 6.380092
1250 229 11.102035 6.360284
1260 229 11.448250 6.357420
1270 229 11.919271 6.380092
1280 229 12.368614 6.369591
1290 229 12.767445 6.281765
1300 229 13.154069 6.057186
1310 229 13.522383 5.627598
1320 229 13.866915 5.226650
1330 229 14.175457 4.868660
1340 229 14.484209 4.510670
1350 229 14.674259 4.342176
1360 229 14.686255 4.458165
1370 229 14.698252 4.574154
1380 229 14.710248 4.689904
1390 229 14.787279 4.916392
1400 229 14.871465 5.155052
1410 229 14.955651 5.393711
960 230 3.886449 -0.222192
970 230 3.980737 0.041049
980 230 4.075025 0.304530
990 230 4.169314 0.567772
1000 230 4.375359 0.790203
1010 230 4.609186 1.002371
1020 230 4.837541 1.225041
1030 230 5.016857 1.543413
1040 230 5.196173 1.861546
1050 230 5.434630 2.271803
1060 230 5.762114 2.819766
1070 230 6.089387 3.367728
1080 230 6.403401 3.752925
1090 230 6.711522 4.068195
1100 230 7.019853 4.383703
1110 230 7.339129 4.732385
1120 230 7.659878 5.084647
1130 230 7.976628 5.373187
1140 230 8.295903 5.624495
1150 230 8.620230 5.843108
1160 230 8.944767 6.061959
1170 230 9.155232 6.109691
1180 230 9.365697 6.157423
1190 230 9.602471 6.038093
1200 230 9.865552 5.751701
1210 230 10.168832 5.344786
1220 230 10.512101 4.817109
1230 230 10.919351 4.352200
1240 230 11.368904 3.929295
1250 230 11.887701 3.559134
1260 230 12.509836 3.268685
1270 230 13.125236 3.015228
1280 230 13.678338 3.097088
1290 230 14.231651 3.178949
1300 230 14.784963 3.260809
1150 231 11.301976 12.529639
1160 231 11.131500 12.211506
1170 231 10.961233 11.893134
1180 231 10.802122 11.639916
1190 231 10.644273 11.393857
1200 231 10.486424 11.147561
1210 231 10.281221 10.930619
1220 231 10.055812 10.726087
1230 231 9.830194 10.521556
1240 231 9.585633 10.308433
1250 231 9.338758 10.094594
1260 231 9.092093 9.880516
1270 231 8.823539 9.740661
1280 231 8.554986 9.600806
1290 231 8.279276 9.465009
1300 231 7.937271 9.368113
1310 231 7.595265 9.271217
1320 231 7.253049 9.174321
1330 231 6.905781 9.172889
1340 231 6.557672 9.181958
1350 231 6.210825 9.188402
1360 231 5.867136 9.188402
1370 231 5.523236 9.188402
1380 231 5.183124 9.155467
1390 231 4.851221 9.045206
1400 231 4.519317 8.934946
1410 231 4.188256 8.925877
1420 231 3.857615 8.960005
1430 231 3.526764 8.994133
1440 231 3.273785 8.921342
1450 231 3.029435 8.836618
1460 231 2.784874 8.751894
1470 231 2.519478 8.591753
1480 231 2.249030 8.412758
1490 231 1.978372 8.233763
1500 231 1.697822 8.162165
1510 231 1.417062 8.090567
1520 231 1.136512 8.018969
1530 231 0.858487 7.925176
1540 231 0.580252 7.831383
1550 231 0.302228 7.737589
630 232 0.224145 4.116404
640 232 0.577095 4.177978
650 232 0.930045 4.239791
660 232 1.283206 4.301366
670 232 1.508614 4.333346
680 232 1.679091 4.352677
690 232 1.849778 4.372009
700 232 2.020465 4.391340
710 232 2.053087 4.397068
720 232 2.085709 4.402796
730 232 2.118121 4.408285
740 232 2.150743 4.414013
750 232 2.183365 4.419741
760 232 2.215987 4.425469
770 232 2.248399 4.431197
780 232 2.281021 4.436686
790 232 2.451919 4.451005
800 232 2.715000 4.470814
810 232 3.009651 4.498260
820 232 3.430581 4.555538
830 232 3.851512 4.612817
840 232 4.300434 4.653866
850 232 4.761563 4.687994
860 232 5.182703 4.665799
870 232 5.577325 4.606134
880 232 5.980577 4.543128
890 232 6.418344 4.466757
900 232 6.856111 4.390386
910 232 7.282093 4.331198
920 232 7.703023 4.279170
930 232 8.113430 4.176546
940 232 8.508052 3.997552
950 232 8.902674 3.818557
960 232 9.288457 3.672736
970 232 9.675712 3.510447
980 232 10.067809 3.282766
990 232 10.460116 3.054845
1000 232 10.834323 2.966541
1010 232 11.208530 2.877999
1020 232 11.625672 2.813083
1030 232 12.142995 2.803298
1040 232 12.660318 2.793274
1050 232 12.928661 2.802582
1060 232 13.169012 2.813799
1070 232 13.398630 2.896853
1080 232 13.625090 2.998044
1090 232 13.808826 3.108783
1100 232 13.821033 3.258661
1110 232 13.833030 3.408778
1120 232 13.845026 3.558656
1130 232 13.794936 3.892303
1140 232 13.718537 4.304468
1150 232 13.689282 4.666276
1160 232 13.707593 4.977727
1170 232 13.732848 5.319727
1180 232 13.785465 5.785114
1190 232 13.802302 6.220429
1200 232 13.676023 6.535460
1210 232 13.549744 6.850491
1220 232 13.230047 7.148338
1230 232 12.827428 7.439026
1240 232 12.414284 7.705132
1250 232 11.985146 7.934484
1260 232 11.556218 8.164074
1270 232 11.148968 8.348797
1280 232 10.747190 8.522303
1290 232 10.375930 8.675284
1300 232 10.025085 8.814422
1310 232 9.729171 8.933752
1320 232 9.651930 8.973608
1330 232 9.574689 9.013465
1340 232 9.508182 9.049264
1350 232 9.483979 9.069550
1360 232 9.459775 9.089836
1370 232 9.435572 9.110122
1380 232 9.411158 9.130169
1390 232 9.386954 9.150455
1400 232 9.362751 9.170741
1410 232 9.338547 9.191028
1420 232 9.314344 9.211314
1430 232 9.290140 9.231600
1440 232 9.265726 9.251647
1450 232 9.241523 9.271933
1460 232 9.217319 9.292219
1470 232 9.193116 9.312505
1480 232 9.168913 9.332791
1490 232 9.144709 9.353078
1500 232 9.120506 9.373364
1510 232 8.947503 9.414174
1520 232 8.710730 9.463816
1530 232 8.475219 9.496273
1540 232 8.243076 9.487920
1550 232 8.010723 9.479806
1560 232 7.769109 9.433983
1570 232 7.513604 9.331598
1580 232 7.258100 9.229213
1590 232 7.021537 9.143773
1600 232 6.798023 9.069072
1610 232 6.574299 8.994611
1620 232 6.436444 8.951413
1630 232 6.426763 8.955948
1640 232 6.417081 8.960244
1650 232 6.407610 8.964539
1660 232 6.397929 8.968835
1670 232 6.388247 8.973370
1680 232 6.378566 8.977666
1690 232 6.369095 8.981962
1700 232 6.359414 8.986496
1710 232 6.349732 8.990792
1720 232 6.340051 8.995088
1730 232 6.330580 8.999622
1740 232 6.320899 9.003918
1750 232 6.311217 9.008214
1760 232 6.301536 9.012510
1770 232 6.292065 9.017045
1780 232 6.282384 9.021340
1790 232 6.272702 9.025636
1800 232 6.263231 9.030171
1810 232 6.253550 9.034467
1820 232 6.243868 9.038763
1830 232 6.234187 9.043058
1840 232 6.224716 9.047593
1850 232 6.215035 9.051889
1860 232 6.205353 9.056185
1870 232 6.195672 9.060719
1880 232 6.186201 9.065015
1890 232 6.176520 9.069311
1900 232 6.166838 9.073846
1910 232 6.157157 9.078141
1920 232 6.147686 9.082437
1930 232 6.138004 9.086733
1940 232 6.128323 9.091268
1950 232 6.142424 9.084824
1960 232 6.171889 9.071459
1970 232 6.201565 9.058094
1980 232 6.231241 9.044490
1990 232 6.260916 9.031125
2000 232 6.290592 9.017761
2010 232 6.320267 9.004157
2020 232 6.356046 8.971222
2030 232 6.398139 8.918717
2040 232 6.440232 8.866212
2050 232 6.482325 8.813706
2060 232 6.524418 8.761201
2070 232 6.679110 8.652372
2080 232 6.946190 8.487220
2090 232 7.213271 8.321829
2100 232 7.481614 8.186747
2110 232 7.750167 8.055246
2120 232 8.018721 7.923505
2130 232 8.307058 7.923505
2140 232 8.595606 7.923505
2150 232 8.854057 7.896298
2160 232 9.042844 7.805846
2170 232 9.231421 7.715394
2180 232 9.416840 7.660980
2190 232 9.597209 7.660980
2200 232 9.777578 7.660980
2210 232 9.957946 7.660980
2220 232 9.982992 7.663366
2230 232 9.990779 7.665991
2240 232 9.998566 7.668617
2250 232 10.006353 7.671242
2260 232 10.014140 7.673867
2270 232 10.022138 7.676731
2280 232 10.029925 7.679356
2290 232 10.037712 7.681982
2300 232 10.045500 7.684607
2310 232 10.053287 7.687232
2320 232 10.061074 7.689857
2330 232 10.068861 7.692483
2340 232 10.076649 7.695108
2350 232 10.084436 7.697733
2360 232 10.092223 7.700597
2370 232 10.100010 7.703222
2380 232 10.107797 7.705848
2390 232 10.115585 7.708473
2400 232 10.123372 7.711098
2410 232 10.131159 7.713723
2420 232 10.138946 7.716349
2430 232 10.146733 7.718974
2440 232 10.154521 7.721599
2450 232 10.162308 7.724463
2460 232 10.170095 7.727088
2470 232 10.177882 7.729714
2480 232 10.185669 7.732339
2490 232 10.396135 7.801550
2500 232 10.629330 7.878399
2510 232 10.862736 7.941882
2520 232 11.101403 7.886036
2530 232 11.339860 7.830428
2540 232 11.561059 7.779593
2550 232 11.626303 7.771240
2560 232 11.691758 7.763126
2570 232 11.764368 7.762649
2580 232 11.866233 7.793436
2590 232 11.968098 7.824223
2600 232 12.060282 7.851907
2610 232 12.067017 7.853101
2620 232 12.073752 7.854294
2630 232 12.080487 7.855487
2640 232 12.087222 7.856681
2650 232 12.093957 7.857874
2660 232 12.100481 7.859067
2670 232 12.107216 7.860261
2680 232 12.113951 7.861454
2690 232 12.120686 7.862647
2700 232 12.127421 7.863840
2710 232 12.134155 7.864795
2720 232 12.140890 7.865988
2730 232 12.147415 7.867182
2740 232 12.154150 7.868375
2750 232 12.160884 7.869568
2760 232 12.167619 7.870762
2770 232 12.174354 7.871955
2780 232 12.181089 7.873148
2790 232 12.187824 7.874341
2800 232 12.194348 7.875535
2810 232 12.201083 7.876489
2820 232 12.207818 7.877683
2830 232 12.214553 7.878876
2840 232 12.221288 7.880069
2850 232 12.228023 7.881263
2860 232 12.234758 7.882456
2870 232 12.241282 7.883649
2880 232 12.248017 7.884842
2890 232 12.254752 7.886036
2900 232 12.261487 7.887229
2910 232 12.268222 7.888184
2920 232 12.274957 7.889377
2930 232 12.281691 7.890570
2940 232 12.288426 7.891764
2950 232 12.294951 7.892957
2960 232 12.301686 7.894150
2970 232 12.308421 7.895343
2980 232 12.315155 7.896537
2990 232 12.321890 7.897730
3000 232 12.328625 7.898923
3010 232 12.335360 7.899878
3020 232 12.341884 7.901071
3030 232 12.348619 7.902265
3040 232 12.355354 7.903458
3050 232 12.362089 7.904651
3060 232 12.368824 7.905845
3070 232 12.375559 7.907038
3080 232 12.382294 7.908231
3090 232 12.388818 7.909424
3100 232 12.395553 7.910618
3110 232 12.402288 7.911572
3120 232 12.409023 7.912766
3130 232 12.415758 7.913959
3140 232 12.422493 7.915152
3150 232 12.429228 7.916346
3160 232 12.435962 7.917539
3170 232 12.442487 7.918732
3180 232 12.449222 7.919925
3190 232 12.455957 7.921119
3200 232 12.462691 7.922312
3210 232 12.469426 7.923505
3220 232 12.476161 7.924460
3230 232 12.482896 7.925653
3240 232 12.489421 7.926847
3250 232 12.496155 7.928040
3260 232 12.502890 7.929233
3270 232 12.509625 7.930426
3280 232 12.516360 7.931620
3290 232 12.523095 7.932813
3300 232 12.529830 7.934006
3310 232 12.536354 7.935200
3320 232 12.543089 7.936154
3330 232 12.549824 7.937348
3340 232 12.556559 7.938541
3350 232 12.563294 7.939734
3360 232 12.570029 7.940928
3370 232 12.576764 7.942121
3380 232 12.583288 7.943314
3390 232 12.590023 7.944507
3400 232 12.596758 7.945701
3410 232 12.603493 7.946894
3420 232 12.690415 7.918493
3430 232 12.857314 7.860976
3440 232 13.024212 7.803459
3450 232 13.297607 7.695585
3460 232 13.641927 7.554776
3470 232 13.962255 7.412773
3480 232 14.246383 7.269577
3490 232 14.545454 7.163613
3500 232 14.866624 7.113255
3510 232 15.187794 7.063137
640 233 0.424298 3.449111
650 233 0.757043 3.510686
660 233 1.089578 3.572260
670 233 1.413273 3.630493
680 233 1.656150 3.657939
690 233 1.899027 3.685385
700 233 2.213462 3.704239
710 233 2.599244 3.714024
720 233 2.984816 3.726434
730 233 3.367442 3.758892
740 233 3.750067 3.791350
750 233 4.176259 3.794691
760 233 4.607081 3.794691
770 233 4.728309 3.794691
780 233 4.771665 3.794691
790 233 4.815231 3.794691
800 233 4.854378 3.801851
810 233 4.892893 3.809726
820 233 4.931618 3.817841
830 233 4.970134 3.825717
840 233 5.008649 3.833592
850 233 5.047374 3.841707
860 233 5.281832 3.870346
870 233 5.537968 3.901610
880 233 5.871977 3.872255
890 233 6.257759 3.802567
900 233 6.659116 3.730253
910 233 7.122139 3.646722
920 233 7.567694 3.561282
930 233 7.942743 3.467727
940 233 8.318002 3.374411
950 233 8.649064 3.193268
960 233 8.975285 3.002340
970 233 9.378536 2.796377
980 233 9.790206 2.588982
990 233 10.159361 2.396860
1000 233 10.500104 2.215002
1010 233 10.907354 2.088273
1020 233 11.380901 2.016675
1030 233 11.893383 1.941020
1040 233 12.444591 1.861546
1050 233 12.948024 1.748422
1060 233 13.380109 1.585178
1070 233 13.830715 1.494488
1080 233 14.300262 1.476111
1090 233 14.769810 1.457734
1100 233 14.872517 1.670619
1110 233 14.934394 1.909278
1120 233 14.996270 2.147938
1130 233 14.960281 2.538386
1140 233 14.826215 3.080859
1150 233 14.707302 3.577988
1160 233 14.623116 3.969390
1170 233 14.538930 4.360792
1180 233 14.422332 4.785606
1190 233 14.297526 5.218774
1200 233 14.170616 5.645736
1210 233 14.022448 6.016852
1220 233 13.874281 6.388207
1230 233 13.690334 6.673167
1240 233 13.452298 6.828773
1250 233 13.202687 6.994641
1260 233 12.846369 7.251678
1270 233 12.490262 7.508715
1280 233 12.131209 7.732578
1290 233 11.769209 7.923505
1300 233 11.407209 8.114433
1310 233 10.977439 8.313237
1320 233 10.547880 8.512279
1330 233 10.154942 8.609652
1340 233 9.786628 8.639485
1350 233 9.441044 8.687217
1360 233 9.186802 8.806547
1370 233 8.932560 8.925877
1380 233 8.847953 8.987928
1390 233 8.805860 9.035660
1400 233 8.763767 9.083392
1410 233 8.759347 9.099860
1420 233 8.764399 9.108451
1430 233 8.769450 9.117043
1440 233 8.774711 9.125635
1450 233 8.779763 9.134227
1460 233 8.784814 9.143057
1470 233 8.789865 9.151649
1480 233 8.794916 9.160240
1490 233 8.780604 9.161911
1500 233 8.747140 9.156899
1510 233 8.713466 9.151887
1520 233 8.679792 9.146875
1530 233 8.646328 9.141625
1540 233 8.612653 9.136613
1550 233 8.579189 9.131601
1560 233 8.545515 9.126351
1570 233 8.512051 9.121339
1580 233 8.473536 9.107974
1590 233 8.391454 9.020863
1600 233 8.309163 8.933514
1610 233 8.227081 8.846164
1620 233 8.145000 8.758815
1630 233 8.055973 8.813945
1640 233 7.966946 8.869075
1650 233 7.877920 8.923967
1660 233 7.788893 8.979098
1670 233 7.699866 9.034228
1680 233 7.638831 9.012033
1690 233 7.584952 8.970745
1700 233 7.531073 8.929218
1710 233 7.476983 8.887691
1720 233 7.423104 8.846403
1730 233 7.369225 8.804876
1740 233 7.315346 8.763588
1750 233 7.261467 8.722061
1760 233 7.207378 8.680773
1770 233 7.153499 8.639246
1780 233 7.099620 8.597958
1790 233 7.045740 8.556431
1800 233 6.913147 8.438533
1810 233 6.747090 8.287700
1820 233 6.539151 8.286030
1830 233 6.320899 8.321351
1840 233 6.123693 8.354525
1850 233 6.116327 8.367890
1860 233 6.108960 8.381494
1870 233 6.101384 8.395097
1880 233 6.094017 8.408701
1890 233 6.086441 8.422066
1900 233 6.079074 8.435669
1910 233 6.071497 8.449273
1920 233 6.064131 8.462876
1930 233 6.056554 8.476241
1940 233 6.049188 8.489845
1950 233 6.041611 8.503449
1960 233 6.034245 8.517052
1970 233 6.026668 8.530417
1980 233 6.019302 8.544021
1990 233 6.062027 8.519916
2000 233 6.104541 8.495573
2010 233 6.147265 8.471468
2020 233 6.189779 8.447364
2030 233 6.232503 8.423259
2040 233 6.275017 8.398916
2050 233 6.317742 8.374811
2060 233 6.380250 8.331136
2070 233 6.623127 8.110853
2080 233 6.866003 7.890570
2090 233 7.205904 7.729714
2100 233 7.643040 7.628760
2110 233 8.080176 7.527807
2120 233 8.451858 7.501316
2130 233 8.815963 7.482939
2140 233 9.115244 7.472438
2150 233 9.262569 7.480314
2160 233 9.409895 7.488429
2170 233 9.572164 7.462653
2180 233 9.769580 7.358120
2190 233 9.966786 7.253826
2200 233 10.154310 7.160510
2210 233 10.253018 7.167908
2220 233 10.351516 7.175546
2230 233 10.450224 7.182944
2240 233 10.461589 7.203707
2250 233 10.463273 7.225903
2260 233 10.464746 7.248098
2270 233 10.466430 7.270293
2280 233 10.468114 7.292489
2290 233 10.469797 7.314684
2300 233 10.471271 7.336880
2310 233 10.472954 7.359075
2320 233 10.474638 7.381270
2330 233 10.476322 7.403466
2340 233 10.477795 7.425661
2350 233 10.479479 7.447856
2360 233 10.481162 7.470052
2370 233 10.503682 7.465756
2380 233 10.526202 7.461460
2390 233 10.548722 7.457164
2400 233 10.571452 7.453107
2410 233 10.593972 7.448811
2420 233 10.616492 7.444515
2430 233 10.639011 7.440219
2440 233 10.661531 7.435923
2450 233 10.684051 7.431628
2460 233 10.706571 7.427332
2470 233 10.729301 7.423274
2480 233 10.776655 7.397976
2490 233 10.830535 7.367428
2500 233 10.884203 7.337118
2510 233 10.937872 7.306570
2520 233 11.012587 7.276260
2530 233 11.275668 7.246427
2540 233 11.538750 7.216595
2550 233 11.814038 7.235449
2560 233 12.094798 7.275067
2570 233 12.330940 7.321605
2580 233 12.463533 7.383418
2590 233 12.595916 7.445231
2600 233 12.651058 7.470052
2610 233 12.654425 7.470052
2620 233 12.658003 7.470052
2630 233 12.661581 7.470052
2640 233 12.664948 7.470052
2650 233 12.668526 7.470052
2660 233 12.671894 7.470052
2670 233 12.675472 7.470052
2680 233 12.678839 7.470052
2690 233 12.682417 7.470052
2700 233 12.685784 7.470052
2710 233 12.689362 7.470052
2720 233 12.692730 7.470052
2730 233 12.696308 7.470052
2740 233 12.699675 7.470052
2750 233 12.703253 7.470052
2760 233 12.706621 7.470052
2770 233 12.710198 7.470052
2780 233 12.713566 7.470052
2790 233 12.717144 7.470052
2800 233 12.720511 7.470052
2810 233 12.724089 7.470052
2820 233 12.727667 7.470052
2830 233 12.731034 7.470052
2840 233 12.734612 7.470052
2850 233 12.737980 7.470052
2860 233 12.741558 7.470052
2870 233 12.744925 7.470052
2880 233 12.748503 7.470052
2890 233 12.751871 7.470052
2900 233 12.755448 7.470052
2910 233 12.758816 7.470052
2920 233 12.762394 7.470052
2930 233 12.765761 7.470052
2940 233 12.769339 7.470052
2950 233 12.772707 7.470052
2960 233 12.780704 7.475541
2970 233 12.798804 7.493440
2980 233 12.816904 7.511340
2990 233 12.835004 7.529239
3000 233 12.853104 7.547378
3010 233 12.871204 7.565277
3020 233 12.889304 7.583176
3030 233 12.907404 7.601076
3040 233 12.925504 7.619214
3050 233 12.943604 7.637114
3060 233 12.961704 7.655013
3070 233 12.979804 7.673151
3080 233 12.997904 7.691051
3090 233 13.016004 7.708950
3100 233 13.034104 7.726850
3110 233 13.052204 7.744988
3120 233 13.070304 7.762887
3130 233 13.088404 7.780787
3140 233 13.106504 7.798686
3150 233 13.167329 7.866943
3160 233 13.246253 7.956440
3170 233 13.325177 8.045938
3180 233 13.365587 8.093192
3190 233 13.367902 8.098204
3200 233 13.370217 8.103216
3210 233 13.372322 8.108467
3220 233 13.374637 8.113479
3230 233 13.376952 8.118729
3240 233 13.379267 8.123741
3250 233 13.381372 8.128753
3260 233 13.383687 8.134003
3270 233 13.386002 8.139015
3280 233 13.388107 8.144266
3290 233 13.390422 8.149278
3300 233 13.392737 8.154289
3310 233 13.394841 8.159540
3320 233 13.397157 8.164552
3330 233 13.399472 8.169802
3340 233 13.401576 8.174814
3350 233 13.403891 8.179826
3360 233 13.406207 8.185076
3370 233 13.425990 8.187940
3380 233 13.450404 8.190088
3390 233 13.474608 8.192475
3400 233 13.498811 8.194862
3410 233 13.523225 8.197009
3420 233 13.547429 8.199396
3430 233 13.571843 8.201544
3440 233 13.596046 8.203931
3450 233 13.620250 8.206317
3460 233 13.644664 8.208465
3470 233 13.783150 8.129469
3480 233 14.093375 7.928517
3490 233 14.389920 7.749761
3500 233 14.672996 7.593439
3510 233 14.956072 7.437117
780 234 0.148378 3.981800
790 234 0.768829 3.780849
800 234 1.389070 3.579897
810 234 1.708977 3.513072
820 234 2.028884 3.446248
830 234 2.423506 3.440281
840 234 2.893053 3.495411
850 234 3.362601 3.550542
860 234 3.860562 3.433360
870 234 4.361679 3.296846
880 234 5.011385 3.189211
890 234 5.698132 3.088735
900 234 6.208721 3.126443
910 234 6.689002 3.174175
920 234 7.071628 3.174175
930 234 7.454253 3.174175
940 234 7.985046 2.973701
950 234 8.552671 2.644112
960 234 9.150813 2.154143
970 234 9.831457 1.730284
980 234 10.594393 1.372294
990 234 11.090038 1.075640
1000 234 11.681866 0.930773
1010 234 12.399341 0.930773
1020 234 13.116607 0.933398
1030 234 13.833872 0.942229
1040 234 14.550926 0.951059
750 235 1.322773 13.487143
760 235 1.622476 13.263041
770 235 1.922178 13.038701
780 235 2.222091 12.814599
790 235 2.570200 12.534413
800 235 2.923781 12.248021
810 235 3.321139 11.973085
820 235 3.784163 11.715332
830 235 4.247186 11.457580
840 235 4.713577 11.291711
850 235 5.180178 11.136105
860 235 5.569749 10.986943
870 235 5.907966 10.842076
880 235 6.246394 10.696971
890 235 6.724781 10.545899
900 235 7.238316 10.393157
910 235 7.698182 10.234210
920 235 8.033032 10.060704
930 235 8.370408 9.875504
940 235 8.729882 9.587203
950 235 9.089567 9.298902
960 235 9.562061 9.180527
970 235 10.083383 9.134942
980 235 10.499683 9.024204
990 235 10.846319 8.869791
1000 235 11.269775 8.571705
1010 235 11.701860 8.257629
1020 235 12.122790 8.053098
1030 235 12.543721 7.848566
1040 235 13.014110 7.622555
1050 235 13.489972 7.394397
1060 235 13.957204 7.279840
1070 235 14.418965 7.241416
1080 235 14.880515 7.202991
1090 235 15.342275 7.164329
1690 236 14.994166 9.478135
1700 236 14.603332 9.410117
1710 236 14.212498 9.341861
1720 236 13.823980 9.322768
1730 236 13.438197 9.352600
1740 236 13.054940 9.370500
1750 236 12.695466 9.281002
1760 236 12.335991 9.191505
1770 236 11.927268 9.122771
1780 236 11.497498 9.063106
1790 236 11.072990 8.993895
1800 236 10.660058 8.902011
1810 236 10.247125 8.810127
1820 236 9.987832 8.775998
1830 236 9.794204 8.766452
1840 236 9.614046 8.772180
1850 236 9.487767 8.839004
1860 236 9.361488 8.905829
1870 236 9.102616 8.925877
1880 236 8.786918 8.925877
1890 236 8.442597 8.860722
1900 236 8.069443 8.730653
1910 236 7.681977 8.591753
1920 236 7.261046 8.432567
1930 236 6.836538 8.278392
1940 236 6.397297 8.143550
1950 236 5.958057 8.008707
1960 236 5.553332 8.056439
1970 236 5.152396 8.124696
1980 236 4.752302 8.291041
1990 236 4.352418 8.481969
2000 236 3.966846 8.506074
2010 236 3.584852 8.488413
2020 236 3.210856 8.466218
2030 236 2.906734 8.404405
2040 236 2.602822 8.342592
2050 236 2.311117 8.301781
2060 236 2.038355 8.292951
2070 236 1.765592 8.284120
2080 236 1.454103 8.258106
2090 236 1.126199 8.224933
2100 236 0.798294 8.191520
2110 236 0.470390 8.158347
2120 236 0.142485 8.124934
1660 237 14.727296 10.083377
1670 237 14.380029 10.202706
1680 237 14.174615 10.234687
1690 237 14.111054 10.179079
1700 237 14.047283 10.123710
1710 237 13.983723 10.068102
1720 237 13.864389 9.996982
1730 237 13.522383 9.862616
1740 237 13.146282 9.763811
1750 237 12.747451 9.688395
1760 237 12.286743 9.612978
1770 237 11.799305 9.537562
1780 237 11.445303 9.486250
1790 237 11.124554 9.440666
1800 237 10.793914 9.419425
1810 237 10.459064 9.408685
1820 237 10.212819 9.423005
1830 237 10.054971 9.462861
1840 237 9.885336 9.500331
1850 237 9.609626 9.516798
1860 237 9.333707 9.533266
1870 237 9.039476 9.528493
1880 237 8.671163 9.438995
1890 237 8.302849 9.349498
1900 237 7.850349 9.363340
1910 237 7.376802 9.403196
1920 237 6.934825 9.431119
1930 237 6.540203 9.440904
1940 237 6.145581 9.450928
1950 237 5.782108 9.418470
1960 237 5.418424 9.385774
1970 237 5.116196 9.396752
1980 237 4.829122 9.418470
1990 237 4.456178 9.387922
2000 237 4.025566 9.323006
2010 237 3.639152 9.254750
2020 237 3.319035 9.182197
2030 237 3.003969 9.110361
2040 237 2.736046 9.045206
2050 237 2.468124 8.980052
2060 237 2.200413 8.915137
2070 237 2.007416 8.862393
2080 237 1.833151 8.813229
2090 237 1.659096 8.763827
2100 237 1.513244 8.731130
2110 237 1.370759 8.700343
2120 237 1.228064 8.669556
2130 237 1.129987 8.676477
2140 237 1.042855 8.692945
2150 237 0.955722 8.709412
2160 237 0.786508 8.636382
2170 237 0.608034 8.553329
2180 237 0.429559 8.470275
2190 237 0.251085 8.387221
2200 237 0.072821 8.304406
1760 238 15.055201 1.189242
1770 238 14.189979 1.520740
1780 238 13.324757 1.852239
1790 238 12.613174 2.293521
1800 238 11.918639 2.746974
1810 238 11.416259 3.252694
1820 238 10.935136 3.763904
1830 238 10.378245 4.278216
1840 238 9.802202 4.793243
1850 238 9.418314 5.393711
1860 238 9.042633 5.989168
1870 238 8.548040 6.454554
1880 238 8.059761 6.909917
1890 238 7.627677 7.274112
1900 238 7.230950 7.625658
1910 238 6.974603 7.926608
1920 238 6.718467 8.227558
1930 238 6.577035 8.484356
1940 238 6.462963 8.712276
1950 238 6.480010 8.725164
1960 238 6.497058 8.738290
1970 238 6.514106 8.751178
1980 238 6.542097 8.765974
1990 238 6.586295 8.783635
2000 238 6.630493 8.801296
2010 238 6.674690 8.818957
2020 238 6.718678 8.836618
2030 238 6.762875 8.854279
2040 238 6.807073 8.871939
2050 238 6.851271 8.889600
2060 238 6.909990 8.906306
2070 238 7.003016 8.920149
2080 238 7.095831 8.934230
2090 238 7.188646 8.948311
2100 238 7.447518 8.793420
2110 238 7.725122 8.619915
2120 238 8.049238 8.529940
2130 238 8.393770 8.475764
2140 238 8.699575 8.430180
2150 238 8.966656 8.393426
2160 238 9.233736 8.356673
2170 238 9.576162 8.271233
2180 238 9.927008 8.180303
2190 238 10.024243 8.154051
2200 238 10.058128 8.144027
2210 238 10.092012 8.133765
2220 238 10.125897 8.123741
2230 238 10.159782 8.113717
2240 238 10.193667 8.103455
2250 238 10.227552 8.093431
2260 238 10.261437 8.083169
2270 238 10.295322 8.073145
2280 238 10.329207 8.063121
2290 238 10.363092 8.052859
2300 238 10.396976 8.042835
2310 238 10.410657 8.048086
2320 238 10.424126 8.053098
2330 238 10.437807 8.058348
2340 238 10.451276 8.063360
2350 238 10.464957 8.068611
2360 238 10.478426 8.073622
2370 238 10.492107 8.078873
2380 238 10.505576 8.083885
2390 238 10.519257 8.089135
2400 238 10.532726 8.094147
2410 238 10.546407 8.099398
2420 238 10.559876 8.104409
2430 238 10.573557 8.109660
2440 238 10.587026 8.114672
2450 238 10.600707 8.119922
2460 238 10.614176 8.124934
2470 238 10.627857 8.130185
2480 238 10.641326 8.135197
2490 238 10.720461 8.183406
2500 238 10.897673 8.296531
2510 238 11.050260 8.358344
2520 238 11.178433 8.368606
2530 238 11.316288 8.380778
2540 238 11.493079 8.399870
2550 238 11.669869 8.418963
2560 238 11.755950 8.428032
2570 238 11.803304 8.433044
2580 238 11.850448 8.437817
2590 238 11.897803 8.442829
2600 238 11.944947 8.447602
2610 238 12.107426 8.422543
2620 238 12.298739 8.390085
2630 238 12.377874 8.377914
2640 238 12.381873 8.379584
2650 238 12.385872 8.381255
2660 238 12.389871 8.382925
2670 238 12.393869 8.384596
2680 238 12.398079 8.386267
2690 238 12.402078 8.387937
2700 238 12.406076 8.389608
2710 238 12.410075 8.391279
2720 238 12.414074 8.392949
2730 238 12.418073 8.394620
2740 238 12.422282 8.396290
2750 238 12.426281 8.397961
2760 238 12.430280 8.399632
2770 238 12.434279 8.401302
2780 238 12.438278 8.402973
2790 238 12.442487 8.404644
2800 238 12.446486 8.406314
2810 238 12.450484 8.407985
2820 238 12.454483 8.409655
2830 238 12.458482 8.411326
2840 238 12.462691 8.412997
2850 238 12.466690 8.414667
2860 238 12.470689 8.416338
2870 238 12.474688 8.418008
2880 238 12.478687 8.419679
2890 238 12.482896 8.421350
2900 238 12.486895 8.423020
2910 238 12.490894 8.424691
2920 238 12.494893 8.426362
2930 238 12.498891 8.428032
2940 238 12.503101 8.429703
2950 238 12.507100 8.431373
2960 238 12.511098 8.433044
2970 238 12.515097 8.434715
2980 238 12.519096 8.436385
2990 238 12.523305 8.437817
3000 238 12.527304 8.439488
3010 238 12.531303 8.441158
3020 238 12.535302 8.442829
3030 238 12.539301 8.444500
3040 238 12.543510 8.446170
3050 238 12.547509 8.447841
3060 238 12.551508 8.449512
3070 238 12.555507 8.451182
3080 238 12.559505 8.452853
3090 238 12.563715 8.454523
3100 238 12.567714 8.456194
3110 238 12.571712 8.457865
3120 238 12.575711 8.459535
3130 238 12.579710 8.461206
3140 238 12.583919 8.462876
3150 238 12.587918 8.464547
3160 238 12.591917 8.466218
3170 238 12.595916 8.467888
3180 238 12.599915 8.469559
3190 238 12.604124 8.471230
3200 238 12.607491 8.470514
3210 238 12.610017 8.464308
3220 238 12.612332 8.457865
3230 238 12.614858 8.451659
3240 238 12.617173 8.445216
3250 238 12.619488 8.438772
3260 238 12.622014 8.432567
3270 238 12.624329 8.426123
3280 238 12.626644 8.419918
3290 238 12.629169 8.413474
3300 238 12.631484 8.407269
3310 238 12.633800 8.400825
3320 238 12.636325 8.394620
3330 238 12.638640 8.388176
3340 238 12.641166 8.381971
3350 238 12.643481 8.375527
3360 238 12.645796 8.369322
3370 238 12.648322 8.362878
3380 238 12.650637 8.356673
3390 238 12.652952 8.350229
3400 238 12.655478 8.344024
3410 238 12.657793 8.337580
3420 238 12.660108 8.331375
3430 238 12.662633 8.324931
3440 238 12.664948 8.318726
3450 238 12.667474 8.312282
3460 238 12.669789 8.306077
3470 238 12.917717 8.255720
3480 238 13.240991 8.090567
3490 238 13.596046 7.851907
3500 238 13.873018 7.726372
3510 238 14.165354 7.592007
3520 238 14.597439 7.378406
3530 238 15.029524 7.164806
1790 239 14.801169 1.809996
1800 239 14.114422 1.847704
1810 239 13.427674 1.885412
1820 239 12.768918 2.020255
1830 239 12.109952 2.155098
1840 239 11.396686 2.397576
1850 239 10.660058 2.685877
1860 239 9.968259 2.962245
1870 239 9.380640 3.210929
1880 239 8.793022 3.459612
1890 239 8.156996 3.648154
1900 239 7.515709 3.830012
1910 239 6.831066 3.874642
1920 239 6.135479 3.884904
1930 239 5.461991 3.878699
1940 239 4.810601 3.856026
1950 239 4.176470 3.810681
1960 239 3.568646 3.730969
1970 239 3.003969 3.614503
1980 239 2.468124 3.473693
1990 239 1.912076 3.345533
2000 239 1.325299 3.237182
2010 239 0.738522 3.128591
2020 239 0.151745 3.020240
1820 240 1.012127 13.580220
1830 240 1.241323 13.346811
1840 240 1.470520 13.113640
1850 240 1.699716 12.880231
1860 240 1.928702 12.646821
1870 240 2.176209 12.458042
1880 240 2.435713 12.298855
1890 240 2.695427 12.139908
1900 240 2.996813 12.013896
1910 240 3.326191 11.910079
1920 240 3.647150 11.834185
1930 240 3.947694 11.822729
1940 240 4.238346 11.797670
1950 240 4.489010 11.718196
1960 240 4.730624 11.638961
1970 240 4.893735 11.561874
1980 240 5.056635 11.485026
1990 240 5.219535 11.407938
2000 240 5.364124 11.296007
2010 240 5.508924 11.184314
2020 240 5.653514 11.072383
1820 241 1.917127 13.583561
1830 241 2.146323 13.381894
1840 241 2.375520 13.180465
1850 241 2.604716 12.978797
1860 241 2.833702 12.777368
1870 241 3.040800 12.559711
1880 241 3.232955 12.331552
1890 241 3.447839 12.139192
1900 241 3.715762 12.030602
1910 241 3.983684 11.925353
1920 241 4.253079 11.848982
1930 241 4.522474 11.772611
1940 241 4.756511 11.622732
1950 241 4.966977 11.423929
1960 241 5.177442 11.224886
1970 241 5.411900 11.084077
1980 241 5.662564 10.981692
1990 241 5.862506 10.933721
2000 241 6.012146 10.939927
2010 241 6.161577 10.946370
2020 241 6.311217 10.952576
1910 242 0.346426 4.112824
1920 242 0.618136 4.033351
1930 242 0.899738 3.963423
1940 242 1.268052 3.980607
1950 242 1.636366 3.997552
1960 242 2.027410 4.014735
1970 242 2.471702 4.032396
1980 242 2.916205 4.050057
1990 242 3.403010 3.978220
2000 242 3.918229 3.846480
2010 242 4.433658 3.714978
2020 242 4.965293 3.581806
2030 242 5.504084 3.448157
2040 242 6.051503 3.344340
2050 242 6.633860 3.360330
2060 242 7.216217 3.376320
2070 242 7.795838 3.397800
2080 242 8.364725 3.441952
2090 242 8.933823 3.486104
2100 242 9.505657 3.503765
2110 242 10.080437 3.494457
2120 242 10.655217 3.485388
2130 242 11.148337 3.484433
2140 242 11.632407 3.484433
2150 242 12.116476 3.484433
2160 242 12.619488 3.535984
2170 242 13.124604 3.593262
2180 242 13.614777 3.688726
2190 242 14.082431 3.840991
2200 242 14.550084 3.993494
2210 242 15.017948 4.145998
1980 243 0.204783 7.100845
1990 243 0.443450 7.156691
2000 243 0.681907 7.212299
2010 243 0.920364 7.267907
2020 243 1.112519 7.313252
2030 243 1.292887 7.355734
2040 243 1.473256 7.398454
2050 243 1.651309 7.425900
2060 243 1.829363 7.453584
2070 243 2.047615 7.493918
2080 243 2.325639 7.553583
2090 243 2.603664 7.613248
2100 243 2.813919 7.649524
2110 243 2.978502 7.670287
2120 243 3.164764 7.680311
2130 243 3.401537 7.665514
2140 243 3.750909 7.716587
2150 243 4.148478 7.796300
2160 243 4.546046 7.875773
2170 243 4.926567 7.949281
2180 243 5.306878 8.022549
2190 243 5.673929 8.100352
2200 243 6.020565 8.184599
2210 243 6.367201 8.268846
2220 243 6.713837 8.353093
2230 243 7.095831 8.441397
2240 243 7.477825 8.529940
2250 243 7.810360 8.616335
2260 243 8.028192 8.698672
2270 243 8.245813 8.781010
2280 243 8.428286 8.874565
2290 243 8.557932 8.984587
2300 243 8.687368 9.094848
2310 243 8.843533 9.135181
2320 243 9.006644 9.158331
2330 243 9.169544 9.181481
2340 243 9.324446 9.168355
2350 243 9.475981 9.139716
2360 243 9.635724 9.120862
2370 243 9.827879 9.141625
2380 243 10.020033 9.162388
2390 243 10.205032 9.164536
2400 243 10.389189 9.164536
2410 243 10.606810 9.183868
2420 243 10.857895 9.222292
2430 243 11.109190 9.260716
2440 243 11.344069 9.320142
2450 243 11.554535 9.410595
2460 243 11.765000 9.501047
2470 243 11.967678 9.621570
2480 243 12.162568 9.771687
2490 243 12.357459 9.922043
2500 243 12.538459 10.083377
2510 243 12.716091 10.247574
2520 243 12.893724 10.411534
2530 243 13.042102 10.523465
2540 243 13.171117 10.600314
2550 243 13.300132 10.677401
2560 243 13.506177 10.780024
2570 243 13.789464 10.908662
2580 243 14.072750 11.037061
2590 243 14.296053 11.105079
2600 243 14.512411 11.166653
2610 243 14.728980 11.227989
2620 243 14.945338 11.289325
2010 244 0.292126 8.114433
2020 244 0.515008 8.114433
2030 244 0.737891 8.114433
2040 244 0.960773 8.114433
2050 244 1.134617 8.106080
2060 244 1.235430 8.085317
2070 244 1.337085 8.061689
2080 244 1.447789 8.011332
2090 244 1.572174 7.949758
2100 244 1.751070 7.842361
2110 244 1.921757 7.762410
2120 244 2.059822 7.792242
2130 244 2.198098 7.822075
2140 244 2.336163 7.851907
2150 244 2.456338 7.865511
2160 244 2.576724 7.879115
2170 244 2.696900 7.892718
2180 244 2.842752 7.916346
2190 244 3.014071 7.949519
2200 244 3.185389 7.982932
2210 244 3.356708 8.016105
2220 244 3.546337 8.044745
2230 244 3.809418 8.054768
2240 244 4.072500 8.064792
2250 244 4.442498 8.125412
2260 244 4.839014 8.198919
2270 244 5.209011 8.287462
2280 244 5.472093 8.436624
2290 244 5.735174 8.585786
2300 244 6.040349 8.663351
2310 244 6.356046 8.723016
2320 244 6.673428 8.800819
2330 244 6.993335 8.905829
2340 244 7.313242 9.010839
2350 244 7.629360 9.075039
2360 244 7.945058 9.134704
2370 244 8.239709 9.190550
2380 244 8.344942 9.212984
2390 244 8.450174 9.235418
2400 244 8.555407 9.257852
2410 244 8.726725 9.260000
2420 244 8.905200 9.260000
2430 244 9.083885 9.260000
2440 244 9.299611 9.290787
2450 244 9.540173 9.341861
2460 244 9.780524 9.392934
2470 244 10.051182 9.437324
2480 244 10.329417 9.479806
2490 244 10.607442 9.522526
2500 244 10.918509 9.584816
2510 244 11.229787 9.647106
2520 244 11.456247 9.824908
2530 244 11.646718 10.052112
2540 244 11.741428 10.222993
2550 244 11.772366 10.356403
2560 244 11.803304 10.489814
2570 244 11.837189 10.652819
2580 244 11.882229 10.933960
2590 244 11.927268 11.215340
2600 244 11.948315 11.476195
2610 244 11.933372 11.706263
2620 244 11.918429 11.936331
2630 244 11.885175 12.123918
2640 244 11.840136 12.283104
2650 244 11.795096 12.442051
2660 244 11.750057 12.601237
2670 244 11.698914 12.774027
2680 244 11.638721 12.967103
2690 244 11.578528 13.160417
2700 244 11.518545 13.353493
2710 244 11.458352 13.546808
2010 245 0.180579 7.512056
2020 245 0.435663 7.540934
2030 245 0.690746 7.569812
2040 245 0.945830 7.598689
2050 245 1.137143 7.602508
2060 245 1.264685 7.580790
2070 245 1.392227 7.559072
2080 245 1.527556 7.530194
2090 245 1.693192 7.472200
2100 245 1.859038 7.414444
2110 245 2.024885 7.356450
2120 245 2.182102 7.385328
2130 245 2.338267 7.423752
2140 245 2.494432 7.462415
2150 245 2.625552 7.470052
2160 245 2.750569 7.470052
2170 245 2.875374 7.470052
2180 245 2.982501 7.484133
2190 245 3.077421 7.507521
2200 245 3.172341 7.530910
2210 245 3.267260 7.554299
2220 245 3.362180 7.577687
2230 245 3.629471 7.600121
2240 245 4.069553 7.621839
2250 245 4.498902 7.662889
2260 245 4.902995 7.748806
2270 245 5.307088 7.834724
2280 245 5.662353 7.936870
2290 245 6.005201 8.042835
2300 245 6.338578 8.147130
2310 245 6.583980 8.234479
2320 245 6.829593 8.322067
2330 245 7.083835 8.411565
2340 245 7.415317 8.520155
2350 245 7.747010 8.628745
2360 245 8.078703 8.737097
2370 245 8.324947 8.791750
2380 245 8.549935 8.832799
2390 245 8.774922 8.874087
2400 245 8.884364 8.864780
2410 245 8.980757 8.849744
2420 245 9.077150 8.834947
2430 245 9.173753 8.819912
2440 245 9.289930 8.810604
2450 245 9.584581 8.850221
2460 245 9.879232 8.890078
2470 245 10.177461 8.930888
2480 245 10.508312 8.982200
2490 245 10.838953 9.033273
2500 245 11.176539 9.094848
2510 245 11.530121 9.180765
2520 245 11.883702 9.266683
2530 245 12.049548 9.516321
2540 245 12.168461 9.806770
2550 245 12.277272 10.101276
2560 245 12.375980 10.399601
2570 245 12.474688 10.697926
2580 245 12.543721 10.969998
2590 245 12.543721 11.180496
2600 245 12.543721 11.390994
2610 245 12.543721 11.601730
2620 245 12.502048 11.806023
2630 245 12.455957 12.009838
2640 245 12.409654 12.213654
2650 245 12.363562 12.417231
2660 245 12.293898 12.574508
2670 245 12.218131 12.719851
2680 245 12.142574 12.865195
2690 245 12.066807 13.010778
2700 245 11.991250 13.156121
2710 245 11.915693 13.301465
2720 245 11.839925 13.447048
2180 246 0.295703 4.255782
2190 246 0.605929 4.337403
2200 246 0.916155 4.419025
2210 246 1.226170 4.500647
2220 246 1.536395 4.582268
2230 246 1.803686 4.633819
2240 246 2.071187 4.685369
2250 246 2.338478 4.737158
2260 246 2.651860 4.779401
2270 246 3.072791 4.800642
2280 246 3.493721 4.821644
2290 246 3.914651 4.842646
2300 246 4.329688 4.838111
2310 246 4.744094 4.830713
2320 246 5.158289 4.823076
2330 246 5.581956 4.852192
2340 246 6.009410 4.897060
2350 246 6.436865 4.941690
2360 246 6.864530 4.978921
2370 246 7.291985 5.008753
2380 246 7.719439 5.038586
2390 246 8.128794 5.052667
2400 246 8.495424 5.029517
2410 246 8.861844 5.006367
2420 246 9.219214 4.974625
2430 246 9.539121 4.907800
2440 246 9.859028 4.840975
2450 246 10.259543 4.854340
2460 246 10.694364 4.902072
2470 246 11.129395 4.949804
2480 246 11.528858 4.956964
2490 246 11.913167 4.946463
2500 246 12.315366 4.901356
2510 246 12.744083 4.804222
2520 246 13.172801 4.706849
2530 246 13.510176 4.642888
2540 246 13.808195 4.593247
2550 246 14.134205 4.548140
2560 246 14.525039 4.514011
2570 246 14.915873 4.479883
2180 247 0.187945 3.368922
2190 247 0.511009 3.468920
2200 247 0.834073 3.568680
2210 247 1.157137 3.668678
2220 247 1.480201 3.768677
2230 247 1.788112 3.854833
2240 247 2.080869 3.927624
2250 247 2.373626 4.000177
2260 247 2.666593 4.072729
2270 247 2.959350 4.145521
2280 247 3.416059 4.134304
2290 247 3.891289 4.113779
2300 247 4.366309 4.093254
2310 247 4.842592 4.078935
2320 247 5.320979 4.073445
2330 247 5.799366 4.067956
2340 247 6.277543 4.062706
2350 247 6.755930 4.057217
2360 247 7.197907 4.104949
2370 247 7.639883 4.152681
2380 247 8.081860 4.200412
2390 247 8.511630 4.279886
2400 247 8.941189 4.359599
2410 247 9.340442 4.419979
2420 247 9.719279 4.467711
2430 247 10.123372 4.462222
2440 247 10.544302 4.420934
2450 247 10.965232 4.379885
2460 247 11.394371 4.335017
2470 247 11.826876 4.288478
2480 247 12.259593 4.242178
2490 247 12.683259 4.196355
2500 247 13.027159 4.156738
2510 247 13.370848 4.116882
2520 247 13.721062 4.075832
2530 247 14.128733 4.023566
2540 247 14.536615 3.971538
2550 247 14.944286 3.919271
2290 248 0.352950 4.071536
2300 248 0.680855 4.154828
2310 248 1.008759 4.238121
2320 248 1.336664 4.321413
2330 248 1.664569 4.404705
2340 248 1.983634 4.464848
2350 248 2.281863 4.471530
2360 248 2.579881 4.478212
2370 248 2.878110 4.484895
2380 248 3.267050 4.540741
2390 248 3.694715 4.617590
2400 248 4.122380 4.694677
2410 248 4.591086 4.735726
2420 248 5.087152 4.752671
2430 248 5.583429 4.769855
2440 248 6.054239 4.812814
2450 248 6.518525 4.861977
2460 248 6.983022 4.911380
2470 248 7.431944 4.970090
2480 248 7.879393 5.029755
2490 248 8.316950 5.043120
2500 248 8.745246 5.010185
2510 248 9.173332 4.977250
2520 248 9.601629 5.013526
2530 248 10.029715 5.095864
2540 248 10.458011 5.178202
2550 248 10.785916 5.192044
2560 248 11.071096 5.176531
2570 248 11.356276 5.161257
2580 248 11.473926 5.156722
2590 248 11.480030 5.159586
2600 248 11.486133 5.162450
2610 248 11.492026 5.165075
2620 248 11.498130 5.167939
2630 248 11.504233 5.170803
2640 248 11.510337 5.173667
2650 248 11.516230 5.176292
2660 248 11.522333 5.179156
2670 248 11.528437 5.182020
2680 248 11.534330 5.184884
2690 248 11.540433 5.187509
2700 248 11.546537 5.190373
2710 248 11.552640 5.193237
2720 248 11.558533 5.196101
2730 248 11.564637 5.198726
2740 248 11.570740 5.201590
2750 248 11.576633 5.204454
2760 248 11.582737 5.207318
2770 248 11.588840 5.209943
2780 248 11.594944 5.212807
2790 248 11.600837 5.215671
2800 248 11.606940 5.218535
2810 248 11.613044 5.221160
2820 248 11.619147 5.224024
2830 248 11.625040 5.226888
2840 248 11.631144 5.229752
2850 248 11.637247 5.232377
2860 248 11.643140 5.235241
2870 248 11.649244 5.238105
2880 248 11.655347 5.240969
2890 248 11.661451 5.243594
2900 248 11.667344 5.246458
2910 248 11.673447 5.249322
2920 248 11.679551 5.252186
2930 248 11.685444 5.254811
2940 248 11.691547 5.257675
2950 248 11.697651 5.260539
2960 248 11.703754 5.263403
2970 248 11.709647 5.266028
2980 248 11.715751 5.268892
2990 248 11.721854 5.271756
3000 248 11.727747 5.274620
3010 248 11.733851 5.277245
3020 248 11.739954 5.280109
3030 248 11.746058 5.282973
3040 248 11.751951 5.285837
3050 248 11.758054 5.288463
3060 248 11.764158 5.291326
3070 248 11.770261 5.294190
3080 248 11.776154 5.297054
3090 248 11.782258 5.299680
3100 248 11.788361 5.302543
3110 248 11.794254 5.305407
3120 248 11.800358 5.308271
3130 248 11.806461 5.310897
3140 248 11.812565 5.313760
3150 248 11.818458 5.316624
3160 248 11.824561 5.319488
3170 248 11.830665 5.322114
3180 248 11.836558 5.324977
3190 248 11.842661 5.327841
3200 248 11.848765 5.330705
3210 248 11.854868 5.333331
3220 248 11.860761 5.336194
3230 248 11.866865 5.339058
3240 248 11.872968 5.341922
3250 248 11.879072 5.344548
3260 248 11.884965 5.347411
3270 248 11.891068 5.350275
3280 248 11.897172 5.353139
3290 248 11.903065 5.355765
3300 248 11.909168 5.358628
3310 248 11.915272 5.361492
3320 248 11.921375 5.364356
3330 248 11.927268 5.366982
3340 248 11.933372 5.369845
3350 248 11.938212 5.373903
3360 248 11.943264 5.378199
3370 248 11.948104 5.382256
3380 248 11.952945 5.386552
3390 248 11.957786 5.390609
3400 248 11.962837 5.394905
3410 248 11.967678 5.398962
3420 248 11.972518 5.403258
3430 248 11.977359 5.407315
3440 248 11.982410 5.411372
3450 248 11.987251 5.415668
3460 248 11.992091 5.419725
3470 248 11.996932 5.424021
3480 248 12.001983 5.428078
3490 248 12.006824 5.432374
3500 248 12.011665 5.436432
3510 248 12.016505 5.440727
3520 248 12.021557 5.444785
3530 248 12.026397 5.448842
3540 248 12.031238 5.453138
3550 248 12.036079 5.457195
3560 248 12.041130 5.461491
3570 248 12.045971 5.465548
3580 248 12.050811 5.469844
3590 248 12.055652 5.473901
3600 248 12.060703 5.477958
3610 248 12.065544 5.482254
3620 248 12.070385 5.486311
3630 248 12.075225 5.490607
3640 248 12.080276 5.494665
3650 248 12.085117 5.498960
3660 248 12.089958 5.503018
3670 248 12.094798 5.507314
3680 248 12.099850 5.511371
3690 248 12.322732 5.528316
3700 248 12.691046 5.553852
3710 248 13.059360 5.579627
3720 248 13.423886 5.471753
3730 248 13.787359 5.330705
3740 248 14.201765 5.149801
3750 248 14.650266 4.942406
3760 248 15.098556 4.734772
2310 249 0.294651 3.556031
2320 249 0.647601 3.617605
2330 249 1.000762 3.679179
2340 249 1.353712 3.740754
2350 249 1.711081 3.825717
2360 249 2.068872 3.913305
2370 249 2.426663 4.000654
2380 249 2.942302 3.959366
2390 249 3.475410 3.903758
2400 249 4.008729 3.847912
2410 249 4.556991 3.904713
2420 249 5.106936 3.974163
2430 249 5.656671 4.043374
2440 249 6.132532 4.090152
2450 249 6.589663 4.131201
2460 249 7.047003 4.172489
2470 249 7.465829 4.176546
2480 249 7.880235 4.176546
2490 249 8.294851 4.176546
2500 249 8.738511 4.219505
2510 249 9.201535 4.291103
2520 249 9.664558 4.362701
2530 249 10.106324 4.409240
2540 249 10.533779 4.439072
2550 249 10.961233 4.468905
2560 249 11.341333 4.477258
2570 249 11.649875 4.453392
2580 249 11.958628 4.429526
2590 249 12.144468 4.425946
2600 249 12.145941 4.452915
2610 249 12.147415 4.479644
2620 249 12.148888 4.506613
2630 249 12.150361 4.533582
2640 249 12.151834 4.560311
2650 249 12.153308 4.587280
2660 249 12.154781 4.614249
2670 249 12.156254 4.640978
2680 249 12.157728 4.667947
2690 249 12.159201 4.694916
2700 249 12.160674 4.721884
2710 249 12.162147 4.748614
2720 249 12.163621 4.775583
2730 249 12.165515 4.797539
2740 249 12.168251 4.799926
2750 249 12.170776 4.802074
2760 249 12.173512 4.804460
2770 249 12.176248 4.806847
2780 249 12.178984 4.808995
2790 249 12.181721 4.811382
2800 249 12.184457 4.813768
2810 249 12.187193 4.816155
2820 249 12.189929 4.818303
2830 249 12.192665 4.820689
2840 249 12.195401 4.823076
2850 249 12.198137 4.825224
2860 249 12.200873 4.827610
2870 249 12.203609 4.829997
2880 249 12.206345 4.832384
2890 249 12.209081 4.834532
2900 249 12.211817 4.836918
2910 249 12.214553 4.839305
2920 249 12.217289 4.841453
2930 249 12.219815 4.843839
2940 249 12.222551 4.846226
2950 249 12.225287 4.848612
2960 249 12.228023 4.850760
2970 249 12.230759 4.853147
2980 249 12.233495 4.855534
2990 249 12.236231 4.857682
3000 249 12.238967 4.860068
3010 249 12.241703 4.862455
3020 249 12.244439 4.864603
3030 249 12.247175 4.866989
3040 249 12.249911 4.869376
3050 249 12.252647 4.871762
3060 249 12.255383 4.873910
3070 249 12.258119 4.876297
3080 249 12.260855 4.878684
3090 249 12.263591 4.880832
3100 249 12.266328 4.883218
3110 249 12.268853 4.885605
3120 249 12.271589 4.887991
3130 249 12.274325 4.890139
3140 249 12.277061 4.892526
3150 249 12.279797 4.894912
3160 249 12.282533 4.897060
3170 249 12.285269 4.899447
3180 249 12.288005 4.901834
3190 249 12.290741 4.904220
3200 249 12.293478 4.906368
3210 249 12.296214 4.908755
3220 249 12.298950 4.911141
3230 249 12.301686 4.913289
3240 249 12.304422 4.915676
3250 249 12.307158 4.918062
3260 249 12.309894 4.920449
3270 249 12.312630 4.922597
3280 249 12.315366 4.924984
3290 249 12.318102 4.927370
3300 249 12.320628 4.929518
3310 249 12.323364 4.931905
3320 249 12.326100 4.934291
3330 249 12.328836 4.936439
3340 249 12.331572 4.938826
3350 249 12.338307 4.939303
3360 249 12.350724 4.937394
3370 249 12.363141 4.935246
3380 249 12.375559 4.933098
3390 249 12.387976 4.930950
3400 249 12.400394 4.928802
3410 249 12.412811 4.926654
3420 249 12.425229 4.924745
3430 249 12.437646 4.922597
3440 249 12.450064 4.920449
3450 249 12.462481 4.918301
3460 249 12.474898 4.916153
3470 249 12.487316 4.914005
3480 249 12.499733 4.911857
3490 249 12.512151 4.909948
3500 249 12.524568 4.907800
3510 249 12.536986 4.905652
3520 249 12.549403 4.903504
3530 249 12.561821 4.901356
3540 249 12.574238 4.899208
3550 249 12.586655 4.897060
3560 249 12.599073 4.895151
3570 249 12.611490 4.893003
3580 249 12.623908 4.890855
3590 249 12.636325 4.888707
3600 249 12.648743 4.886559
3610 249 12.661160 4.884411
3620 249 12.673578 4.882502
3630 249 12.685995 4.880354
3640 249 12.698412 4.878206
3650 249 12.710830 4.876058
3660 249 12.723247 4.873910
3670 249 12.735665 4.871762
3680 249 12.748082 4.869615
3690 249 12.900248 4.875342
3700 249 13.192584 4.888469
3710 249 13.582366 4.825701
3720 249 14.013819 4.730237
3730 249 14.437907 4.634773
3740 249 14.858837 4.539309
2340 250 0.322012 3.200428
2350 250 0.763988 3.288016
2360 250 1.205965 3.375366
2370 250 1.634683 3.447202
2380 250 2.032251 3.482762
2390 250 2.429609 3.518084
2400 250 2.909680 3.472500
2410 250 3.444682 3.372979
2420 250 3.989787 3.212600
2430 250 4.575301 2.807833
2440 250 5.161025 2.403304
2450 250 5.705499 2.073238
2460 250 6.245342 1.751524
2470 250 6.798023 1.445562
2480 250 7.359333 1.150102
2490 250 7.950740 0.937217
2500 250 8.572665 0.807147
2510 250 9.092093 0.668247
2520 250 9.372643 0.509061
2530 250 9.614678 0.352023
2540 250 9.702442 0.202861
2550 250 9.790206 0.053698
2340 251 0.147326 5.751701
2350 251 0.520691 5.905637
2360 251 0.894056 6.059572
2370 251 1.267631 6.213508
2380 251 1.533449 6.347635
2390 251 1.787480 6.479136
2400 251 2.041512 6.610876
2410 251 2.332164 6.917793
2420 251 2.622816 7.224471
2430 251 2.986921 7.412296
2440 251 3.359444 7.586518
2450 251 3.735756 7.777446
2460 251 4.121538 8.006082
2470 251 4.507531 8.234718
2480 251 4.873320 8.384596
2490 251 5.236793 8.525644
2500 251 5.483879 8.599151
2510 251 5.686767 8.654998
2520 251 5.939325 8.810127
2530 251 6.191463 8.970267
2540 251 6.440232 9.176469
2550 251 6.689002 9.382671
2560 251 6.985547 9.627298
2570 251 7.287565 9.876458
2580 251 7.602631 10.058556
2590 251 7.926537 10.196263
2600 251 8.250232 10.333969
2610 251 8.580873 10.487428
2620 251 8.911724 10.640886
2630 251 9.201535 10.819165
2640 251 9.327814 11.097681
2650 251 9.454093 11.376197
2660 251 9.517864 11.646598
2670 251 9.331602 11.885258
2680 251 9.145551 12.123918
2690 251 8.858266 12.257090
2700 251 8.503843 12.319858
2350 252 0.158270 6.144058
2360 252 0.524690 6.329735
2370 252 0.890899 6.515413
2380 252 1.247637 6.702999
2390 252 1.515980 6.908724
2400 252 1.784534 7.114449
2410 252 2.063400 7.320651
2420 252 2.383728 7.528046
2430 252 2.704056 7.735680
2440 252 2.974293 7.874341
2450 252 3.239058 8.005127
2460 252 3.503823 8.135913
2470 252 3.805420 8.280302
2480 252 4.116066 8.428032
2490 252 4.480592 8.560250
2500 252 4.868479 8.686023
2510 252 5.105884 8.777907
2520 252 5.305825 8.861438
2530 252 5.488299 8.958812
2540 252 5.666352 9.060003
2550 252 5.861453 9.190312
2560 252 6.124535 9.438995
2570 252 6.387616 9.687679
2580 252 6.689213 9.795314
2590 252 7.000280 9.868105
2600 252 7.331131 9.934214
2610 252 7.681977 9.993879
2620 252 8.032611 10.063329
2630 252 8.380931 10.219651
2640 252 8.729251 10.375973
2650 252 9.051683 10.539217
2660 252 9.270567 10.730145
2670 252 9.489451 10.921072
2680 252 9.550065 11.162596
2690 252 9.542699 11.426077
2700 252 9.535543 11.689318
2710 252 9.370749 11.831798
2720 252 9.166387 11.944207
2730 252 8.962025 12.056616
2740 252 8.751981 12.154466
2750 252 8.533097 12.230837
2760 252 8.314214 12.307209
2500 253 0.028834 6.785337
2510 253 0.410407 6.986766
2520 253 0.791770 7.188195
2530 253 1.173343 7.389623
2540 253 1.505878 7.513488
2550 253 1.805580 7.585802
2560 253 2.105282 7.658116
2570 253 2.407721 7.715871
2580 253 2.716473 7.739737
2590 253 3.025015 7.763603
2600 253 3.367442 7.762410
2610 253 3.788372 7.702745
2620 253 4.209302 7.643080
2630 253 4.518055 7.533774
2640 253 4.814179 7.418740
2650 253 5.118301 7.318025
2660 253 5.453361 7.273873
2670 253 5.788632 7.229721
2680 253 6.108118 7.185331
2690 253 6.412240 7.141179
2700 253 6.716152 7.097026
2710 253 7.094568 7.126382
2720 253 7.491295 7.174114
2730 253 7.888232 7.221846
2740 253 8.275699 7.257406
2750 253 8.640856 7.264327
2760 253 9.006013 7.271487
2770 253 9.371169 7.278408
2780 253 9.730854 7.367667
2790 253 10.089908 7.465756
2800 253 10.448961 7.564084
2810 253 10.778760 7.715633
2820 253 11.079515 7.920164
2830 253 11.380059 8.124696
2840 253 11.662714 8.320635
2850 253 11.937371 8.512756
2860 253 12.212238 8.705116
2870 253 12.482686 8.893657
2880 253 12.713355 9.047593
2890 253 12.944236 9.201529
2900 253 13.175116 9.355464
2910 253 13.289398 9.566917
2920 253 13.403681 9.778131
2930 253 13.517964 9.989583
2940 253 13.641927 10.185762
2950 253 13.775994 10.366427
2960 253 13.909850 10.547331
2970 253 14.042232 10.707949
2980 253 14.168511 10.787423
2990 253 14.294790 10.866897
3000 253 14.457901 10.945654
3010 253 14.767916 11.021071
3020 253 15.078141 11.096487
2510 254 0.263502 6.131648
2520 254 0.574991 6.389400
2530 254 0.886479 6.647153
2540 254 1.195231 6.838081
2550 254 1.500195 6.928533
2560 254 1.804949 7.018985
2570 254 2.081289 7.064330
2580 254 2.329428 7.064330
2590 254 2.577356 7.064330
2600 254 2.868008 7.069819
2610 254 3.176550 7.077934
2620 254 3.485302 7.085809
2630 254 3.815943 7.036884
2640 254 4.155844 6.963377
2650 254 4.493851 6.894882
2660 254 4.813127 6.870061
2670 254 5.132402 6.845479
2680 254 5.451046 6.844763
2690 254 5.766744 6.940227
2700 254 6.082442 7.035691
2710 254 6.412030 7.139269
2720 254 6.796760 7.275783
2730 254 7.181701 7.412057
2740 254 7.566431 7.548571
2750 254 7.932009 7.644989
2760 254 8.289168 7.724702
2770 254 8.646328 7.804175
2780 254 9.003487 7.883649
2790 254 9.360646 7.963362
2800 254 9.717806 8.042835
2810 254 10.070966 8.126605
2820 254 10.389610 8.249276
2830 254 10.708044 8.371708
2840 254 11.026688 8.494380
2850 254 11.316498 8.627790
2860 254 11.562953 8.777907
2870 254 11.809408 8.928024
2880 254 12.056073 9.077903
2890 254 12.264644 9.215610
2900 254 12.469216 9.352123
2910 254 12.673578 9.488398
2920 254 12.856472 9.644004
2930 254 13.006744 9.828011
2940 254 13.157016 10.012017
2950 254 13.307498 10.196263
2960 254 13.393579 10.369052
2970 254 13.472503 10.540649
2980 254 13.551427 10.712006
2990 254 13.678127 10.813676
3000 254 13.825453 10.885273
3010 254 13.972779 10.956871
3020 254 14.235439 11.012956
3030 254 14.547559 11.062359
3040 254 14.859468 11.111762
2520 255 0.247297 3.893496
2530 255 0.615610 3.927624
2540 255 0.983924 3.961753
2550 255 1.329719 4.044090
2560 255 1.623107 4.239553
2570 255 1.916495 4.434776
2580 255 2.209884 4.630000
2590 255 2.711843 4.767707
2600 255 3.213592 4.905414
2610 255 3.787530 4.923074
2620 255 4.469437 4.760786
2630 255 5.151344 4.598497
2640 255 5.886920 4.531195
2650 255 6.628599 4.474394
2660 255 7.369646 4.371293
2670 255 8.110483 4.256736
2680 255 8.848585 4.142418
2690 255 9.580793 4.028100
2700 255 10.312790 3.914021
2710 255 10.987752 3.881086
2720 255 11.662714 3.848151
2730 255 12.336833 3.835502
2740 255 13.003166 4.004473
2750 255 13.669709 4.173444
2760 255 14.287003 4.493487
2770 255 14.883461 4.877968
2670 256 0.463023 8.233763
2680 256 0.564888 8.118252
2690 256 0.666753 8.002740
2700 256 0.768619 7.887229
2710 256 0.774091 7.802505
2720 256 0.769040 7.720883
2730 256 0.763778 7.639500
2740 256 0.758727 7.557879
2750 256 0.803556 7.316116
2760 256 0.861013 7.034020
2770 256 0.919312 6.772210
2780 256 0.978242 6.524004
2790 256 1.032331 6.277946
2800 256 1.041802 6.050026
2810 256 1.051273 5.822106
2820 256 0.991712 5.481538
2830 256 0.924363 5.128322
2840 256 0.910893 4.820928
2850 256 0.978242 4.582268
2860 256 1.045591 4.343608
2870 256 1.241744 4.190866
2880 256 1.452209 4.047670
2890 256 1.709819 3.964617
2900 256 2.037723 3.971538
2910 256 2.365838 3.978698
2920 256 2.693953 3.985619
2930 256 2.996392 3.925954
2940 256 3.299041 3.866289
2950 256 3.601479 3.806624
2960 256 3.865192 3.761040
2970 256 4.119013 3.718797
2980 256 4.372623 3.676793
2990 256 4.582036 3.667008
3000 256 4.724521 3.705432
3010 256 4.867216 3.743856
3020 256 4.953507 3.780849
3030 256 4.908888 3.814738
3040 256 4.864270 3.848389
3050 256 4.819651 3.882279
3060 256 4.775032 3.915930
3070 256 4.730414 3.949581
3080 256 4.685795 3.983471
3090 256 4.641177 4.017122
3100 256 4.596348 4.051011
3110 256 4.551729 4.084662
3120 256 4.464807 4.108290
3130 256 4.314535 4.116882
3140 256 4.164263 4.125473
3150 256 4.108279 4.136690
3160 256 4.115224 4.149817
3170 256 4.122170 4.162943
3180 256 4.129115 4.176069
3190 256 4.136060 4.189195
3200 256 4.143006 4.202322
3210 256 4.149951 4.215448
3220 256 4.156896 4.228574
3230 256 4.163842 4.241701
3240 256 4.170577 4.254588
3250 256 4.177522 4.267715
3260 256 4.184467 4.280841
3270 256 4.191413 4.293967
3280 256 4.198358 4.307093
3290 256 4.205303 4.320220
3300 256 4.212249 4.333346
3310 256 4.219194 4.346472
3320 256 4.226139 4.359599
3330 256 4.394511 4.400887
3340 256 4.804918 4.484418
3350 256 5.229216 4.611623
3360 256 5.674560 4.804460
3370 256 6.119694 4.997059
3380 256 6.453702 5.174622
3390 256 6.759718 5.348127
3400 256 7.057106 5.445023
3410 256 7.348389 5.491085
3420 256 7.639883 5.536907
3430 256 7.801310 5.489175
3440 256 7.962526 5.441443
3450 256 8.123953 5.393711
3460 256 8.145842 5.391564
3470 256 8.167940 5.389654
3480 256 8.189829 5.387506
3490 256 8.211717 5.385358
3500 256 8.233816 5.383449
3510 256 8.255704 5.381301
3520 256 8.277593 5.379153
3530 256 8.299692 5.377005
3540 256 8.321580 5.375096
3550 256 8.343468 5.372948
3560 256 8.365567 5.370800
3570 256 8.375670 5.371993
3580 256 8.373775 5.376051
3590 256 8.371881 5.380108
3600 256 8.370197 5.384165
3610 256 8.368303 5.388222
3620 256 8.366620 5.392518
3630 256 8.364725 5.396575
3640 256 8.362831 5.400633
3650 256 8.361147 5.404690
3660 256 8.359253 5.408747
3670 256 8.357570 5.413043
3680 256 8.355675 5.417100
3690 256 8.353781 5.421157
3700 256 8.352097 5.425215
3710 256 8.350203 5.429272
3720 256 8.348520 5.433568
3730 256 8.346625 5.437625
3740 256 8.344731 5.441682
3750 256 8.343047 5.445739
3760 256 8.341153 5.449797
3770 256 8.339470 5.454092
3780 256 8.337575 5.458150
3790 256 8.335681 5.462207
3800 256 8.333997 5.466264
3810 256 8.332103 5.470560
3820 256 8.330420 5.474617
3830 256 8.328525 5.478674
3840 256 8.326631 5.482732
3850 256 8.324947 5.486789
3860 256 8.323053 5.491085
3870 256 8.321370 5.495142
3880 256 8.319475 5.499199
3890 256 8.317581 5.503256
3900 256 8.315897 5.507314
3910 256 8.314003 5.511609
3920 256 8.312320 5.515667
3930 256 8.310425 5.519724
3940 256 8.308531 5.523781
3950 256 8.306847 5.527838
3960 256 8.304953 5.532134
3970 256 8.303270 5.536191
3980 256 8.301375 5.540249
3990 256 8.299481 5.544306
4000 256 8.297797 5.548363
4010 256 8.295903 5.552659
4020 256 8.294220 5.556716
4030 256 8.292325 5.560773
2670 257 0.231512 7.350722
2680 257 0.497329 7.394635
2690 257 0.763146 7.438549
2700 257 1.028964 7.482701
2710 257 1.300253 7.534967
2720 257 1.592589 7.621123
2730 257 1.884926 7.707280
2740 257 2.177051 7.793674
2750 257 2.465388 7.879115
2760 257 2.750989 7.964316
2770 257 3.036801 8.049756
2780 257 3.419006 8.132571
2790 257 3.825414 8.214909
2800 257 4.231822 8.297247
2810 257 4.689163 8.391279
2820 257 5.152186 8.486742
2830 257 5.615209 8.582206
2840 257 5.988785 8.682921
2850 257 6.352258 8.784113
2860 257 6.715731 8.885304
2870 257 7.068892 9.008930
2880 257 7.415107 9.147591
2890 257 7.761322 9.286253
2900 257 8.031980 9.439472
2910 257 8.226871 9.607489
2920 257 8.421761 9.775267
2670 258 0.168372 6.825670
2680 258 0.453552 6.841183
2690 258 0.738733 6.856457
2700 258 1.023913 6.871970
2710 258 1.318985 6.960990
2720 258 1.615109 7.058125
2730 258 1.910392 7.149770
2740 258 2.202517 7.218982
2750 258 2.494432 7.288432
2760 258 2.796029 7.363848
2770 258 3.184969 7.493918
2780 258 3.574118 7.623987
2790 258 3.963058 7.754296
2800 258 4.424818 7.734487
2810 258 4.904679 7.677208
2820 258 5.375279 7.660980
2830 258 5.824201 7.740453
2840 258 6.273334 7.820166
2850 258 6.663325 7.904413
2860 258 6.915884 7.999876
2870 258 7.168442 8.095340
2880 258 7.372593 8.297008
2890 258 7.564747 8.525405
2900 258 7.769740 8.699150
2910 258 7.987151 8.818480
2920 258 8.204561 8.937809
2930 258 8.321370 9.002009
2940 258 8.337575 9.011317
2950 258 8.353781 9.020386
2960 258 8.369987 9.029694
2970 258 8.386193 9.038763
2980 258 8.402399 9.048070
2990 258 8.418604 9.057139
3000 258 8.434810 9.066208
2780 259 0.338428 6.775313
2790 259 0.543421 6.863379
2800 259 0.748203 6.951205
2810 259 0.953196 7.039271
2820 259 1.158189 7.127098
2830 259 1.379809 7.229960
2840 259 1.603534 7.334254
2850 259 1.827048 7.438787
2860 259 2.033935 7.517068
2870 259 2.233666 7.584370
2880 259 2.433398 7.651910
2890 259 2.632919 7.719213
2900 259 2.841279 7.709666
2910 259 3.051744 7.681027
2920 259 3.274416 7.658593
2930 259 3.525712 7.650956
2940 259 3.776796 7.643319
2950 259 4.040930 7.673867
2960 259 4.356628 7.857397
2970 259 4.672325 8.040926
2980 259 4.920885 8.216102
2990 259 5.124404 8.385312
3000 259 5.328135 8.554761
3010 259 5.547860 8.691990
3020 259 5.783581 8.797000
3030 259 6.019302 8.902011
3040 259 6.292065 8.963823
3050 259 6.565038 9.025875
3060 259 6.769189 9.075994
3070 259 6.813808 9.098905
3080 259 6.858427 9.121816
3090 259 6.902835 9.144728
3100 259 6.947453 9.167639
3110 259 6.989757 9.188164
3120 259 7.013960 9.186732
3130 259 7.038164 9.185300
3140 259 7.062157 9.183629
3150 259 7.086360 9.182197
3160 259 7.110564 9.180765
3170 259 7.134557 9.179095
3180 259 7.158760 9.177663
3190 259 7.182964 9.175992
3200 259 7.206957 9.174560
3210 259 7.231160 9.173128
3220 259 7.255364 9.171457
3230 259 7.279357 9.170025
3240 259 7.303560 9.168594
3250 259 7.327764 9.166923
3260 259 7.351757 9.165491
3270 259 7.417422 9.127067
3280 259 7.545174 9.033273
3290 259 7.672927 8.939480
3300 259 7.857715 8.864064
3310 259 8.080597 8.800819
3320 259 8.303480 8.737813
3330 259 8.526994 8.672420
3340 259 8.753665 8.599151
3350 259 8.980336 8.525644
3360 259 9.224475 8.481015
3370 259 9.479980 8.455478
3380 259 9.735485 8.429703
3390 259 9.985517 8.476719
3400 259 10.234287 8.541873
3410 259 10.471060 8.567887
3420 259 10.699836 8.567887
3430 259 10.932400 8.599390
3440 259 11.173803 8.704878
3450 259 11.415207 8.810127
3460 259 11.656610 8.915375
3470 259 11.875704 9.007975
3480 259 12.092483 9.099144
3490 259 12.309052 9.190550
3500 259 12.506679 9.312028
3510 259 12.685364 9.464054
3520 259 12.863838 9.615842
3530 259 13.029684 9.775028
3540 259 13.144598 9.962853
3550 259 13.259302 10.150917
3560 259 13.374005 10.338981
3570 259 13.495233 10.465232
3580 259 13.617093 10.584562
3590 259 13.738952 10.703892
3600 259 13.859127 10.820358
3610 259 13.964360 10.909855
3620 259 14.069593 10.999353
3630 259 14.174825 11.088850
3640 259 14.278374 11.175006
3650 259 14.367190 11.233478
3660 259 14.456217 11.291711
3670 259 14.545033 11.350183
3680 259 14.633850 11.408416
3690 259 14.720772 11.437055
3700 259 14.806641 11.445885
3710 259 14.892301 11.454716
3720 259 14.978170 11.463546
3730 259 15.063830 11.472377
3740 259 15.149489 11.481207
3180 260 0.519428 6.103486
3190 260 0.818499 6.147399
3200 260 1.117780 6.191313
3210 260 1.416851 6.235226
3220 260 1.725814 6.261240
3230 260 2.041512 6.275321
3240 260 2.357209 6.289402
3250 260 2.697110 6.304199
3260 260 3.134246 6.322575
3270 260 3.571382 6.340952
3280 260 4.025145 6.306585
3290 260 4.489852 6.236897
3300 260 4.971817 6.194176
3310 260 5.522184 6.258376
3320 260 6.072760 6.322575
3330 260 6.578297 6.390832
3340 260 7.053738 6.461475
3350 260 7.529179 6.532119
3360 260 7.962106 6.702283
3370 260 8.390402 6.883187
3380 260 8.818488 7.064330
3390 260 9.216899 7.251917
3400 260 9.615309 7.439265
3410 260 10.020875 7.584608
3420 260 10.455907 7.560742
3430 260 10.890938 7.536876
3440 260 11.323023 7.512772
3450 260 11.743953 7.486997
3460 260 12.164883 7.461460
3470 260 12.545404 7.408000
3480 260 12.865311 7.312536
3490 260 13.185218 7.217072
3500 260 13.406627 7.198218
3510 260 13.617093 7.187717
3520 260 13.782518 7.321844
3530 260 13.917847 7.551912
3540 260 14.052966 7.781980
3550 260 14.223022 8.047847
3560 260 14.401496 8.322783
3570 260 14.580181 8.597481
3580 260 14.708565 8.871223
3590 260 14.786647 9.144012
3600 260 14.864940 9.416800
3610 260 14.943023 9.689588
3240 261 0.332324 5.528316
3250 261 0.670542 5.571036
3260 261 1.008759 5.613517
3270 261 1.346977 5.656237
3280 261 1.658044 5.552420
3290 261 1.969322 5.448603
3300 261 2.254713 5.315908
3310 261 2.529159 5.170565
3320 261 2.778139 5.010662
3330 261 2.988605 4.828804
3340 261 3.270417 4.679880
3350 261 3.718918 4.607089
3360 261 4.167209 4.534536
3370 261 4.565620 4.704939
3380 261 4.964030 4.875581
3390 261 5.357810 5.042882
3400 261 5.732859 5.198726
3410 261 6.108118 5.354333
3420 261 6.444652 5.403735
3430 261 6.776977 5.441443
3440 261 6.995860 5.489175
3450 261 7.214744 5.536907
3460 261 7.382274 5.582730
3470 261 7.498661 5.626643
3480 261 7.615049 5.670796
3490 261 7.731225 5.714709
3520 262 0.297177 6.307063
3530 262 0.693693 6.242863
3540 262 1.090420 6.178425
3550 262 1.476623 6.120192
3560 262 1.838202 6.075324
3570 262 2.199992 6.030694
3580 262 2.585143 5.989406
3590 262 3.181601 5.979383
3600 262 3.777849 5.969359
3610 262 4.432816 5.992270
3620 262 5.112618 6.029024
3630 262 5.791158 6.077233
3640 262 6.456228 6.229975
3650 262 7.121297 6.382718
3660 262 7.820252 6.505150
3670 262 8.541937 6.607535
3680 262 9.263411 6.709682
3690 262 9.941951 6.710398
3700 262 10.609546 6.685816
3710 262 11.277352 6.660995
3720 262 11.945368 6.621139
3730 262 12.613174 6.579851
3740 262 13.228784 6.528539
3750 262 13.809037 6.470544
3760 262 14.389500 6.412789
3770 262 14.969752 6.354794
4520 263 0.440714 8.382687
4530 263 0.606560 8.346649
4540 263 0.772407 8.310373
4550 263 0.943726 8.280302
4560 263 1.137143 8.273858
4570 263 1.330560 8.267414
4580 263 1.523978 8.260970
4590 263 1.737179 8.257629
4600 263 1.970374 8.257629
4610 263 2.203570 8.257629
4620 263 2.436765 8.257629
4630 263 2.677327 8.309657
4640 263 2.919782 8.374811
4650 263 3.162028 8.439965
4660 263 3.425741 8.530179
4670 263 3.710921 8.645690
4680 263 3.996101 8.761201
4690 263 4.330530 8.841868
4700 263 4.738622 8.870985
4710 263 5.146924 8.899863
4720 263 5.547650 8.933991
4730 263 5.881447 9.016329
4740 263 6.215245 9.098666
4750 263 6.525681 9.193414
4760 263 6.742460 9.338042
4770 263 6.959450 9.482670
4780 263 7.176229 9.627298
4790 263 7.197907 9.910348
4800 263 7.197907 10.208673
4810 263 7.194329 10.520840
4820 263 7.187383 10.847088
4830 263 7.180438 11.173336
4840 263 7.176860 11.452329
4850 263 7.176860 11.684068
4860 263 7.176860 11.916045
4870 263 7.176860 12.147784
4920 264 0.402409 5.374141
4930 264 0.637499 5.416145
4940 264 0.872799 5.458388
4950 264 1.108099 5.500392
4960 264 1.344241 5.513041
4970 264 1.581014 5.513041
4980 264 1.817787 5.513041
4990 264 2.054560 5.513041
5000 264 2.273023 5.479629
5010 264 2.483488 5.431897
5020 264 2.693953 5.384165
5030 264 2.908417 5.342877
5040 264 3.139298 5.327603
5050 264 3.370178 5.312090
5060 264 3.618316 5.282019
5070 264 4.022409 5.119730
5080 264 4.426502 4.957441
5090 264 4.764088 4.769855
5100 264 5.057266 4.565323
5110 264 5.350234 4.360553
5120 264 5.620892 4.022850
5130 264 5.886078 3.651495
5140 264 6.139478 3.269639
5150 264 6.289960 2.792320
5160 264 6.440232 2.315000
5170 264 6.605027 1.962261
5180 264 6.769610 1.609283
5190 264 7.003227 1.392103
5200 264 7.266308 1.233155
5210 264 7.545174 1.061081
5220 264 7.860872 0.859175
5230 264 8.176570 0.657269
5240 264 8.350624 0.442475
5250 264 8.463854 0.222192
5260 264 8.577295 0.001909
4930 265 0.276130 4.626898
4940 265 0.598563 4.738829
4950 265 0.920785 4.850760
4960 265 1.227222 4.937155
4970 265 1.470520 4.922358
4980 265 1.714028 4.907323
4990 265 1.957326 4.892526
5000 265 2.105282 4.905414
5010 265 2.253029 4.918301
5020 265 2.400986 4.931189
5030 265 2.561571 4.919494
5040 265 2.751621 4.850283
5050 265 2.941671 4.780833
5060 265 3.159081 4.690858
5070 265 3.485723 4.518069
5080 265 3.812365 4.345279
5090 265 4.114172 4.144089
5100 265 4.358311 3.876790
5110 265 4.602451 3.609491
5120 265 4.780715 3.232886
5130 265 4.942773 2.829073
5140 265 5.122721 2.453423
5150 265 5.375279 2.190897
5160 265 5.627837 1.928371
5170 265 5.875554 1.666561
5180 265 6.103488 1.408093
5190 265 6.331422 1.149624
5200 265 6.501478 0.964902
5210 265 6.657011 0.799033
5220 265 6.807704 0.656314
5230 265 6.953346 0.536985
5240 265 7.099199 0.417655
5250 265 7.182122 0.286392
5260 265 7.258100 0.153697
5270 265 7.334078 0.021241
5280 265 7.410056 -0.111454
4930 266 0.234879 6.310642
4940 266 0.533950 6.379854
4950 266 0.833021 6.448826
4960 266 1.132092 6.518038
4970 266 1.431163 6.587010
4980 266 1.685194 6.644527
4990 266 1.939226 6.702283
5000 266 2.206937 6.757414
5010 266 2.597771 6.791542
5020 266 2.988605 6.825670
5030 266 3.379438 6.859799
5040 266 3.776165 6.933545
5050 266 4.176680 7.033543
5060 266 4.577195 7.133541
5070 266 5.026959 7.250007
5080 266 5.525972 7.382464
5090 266 6.024774 7.515158
5100 266 6.456228 7.680550
5110 266 6.870634 7.854055
5120 266 7.285250 8.027561
5130 266 7.703023 8.155483
5140 266 8.123953 8.237820
5150 266 8.544883 8.320158
5160 266 8.869842 8.421827
5170 266 9.130818 8.536384
5180 266 9.381693 8.651895
5190 266 9.541225 8.775282
5200 266 9.700968 8.898669
5210 266 9.887019 8.995565
5220 266 10.178514 8.986496
5230 266 10.469797 8.977188
5240 266 10.789283 8.932798
5250 266 11.127501 8.864541
5260 266 11.465929 8.796284
5270 266 11.786046 8.679818
5280 266 12.101744 8.551419
5290 266 12.427965 8.427794
5300 266 12.796279 8.323261
5310 266 13.164593 8.218966
5320 266 13.532907 8.114433
5330 266 13.947312 8.077202
5340 266 14.361718 8.039971
5350 266 14.775913 8.002502
4980 267 0.306648 3.923328
4990 267 0.471231 3.970106
5000 267 0.636026 4.016644
5010 267 0.800609 4.063422
5020 267 0.965403 4.110199
5030 267 1.197336 4.185377
5040 267 1.474308 4.279648
5050 267 1.751280 4.373679
5060 267 2.028252 4.467950
5070 267 2.221670 4.560311
5080 267 2.394462 4.651957
5090 267 2.567043 4.743841
5100 267 2.739835 4.835725
5110 267 3.095731 4.890378
5120 267 3.472043 4.940974
5130 267 3.848355 4.991570
5140 267 4.307589 5.017106
5150 267 4.821966 5.025937
5160 267 5.336553 5.034767
5170 267 5.775373 4.879400
5180 267 6.205774 4.705894
5190 267 6.600186 4.399932
5200 267 6.979023 4.037169
5210 267 7.361859 3.675361
5220 267 7.760059 3.317371
5230 267 8.158470 2.959382
5240 267 8.576874 2.665830
5250 267 9.025375 2.468458
5260 267 9.489240 2.299487
5270 267 10.093275 2.382541
5280 267 10.697100 2.465356
5290 267 11.355435 2.577526
5300 267 12.027239 2.696856
5310 267 12.697150 2.830983
5320 267 13.358431 3.024058
5330 267 14.008558 3.218327
5340 267 14.555767 3.421188
5350 267 15.102976 3.624049
5100 268 0.349162 6.200143
5110 268 0.670963 6.263388
5120 268 0.992974 6.326633
5130 268 1.314776 6.389877
5140 268 1.603534 6.465294
5150 268 1.888714 6.542381
5160 268 2.173894 6.619230
5170 268 2.437817 6.667439
5180 268 2.696269 6.708488
5190 268 2.954930 6.749299
5200 268 3.279257 6.766960
5210 268 3.756802 6.730206
5220 268 4.234348 6.693453
5230 268 4.661802 6.754072
5240 268 5.067789 6.856457
5250 268 5.473566 6.958604
5260 268 5.874081 7.090583
5270 268 6.273965 7.225903
5280 268 6.673849 7.360984
5290 268 7.069944 7.486281
5300 268 7.465618 7.610384
5310 268 7.827829 7.748568
5320 268 8.139528 7.907515
5330 268 8.451437 8.066701
5340 268 8.765872 8.170041
5350 268 9.081569 8.249753
5360 268 9.397267 8.329227
5370 268 9.697180 8.400825
5380 268 9.990358 8.469082
5390 268 10.283536 8.537100
5090 269 0.187945 6.760993
5100 269 0.511220 6.846195
5110 269 0.834284 6.931397
5120 269 1.157558 7.016598
5130 269 1.469888 7.070535
5140 269 1.782219 7.124472
5150 269 2.094549 7.178171
5160 269 2.412982 7.218266
5170 269 2.732048 7.256690
5180 269 3.051113 7.295353
5190 269 3.415849 7.320412
5200 269 3.792160 7.342130
5210 269 4.168472 7.363848
5220 269 4.536575 7.416831
5230 269 4.896471 7.501555
5240 269 5.256156 7.586279
5250 269 5.600897 7.667901
5260 269 5.922699 7.745226
5270 269 6.244710 7.822314
5280 269 6.566511 7.899639
5290 269 6.906413 8.046415
5300 269 7.246524 8.193430
5310 269 7.558223 8.335194
5320 269 7.828039 8.469559
5330 269 8.097645 8.603686
5340 269 8.367672 8.731130
5350 269 8.639172 8.831129
5360 269 8.910882 8.931366
5370 269 9.194379 9.024682
5380 269 9.586265 9.057617
5390 269 9.978151 9.090552
5400 269 10.370037 9.123487
5100 270 0.257609 7.614918
5110 270 0.380942 7.609190
5120 270 0.504064 7.603463
5130 270 0.627186 7.597496
5140 270 0.750519 7.591768
5150 270 0.906684 7.563606
5160 270 1.084737 7.520886
5170 270 1.262791 7.477928
5180 270 1.440844 7.435207
5190 270 1.631315 7.445708
5200 270 1.827048 7.478882
5210 270 2.022991 7.512295
5220 270 2.218723 7.545468
5230 270 2.427505 7.546423
5240 270 2.656070 7.498691
5250 270 2.884635 7.450959
5260 270 3.112989 7.403227
5270 270 3.469307 7.286761
5280 270 3.839725 7.162658
5290 270 4.152687 6.945000
5300 270 4.379358 6.587010
5310 270 4.606029 6.229021
5320 270 4.805550 5.878907
5330 270 4.998546 5.530941
5340 270 5.189859 5.187032
5350 270 5.378436 4.849806
5360 270 5.567223 4.512341
5370 270 5.759799 4.196355
5380 270 5.956163 3.902088
5390 270 6.152527 3.607820
5400 270 6.349101 3.313314
5130 271 0.336744 6.873402
5140 271 0.530162 6.847627
5150 271 0.723579 6.821852
5160 271 0.916996 6.796076
5170 271 1.105363 6.777938
5180 271 1.282364 6.777938
5190 271 1.459365 6.777938
5200 271 1.636366 6.777938
5210 271 1.813367 6.777938
5220 271 2.046142 6.772210
5230 271 2.285020 6.765767
5240 271 2.523898 6.759323
5250 271 2.755620 6.718989
5260 271 2.959139 6.544052
5270 271 3.162659 6.369114
5280 271 3.361128 6.158377
5290 271 3.540444 5.804684
5300 271 3.719760 5.451228
5310 271 3.900339 5.106126
5320 271 4.081971 4.769855
5330 271 4.250553 4.466041
5340 271 4.387777 4.237882
5350 271 4.525000 4.009485
5360 271 4.691688 3.740992
5370 271 4.858166 3.472500
5380 271 4.990970 3.201383
5390 271 5.101253 2.928594
5400 271 5.211537 2.656045
5280 272 0.445555 8.014912
5290 272 0.747151 8.007036
5300 272 1.048748 7.999161
5310 272 1.275208 7.976488
5320 272 1.426533 7.939257
5330 272 1.577857 7.901787
5340 272 1.716553 7.841406
5350 272 1.825995 7.726850
5360 272 1.935437 7.612293
5370 272 2.041512 7.535683
5380 272 2.146744 7.468620
5390 272 2.251977 7.401556
0 273 15.006162 7.541650
10 273 14.950810 7.700836
20 273 14.895458 7.859783
30 273 14.840105 8.018969
40 273 14.784543 8.178155
50 273 14.729190 8.337103
60 273 14.662262 8.495573
70 273 14.567974 8.652611
80 273 14.473896 8.809649
90 273 14.379818 8.966687
100 273 14.310996 9.192698
110 273 14.267640 9.487443
120 273 14.224284 9.782188
130 273 14.174404 10.081229
140 273 14.065383 10.417023
150 273 13.956152 10.753056
160 273 13.848604 11.075724
170 273 13.743372 11.378583
180 273 13.638139 11.681443
190 273 13.448721 11.979290
200 273 13.238255 12.275705
210 273 13.027790 12.572360
220 273 12.820903 12.860422
230 273 12.617804 13.140370
240 273 12.414495 13.420079
70 274 15.009109 8.832083
80 274 14.964069 8.955709
90 274 14.919030 9.079335
100 274 14.873780 9.202961
110 274 14.828740 9.326586
120 274 14.783701 9.449973
130 274 14.692569 9.646152
140 274 14.590073 9.860230
150 274 14.487576 10.074546
160 274 14.385080 10.288624
170 274 14.401917 10.478836
180 274 14.431803 10.666422
190 274 14.469055 10.848997
200 274 14.571131 10.986227
210 274 14.673207 11.123695
220 274 14.775282 11.261163
770 275 15.195581 8.330182
780 275 14.985116 8.731130
790 275 14.774651 9.132079
800 275 14.511990 9.462384
810 275 14.236070 9.775267
820 275 13.960361 10.087911
830 275 13.689282 10.349244
840 275 13.418624 10.605087
850 275 13.154911 10.859021
860 275 12.952444 11.097681
870 275 12.750187 11.336340
880 275 12.637798 11.575000
890 275 12.615700 11.813660
900 275 12.593601 12.052320
910 275 12.571502 12.290980
920 275 12.557611 12.537754
930 275 12.547298 12.788108
940 275 12.536986 13.038462
950 275 12.526883 13.288578
1850 276 14.746027 9.251408
1860 276 14.148307 9.289594
1870 276 13.550586 9.327780
1880 276 13.454193 9.359283
1890 276 13.413362 9.390070
1900 276 13.372743 9.420857
1910 276 13.713275 9.481715
1920 276 14.197766 9.511309
1930 276 14.754867 9.483147
2730 277 14.907665 8.687217
2740 277 14.419175 8.687217
2750 277 13.930475 8.687217
2760 277 13.450615 8.690081
2770 277 13.048837 8.718958
2780 277 12.647059 8.748075
2790 277 12.245281 8.776953
2800 277 11.802673 8.817286
2810 277 11.349752 8.860722
2820 277 10.897042 8.904158
2830 277 10.509154 8.886020
2840 277 10.186511 8.806547
2850 277 9.863868 8.727073
2860 277 9.542278 8.609414
2870 277 9.221950 8.453807
2880 277 8.922247 8.279824
2890 277 8.704626 8.033050
2900 277 8.486795 7.786037
2910 277 8.222661 7.563606
2920 277 7.850349 7.398454
2930 277 7.478036 7.233301
2940 277 7.086781 7.085809
2950 277 6.687739 6.945716
2960 277 6.288487 6.805862
2970 277 5.856192 6.712307
2980 277 5.415478 6.630208
2990 277 4.974764 6.548109
3000 277 4.508584 6.441189
3010 277 4.025356 6.317325
3020 277 3.542128 6.193699
3030 277 3.155082 6.168163
3040 277 2.778771 6.153843
3050 277 2.402459 6.139285
3060 277 2.014782 6.051697
3070 277 1.619739 5.915422
3080 277 1.224486 5.778908
3090 277 0.829443 5.642634
3100 277 0.434190 5.506120
3630 278 14.751710 8.144027
3640 278 14.655948 8.115149
3650 278 14.560397 8.086271
3660 278 14.464636 8.057393
3670 278 14.358982 8.040449
3680 278 14.243437 8.035914
3690 278 14.127891 8.031141
3700 278 14.012346 8.026368
3710 278 13.896801 8.021833
3720 278 13.662132 8.018969
3730 278 13.248779 8.018969
3740 278 12.835425 8.018969
3750 278 12.543721 8.032334
3760 278 12.333255 8.054768
3770 278 12.122790 8.077202
3780 278 11.889174 8.067417
3790 278 11.620621 8.009900
3800 278 11.352067 7.952383
3810 278 11.153388 7.927324
3820 278 11.024373 7.934961
3830 278 10.895358 7.942837
3840 278 10.795387 7.926131
3850 278 10.739403 7.873148
3860 278 10.683209 7.820166
3870 278 10.627015 7.766945
3880 278 10.571031 7.713962
3650 279 14.738872 7.402034
3660 279 14.549453 7.413967
3670 279 14.360034 7.425900
3680 279 14.170616 7.437833
3690 279 13.968780 7.443799
3700 279 13.737900 7.436162
3710 279 13.507019 7.428525
3720 279 13.274245 7.423990
3730 279 13.033894 7.432582
3740 279 12.793332 7.441174
3750 279 12.536775 7.428764
3760 279 12.256015 7.385328
3770 279 11.975465 7.342130
3780 279 11.703333 7.304660
3790 279 11.508022 7.321844
3800 279 11.312500 7.338789
3810 279 11.135078 7.327810
3820 279 10.999748 7.250962
3830 279 10.864419 7.174352
3840 279 10.742560 7.088912
3850 279 10.634171 6.994880
3860 279 10.525781 6.900848
3870 279 10.417392 6.806816
3690 280 14.773388 7.052397
3700 280 14.569447 6.992732
3710 280 14.365507 6.933067
3720 280 14.161776 6.873402
3730 280 13.953837 6.876027
3740 280 13.743372 6.920180
3750 280 13.532907 6.964332
3760 280 13.273614 6.996551
3770 280 13.008848 7.027338
3780 280 12.744083 7.058125
3790 280 12.485211 7.029008
3800 280 12.228023 6.984856
3810 280 11.976307 6.935454
3820 280 11.774260 6.839990
3830 280 11.572214 6.744526
3840 280 11.433938 6.684622
3850 280 11.338387 6.648585
3860 280 11.242625 6.612308
3870 280 11.147074 6.576271
3720 281 14.780333 7.498691
3730 281 14.513674 7.450959
3740 281 14.247015 7.403227
3750 281 13.980566 7.355495
3760 281 13.677075 7.416831
3770 281 13.369375 7.490338
3780 281 13.067779 7.546423
3790 281 12.780073 7.562413
3800 281 12.492578 7.578165
3810 281 12.228023 7.594871
3820 281 12.017558 7.613248
3830 281 11.807093 7.631624
3840 281 11.677446 7.593916
3850 281 11.582316 7.532342
3860 281 11.487396 7.470768
3710 282 14.862415 3.845764
3720 282 14.405284 3.812829
3730 282 13.947944 3.779894
3740 282 13.490814 3.746959
3750 282 13.069883 3.739799
3760 282 12.648953 3.732401
3770 282 12.228023 3.725241
3780 282 11.807093 3.739322
3790 282 11.386162 3.762472
3800 282 10.965232 3.785383
3810 282 10.554404 3.811874
3820 282 10.150311 3.840513
3830 282 9.753164 3.872255
3840 282 9.417682 3.931920
3850 282 9.082201 3.991585
3860 282 8.746719 4.051250
3870 282 8.309163 4.078696
3880 282 7.860240 4.102562
3890 282 7.411108 4.126428
3900 282 7.036270 4.128815
3910 282 6.669639 4.128815
3920 282 6.303009 4.128815
3930 282 5.876817 4.141225
3940 282 5.435472 4.156499
3950 282 4.994127 4.172012
3960 282 4.621182 4.171057
3970 282 4.277282 4.162943
3980 282 3.933593 4.155067
3990 282 3.586536 4.131678
4000 282 3.237795 4.101846
4010 282 2.889265 4.072014
4020 282 2.587458 4.049579
4030 282 2.332164 4.034305
4040 282 2.076870 4.019031
4050 282 1.821576 4.003995
4060 282 1.566492 3.988721
4070 282 1.236272 3.915214
4080 282 0.887321 3.827387
4090 282 0.538370 3.739322
4100 282 0.189419 3.651495
3780 283 14.758655 7.582222
3790 283 14.516410 7.806323
3800 283 14.273954 8.030425
3810 283 14.061384 8.273619
3820 283 13.967938 8.591753
3830 283 13.874281 8.909886
3840 283 13.779993 9.223008
3850 283 13.685073 9.530879
3860 283 13.589943 9.838989
3870 283 13.517543 10.142326
3880 283 13.479238 10.438741
3890 283 13.441144 10.735395
3900 283 13.400103 11.034197
3910 283 13.334859 11.355195
3920 283 13.269404 11.676192
3930 283 13.204791 11.973801
3940 283 13.142915 12.177378
3950 283 13.081038 12.380716
3960 283 13.019161 12.584293
3970 283 12.924662 12.845386
3980 283 12.822166 13.120800
3990 283 12.719669 13.396213
4000 283 12.617173 13.671627
3790 284 14.838422 8.519439
3800 284 14.695937 8.681012
3810 284 14.553241 8.842823
3820 284 14.410757 9.004396
3830 284 14.286161 9.263341
3840 284 14.173352 9.587203
3850 284 14.060543 9.911303
3860 284 14.006874 10.180988
3870 284 13.967938 10.437309
3880 284 13.927950 10.698880
3890 284 13.880595 11.006751
3900 284 13.833030 11.314861
3910 284 13.785465 11.622732
3920 284 13.715380 11.896714
3930 284 13.645084 12.170695
3940 284 13.569527 12.460667
3950 284 13.480922 12.787153
3960 284 13.384529 13.063044
3970 284 13.276350 13.263041
3980 284 13.168381 13.463038
3990 284 13.060202 13.663035
3770 285 15.204000 6.748106
3780 285 15.035627 6.927101
3790 285 14.867255 7.106096
3800 285 14.675101 7.352631
3810 285 14.472633 7.628045
3820 285 14.285740 7.910379
3830 285 14.238386 8.256913
3840 285 14.190820 8.603208
3850 285 14.143255 8.949742
3860 285 14.098216 9.248067
3870 285 14.052966 9.546392
3880 285 14.011294 9.848774
3890 285 13.983302 10.166907
3900 285 13.955310 10.485041
3910 285 13.919320 10.791242
3920 285 13.851972 11.048994
3930 285 13.784623 11.306747
3940 285 13.716432 11.578342
3950 285 13.648031 11.855903
3960 285 13.579419 12.133464
3970 285 13.510808 12.410787
3980 285 13.401787 12.700520
3990 285 13.232152 13.008391
4000 285 13.062517 13.316501
4010 285 12.892672 13.624372
3850 286 14.739713 7.734725
3860 286 14.627957 7.786992
3870 286 14.516200 7.839258
3880 286 14.409494 7.886513
3890 286 14.314784 7.922312
3900 286 14.220075 7.958111
3910 286 14.125366 7.993910
3920 286 13.952784 8.054768
3930 286 13.598993 8.174098
3940 286 13.247937 8.285075
3950 286 12.924241 8.321829
3960 286 12.600336 8.358582
3970 286 12.228023 8.403450
3980 286 11.807093 8.456433
3990 286 11.356697 8.459058
4000 286 10.893674 8.439965
4010 286 10.421180 8.413713
4020 286 9.911223 8.358582
4030 286 9.401266 8.303452
4040 286 8.935086 8.254049
4050 286 8.497950 8.207988
4060 286 8.060814 8.162165
4070 286 7.589372 7.999876
4080 286 7.117930 7.837588
4090 286 6.623127 7.710621
4100 286 6.105172 7.618737
4110 286 5.587007 7.526853
4120 286 5.134507 7.344278
4130 286 4.689373 7.151441
4140 286 4.248870 7.002279
4150 286 3.819521 6.954547
4160 286 3.390172 6.906815
4170 286 2.996602 6.936886
4180 286 2.611872 6.986050
4190 286 2.227352 7.035452
4200 286 1.929334 7.048340
4210 286 1.640786 7.057170
4220 286 1.316880 7.051920
4230 286 0.850069 6.989630
4240 286 0.383467 6.927339
4020 287 14.609015 6.939034
4030 287 14.267009 6.600853
4040 287 13.925003 6.262910
4050 287 13.635403 5.976757
4060 287 13.351696 5.696809
4070 287 12.975174 5.399678
4080 287 12.536775 5.091330
4090 287 12.070174 4.813768
4100 287 11.491395 4.658639
4110 287 10.898094 4.527615
4120 287 10.246704 4.493725
4130 287 9.607732 4.461984
4140 287 9.081569 4.451960
4150 287 8.555407 4.441936
4160 287 7.995149 4.483940
4170 287 7.420579 4.548378
4180 287 6.855480 4.605179
4190 287 6.377935 4.596110
4200 287 5.900389 4.586803
4210 287 5.396536 4.529286
4220 287 4.866374 4.423082
4230 287 4.336423 4.317117
4240 287 3.823520 4.200412
4250 287 3.314825 4.081083
4260 287 2.880636 3.964855
4270 287 2.557782 3.853640
4280 287 2.235139 3.742186
4290 287 1.890608 3.647438
4300 287 1.513665 3.577988
4310 287 1.136512 3.508299
4320 287 0.759358 3.438610
4330 287 0.382415 3.369160
4100 288 14.879041 8.394142
4110 288 14.618065 8.709173
4120 288 14.357088 9.024204
4130 288 14.092112 9.332314
4140 288 13.790305 9.579088
4150 288 13.488709 9.825624
4160 288 13.195321 10.060465
4170 288 12.976858 10.188864
4180 288 12.758184 10.317502
4190 288 12.532355 10.496735
4200 288 12.299371 10.726803
4210 288 12.066386 10.957110
4220 288 11.838241 11.211760
4230 288 11.612202 11.476911
4240 288 11.386162 11.742062
4250 288 11.407840 11.997189
4260 288 11.429729 12.252317
4270 288 11.456037 12.508160
4280 288 11.522754 12.769970
4290 288 11.589472 13.032018
4300 288 11.656189 13.293828
4310 288 11.722907 13.555877
4620 289 14.767284 6.837603
4630 289 14.500204 6.956933
4640 289 14.233124 7.076263
4650 289 14.054860 7.174114
4660 289 13.886488 7.269577
4630 290 14.952073 5.582253
4640 290 14.591336 5.832368
4650 290 14.230388 6.082484
4660 290 13.917216 6.237374
4670 290 13.624459 6.351453
4680 290 13.331491 6.465533
4720 291 14.883882 9.017522
4730 291 14.633850 9.054991
4740 291 14.384027 9.092222
4750 291 14.133995 9.129453
4760 291 13.907324 9.181242
4770 291 13.690334 9.238998
4780 291 13.473555 9.296992
4790 291 13.271719 9.366920
4800 291 13.092403 9.455463
4810 291 12.913297 9.543767
4820 291 12.756290 9.692690
4830 291 12.608965 9.867867
4840 291 12.461639 10.042804
4850 291 12.338938 10.223470
4860 291 12.226550 10.406283
4870 291 12.114372 10.589335
4880 291 12.076278 10.770717
4890 291 12.069753 10.951621
4900 291 12.063439 11.132286
4910 291 12.032501 11.327987
4920 291 11.964310 11.545406
4930 291 11.896330 11.763064
4940 291 11.828139 11.980722
4950 291 11.780153 12.077141
4960 291 11.732167 12.173320
4970 291 11.684181 12.269739
4980 291 11.636195 12.365919
4990 291 11.588209 12.462337
5000 291 11.524648 12.538709
5010 291 11.425309 12.568541
5020 291 11.325969 12.598374
5030 291 11.226630 12.628206
5040 291 11.127080 12.658038
5050 291 11.027740 12.687871
5060 291 10.928401 12.717703
5070 291 10.829061 12.747536
5070 292 15.160012 3.373934
5080 292 15.021737 3.687533
5090 292 14.883461 4.001370
5100 292 14.745186 4.314969
5110 292 14.610909 4.590144
5120 292 14.486313 4.775821
5130 292 14.361508 4.961499
5140 292 14.185348 5.101831
5150 292 13.974883 5.211853
5160 292 13.764418 5.322114
5170 292 13.459665 5.346695
5180 292 13.154701 5.371516
5190 292 12.857103 5.392757
5200 292 12.624118 5.384404
5210 292 12.391133 5.375812
5220 292 12.148467 5.351230
5230 292 11.883491 5.289417
5240 292 11.618516 5.227604
5250 292 11.381743 5.247174
5260 292 11.164122 5.321398
5270 292 10.946290 5.395382
5280 292 10.649535 5.423544
5290 292 10.318894 5.432136
5300 292 9.988043 5.440489
5310 292 9.840296 5.526168
5320 292 9.712544 5.619961
5330 292 9.585002 5.713993
5340 292 9.512602 5.803013
5350 292 9.476823 5.888692
5360 292 9.441044 5.974132
5370 292 9.405475 6.059811
5380 292 9.369696 6.145251
5390 292 9.333917 6.230930
5120 293 14.908296 3.222862
5130 293 14.450745 3.337180
5140 293 13.993194 3.451259
5150 293 13.539431 3.578226
5160 293 13.089457 3.718081
5170 293 12.639482 3.858174
5180 293 12.227391 4.034067
5190 293 11.840346 4.234302
5200 293 11.453301 4.434538
5210 293 11.038053 4.658162
5220 293 10.594603 4.905414
5230 293 10.151153 5.152426
5240 293 9.694023 5.393711
5250 293 9.231000 5.632371
5260 293 8.767976 5.871031
5270 293 8.324316 6.098235
5280 293 7.888864 6.320427
5290 293 7.453411 6.542620
5300 293 7.017959 6.764812
5310 293 6.582507 6.987004
5320 293 6.147054 7.209197
5330 293 5.790527 7.427570
5340 293 5.442838 7.645467
5350 293 5.078313 7.824700
5360 293 4.702422 7.978158
5370 293 4.326531 8.131378
5380 293 3.921175 8.250231
5390 293 3.508243 8.360491
5400 293 3.095521 8.470514
5120 294 14.974172 2.144120
5130 294 14.502730 2.401872
5140 294 14.031288 2.659625
5150 294 13.570159 2.892318
5160 294 13.133023 3.066778
5170 294 12.695887 3.241239
5180 294 12.226550 3.429541
5190 294 11.743111 3.624049
5200 294 11.259883 3.818557
5210 294 10.807804 4.092538
5220 294 10.355725 4.366520
5230 294 9.888703 4.632864
5240 294 9.386744 4.880593
5250 294 8.884785 5.128322
5260 294 8.434810 5.330944
5270 294 8.006724 5.513757
5280 294 7.578849 5.696809
5290 294 7.176860 5.930696
5300 294 6.786027 6.186301
5310 294 6.395193 6.442144
5320 294 6.024564 6.644050
5330 294 5.656250 6.840229
5340 294 5.289830 7.035452
5350 294 4.941510 7.224709
5360 294 4.593191 7.414205
5370 294 4.235610 7.593439
5380 294 3.840988 7.732578
5390 294 3.446366 7.871716
5130 295 14.785174 4.358405
5140 295 14.469476 4.447903
5150 295 14.153779 4.537400
5160 295 13.826716 4.616397
5170 295 13.488498 4.684653
5180 295 13.150281 4.752671
5190 295 12.869941 4.767229
5200 295 12.614437 4.758638
5210 295 12.358722 4.750285
5220 295 12.093325 4.684892
5230 295 11.826666 4.613294
5240 295 11.560217 4.541696
5250 295 11.231892 4.614010
5260 295 10.896621 4.702553
5270 295 10.568926 4.785129
5280 295 10.270697 4.844794
5290 295 9.972468 4.904459
5300 295 9.667294 5.115195
5310 295 9.360436 5.363879
5320 295 9.118190 5.555761
5330 295 8.972969 5.662920
5340 295 8.827959 5.769839
5350 295 8.682738 5.876759
5150 296 14.891669 8.108705
5160 296 14.529669 8.318726
5170 296 14.167669 8.528747
5180 296 13.791147 8.697956
5190 296 13.408522 8.849983
5200 296 13.033052 9.040195
5210 296 12.664738 9.269069
5220 296 12.300002 9.483863
5230 296 11.968098 9.575747
5240 296 11.636195 9.667631
5250 296 11.235680 9.662858
5260 296 10.766132 9.561905
5270 296 10.296585 9.460952
5280 296 9.870814 9.434461
5290 296 9.449883 9.416084
5300 296 9.014852 9.403196
5310 296 8.547199 9.403196
5320 296 8.079545 9.403196
5330 296 7.645145 9.397230
5340 296 7.233054 9.387206
5350 296 6.822227 9.370261
5360 296 6.417502 9.324200
5370 296 6.012778 9.278377
5380 296 5.614157 9.260000
5390 296 5.219535 9.260000
5400 296 4.824913 9.260000
5170 297 14.847261 7.654536
5180 297 14.369084 7.621839
5190 297 13.890697 7.589382
5200 297 13.425990 7.609190
5210 297 12.961073 7.629238
5220 297 12.500786 7.643319
5230 297 12.043235 7.653820
5240 297 11.588419 7.673390
5250 297 11.139918 7.714917
5260 297 10.691628 7.756443
5270 297 10.305845 7.746420
5280 297 9.919852 7.736635
5290 297 9.555116 7.671242
5300 297 9.204271 7.568857
5310 297 8.835115 7.404659
5320 297 8.447438 7.178648
5330 297 8.067128 7.106812
5340 297 7.692079 7.138076
5350 297 7.296194 7.186285
5360 297 6.851902 7.274589
5370 297 6.407400 7.363132
5380 297 6.007516 7.467188
5390 297 5.637097 7.581745
5400 297 5.266679 7.696301
5330 298 15.093926 6.485580
5340 298 14.760550 6.276753
5350 298 14.427383 6.067925
5360 298 14.079064 5.960767
5370 298 13.708224 6.006351
5380 298 13.374005 6.125920
5390 298 13.125446 6.418755
5400 298 12.876676 6.711830
5340 299 14.729611 5.461968
5350 299 14.368663 5.450513
5360 299 14.020554 5.425453
5370 299 13.722325 5.345980
5380 299 13.424096 5.266506
540 300 13.119974 12.637991
550 300 13.160594 12.344201
560 300 13.201003 12.050411
570 300 13.198057 11.811512
580 300 13.166276 11.608890
590 300 13.134286 11.406506
600 300 13.103347 11.215340
610 300 13.074303 11.050665
620 300 13.045259 10.886228
630 300 12.986960 10.722746
640 300 12.885305 10.561173
650 300 12.783440 10.399362
660 300 12.674209 10.243279
670 300 12.547930 10.100083
680 300 12.421651 9.956887
690 300 12.272221 9.819657
700 300 12.068490 9.696509
710 300 11.864760 9.573361
720 300 11.652822 9.458804
730 300 11.407209 9.379330
740 300 11.161596 9.299856
750 300 10.972178 9.172412
760 300 10.796860 9.033273
770 300 10.613755 8.896760
780 300 10.418865 8.764065
790 300 10.223974 8.631609
800 300 9.996251 8.486504
810 300 9.754637 8.336387
820 300 9.513023 8.186031
830 300 9.313081 8.197964
840 300 9.113139 8.209897
850 300 8.994437 8.203692
860 300 8.875735 8.197725
870 300 8.757032 8.191520
880 300 8.626544 8.189134
890 300 8.389771 8.218966
900 300 8.152997 8.248799
910 300 7.928642 8.257629
920 300 7.709758 8.257629
930 300 7.476983 8.262880
940 300 7.188646 8.289371
950 300 6.900099 8.315862
960 300 6.621232 8.381732
970 300 6.351837 8.486742
980 300 6.082442 8.591753
990 300 5.679822 8.612516
1000 300 5.277202 8.633280
1010 300 4.902995 8.672897
1020 300 4.540995 8.720629
1030 300 4.186572 8.754757
1040 300 3.862035 8.734949
1050 300 3.537498 8.715140
1060 300 3.254422 8.654520
1070 300 2.981659 8.583877
1080 300 2.706160 8.514904
1090 300 2.408142 8.461922
1100 300 2.109913 8.408701
1110 300 1.811684 8.355718
1120 300 1.565439 8.329227
1130 300 1.371180 8.329227
1140 300 1.176921 8.329227
1150 300 0.982662 8.329227
1160 300 0.858277 8.369799
1170 300 0.780615 8.437101
1180 300 0.702743 8.504642
1190 300 0.625081 8.571944
1200 300 0.547209 8.639485
1210 300 0.376733 8.650940
1220 300 0.206466 8.662157
560 301 13.648662 11.744449
570 301 13.613515 11.593377
580 301 13.578577 11.442067
590 301 13.539221 11.279062
600 301 13.490182 11.088134
610 301 13.440933 10.897206
620 301 13.394000 10.696732
630 301 13.351907 10.474063
640 301 13.309814 10.251154
650 301 13.246884 10.061658
660 301 13.134917 9.949966
670 301 13.023160 9.838034
680 301 12.903826 9.721091
690 301 12.715881 9.559280
700 301 12.527936 9.397230
710 301 12.325468 9.254750
720 301 12.088695 9.157854
730 301 11.851922 9.060958
740 301 11.618516 8.959050
750 301 11.415417 8.814184
760 301 11.212529 8.669317
770 301 11.005010 8.524451
780 301 10.787179 8.379584
790 301 10.569137 8.234718
800 301 10.331943 8.063599
810 301 10.075807 7.866466
820 301 9.803886 7.700120
830 301 9.469036 7.656684
840 301 9.134186 7.613248
850 301 8.906252 7.593439
860 301 8.678108 7.573391
870 301 8.526363 7.599883
880 301 8.425339 7.657161
890 301 8.307268 7.711814
900 301 8.035347 7.741647
910 301 7.763637 7.771479
920 301 7.429418 7.816108
930 301 7.068681 7.867182
940 301 6.707734 7.918493
950 301 6.336684 7.981261
960 301 5.964160 8.045699
970 301 5.602160 8.095579
980 301 5.263943 8.112763
990 301 4.925725 8.129707
1000 301 4.590665 8.147368
1010 301 4.258761 8.165745
1020 301 3.926858 8.184122
1030 301 3.584221 8.143072
1040 301 3.240531 8.095340
1050 301 2.896631 8.047608
1060 301 2.621764 8.002263
1070 301 2.354263 7.957156
1080 301 2.086972 7.911811
1090 301 1.837992 7.867898
1100 301 1.662674 7.828041
1110 301 1.487357 7.788185
1120 301 1.296465 7.757398
1130 301 1.043907 7.762887
1140 301 0.791349 7.768138
1150 301 0.538791 7.773388
1160 301 0.286233 7.778639
620 302 14.710880 10.694346
630 302 14.609225 10.801504
640 302 14.507570 10.908423
650 302 14.405916 11.015343
660 302 14.291212 11.181689
670 302 14.175246 11.354479
680 302 14.059069 11.527268
690 302 13.887540 11.765928
700 302 13.716011 12.004588
710 302 13.570790 12.211745
720 302 13.486604 12.345394
730 302 13.402418 12.479044
740 302 13.365166 12.505774
750 302 13.339700 12.505774
760 302 13.314233 12.505774
770 302 13.201003 12.446109
780 302 13.000009 12.326779
790 302 12.793964 12.195516
800 302 12.575711 12.036330
810 302 12.357459 11.877382
820 302 12.168040 11.747551
830 302 11.998195 11.637529
840 302 11.828139 11.527268
850 302 11.691337 11.443737
860 302 11.554535 11.360206
870 302 11.417732 11.276676
880 302 11.280930 11.193145
890 302 11.299451 11.164983
900 302 11.317972 11.137060
910 302 11.336703 11.108898
920 302 11.355224 11.080736
930 302 11.373745 11.052813
940 302 11.392266 11.024651
950 302 11.410997 10.996489
670 303 14.720982 11.167847
680 303 14.605647 11.152334
690 303 14.490102 11.137060
700 303 14.374767 11.121547
710 303 14.157357 11.097681
720 303 13.939736 11.073815
730 303 13.722325 11.049949
740 303 13.528066 11.013195
750 303 13.333807 10.976442
760 303 13.129866 10.915583
770 303 12.911614 10.818449
780 303 12.693361 10.721076
790 303 12.485632 10.645898
800 303 12.282533 10.580028
810 303 12.079224 10.514157
820 303 11.927900 10.473824
830 303 11.789624 10.439696
840 303 11.651348 10.405567
850 303 11.513073 10.371439
680 304 14.902193 11.669032
690 304 14.684993 11.676669
700 304 14.467793 11.684306
710 304 14.250593 11.691944
720 304 13.961414 11.654235
730 304 13.641507 11.596957
740 304 13.337384 11.530610
750 304 13.097033 11.428463
760 304 12.856472 11.326078
770 304 12.617804 11.226557
780 304 12.382083 11.131093
790 304 12.146362 11.035629
800 304 11.918218 10.974532
810 304 11.690916 10.917254
820 304 11.504023 10.851145
830 304 11.377744 10.771433
840 304 11.251465 10.691959
850 304 11.125186 10.612485
540 305 14.753604 11.956856
550 305 14.566501 12.036330
560 305 14.380239 12.127020
570 305 14.197345 12.261863
580 305 14.014240 12.396706
590 305 13.761472 12.502432
600 305 13.500916 12.604579
790 306 14.697620 12.323915
800 306 14.610698 12.167593
810 306 14.523566 12.011270
820 306 14.455796 11.822729
830 306 14.407179 11.602446
840 306 14.358561 11.382163
850 306 14.345933 11.199111
860 306 14.337094 11.020116
870 306 14.413703 10.926084
880 306 14.575551 10.916777
890 306 14.737398 10.907707
830 307 14.862415 11.988598
840 307 14.748343 11.849459
850 307 14.634270 11.710320
860 307 14.541666 11.577387
870 307 14.534510 11.470467
880 307 14.527144 11.363548
890 307 14.558503 11.277630
900 307 14.679941 11.240877
910 307 14.801380 11.204123
930 308 14.732558 10.134211
940 308 14.522093 10.183852
950 308 14.311627 10.233494
960 308 14.063279 10.367382
970 308 13.810720 10.510578
980 308 13.490814 10.656160
990 308 13.164172 10.796492
1000 308 12.843423 10.887421
1010 308 12.522674 10.978351
1020 308 12.447538 11.123217
1030 308 12.372402 11.268084
1040 308 12.306316 11.401256
1050 308 12.277061 11.487412
1060 308 12.247807 11.573568
1070 308 12.218762 11.659963
1080 308 12.240230 11.814853
1090 308 12.295582 12.015805
1100 308 12.284848 12.230837
1110 308 12.245912 12.451836
1120 308 12.206976 12.672835
1130 308 12.175407 12.893596
1140 308 12.143837 13.114356
1150 308 12.112267 13.335116
1160 308 12.080697 13.555877
940 309 14.750658 10.557355
950 309 14.492417 10.622509
960 309 14.190820 10.721076
970 309 13.788201 10.897445
980 309 13.385581 11.073815
990 309 13.175116 11.142071
1000 309 12.964651 11.210089
1010 309 12.805750 11.363548
1020 309 12.652741 11.526075
1030 309 12.591707 11.655667
1040 309 12.569818 11.770940
1050 309 12.548140 11.885974
1060 309 12.543721 12.040864
1070 309 12.543721 12.205301
1080 309 12.543721 12.369976
1090 309 12.543721 12.480953
1100 309 12.543721 12.585963
1110 309 12.532355 12.739183
1120 309 12.503943 12.964955
1130 309 12.475530 13.190727
1140 309 12.447117 13.416499
1070 310 14.661210 10.196979
1080 310 14.423174 10.456402
1090 310 14.185348 10.715825
1100 310 14.044968 10.994341
1110 310 13.904798 11.272618
1120 310 13.783150 11.548509
1130 310 13.673918 11.822490
1140 310 13.564897 12.096472
1150 310 13.413994 12.366635
1160 310 13.258460 12.636559
1170 310 13.074303 12.831305
1180 310 12.871415 12.976172
1190 310 12.668526 13.121277
1200 310 12.465638 13.266144
1210 310 12.262539 13.411010
1220 310 12.059651 13.555877
1090 311 14.764127 10.578596
1100 311 14.490523 10.685993
1110 311 14.193136 10.783604
1120 311 13.871966 10.871670
1130 311 13.598993 10.927278
1140 311 13.358431 10.961406
1150 311 13.062938 11.040164
1160 311 12.712093 11.164028
1170 311 12.361247 11.287654
1180 311 12.093536 11.370469
1190 311 11.846450 11.443260
1200 311 11.560638 11.539201
1210 311 11.236311 11.658531
1220 311 10.937661 11.766883
1230 311 10.871365 11.775713
1240 311 10.805068 11.784544
1250 311 10.738772 11.793374
1260 311 10.672475 11.802204
1270 311 10.606179 11.811035
1280 311 10.404974 11.884303
1290 311 10.146102 11.985256
1300 311 9.894807 12.089073
1310 311 9.714438 12.218666
1320 311 9.534069 12.348258
1330 311 9.353701 12.477850
820 312 14.690465 12.768299
830 312 14.698462 12.603147
840 312 14.706670 12.437755
850 312 14.644162 12.262341
860 312 14.475790 12.071413
870 312 14.307418 11.880485
880 312 14.299000 11.837287
890 312 14.308470 11.810558
900 312 14.317941 11.783828
910 312 14.327412 11.757098
920 312 14.336673 11.730368
930 312 14.346144 11.703877
940 312 14.355615 11.677147
950 312 14.365086 11.650417
960 312 14.374557 11.623687
970 312 14.383817 11.596957
980 312 14.393288 11.570227
990 312 14.402759 11.543497
1000 312 14.412230 11.516767
1010 312 14.424226 11.516051
1020 312 14.438959 11.541111
1030 312 14.453691 11.566170
1040 312 14.468634 11.591229
1050 312 14.483367 11.616527
1060 312 14.498100 11.641586
1070 312 14.512832 11.666646
1080 312 14.527565 11.691705
1090 312 14.542297 11.717003
1100 312 14.557240 11.742062
1110 312 14.571973 11.767121
1120 312 14.568605 11.814853
1130 312 14.402548 12.066162
1140 312 14.221969 12.285729
1150 312 13.983933 12.379284
1160 312 13.746108 12.472600
1150 313 15.258720 8.837572
1160 313 15.048255 9.052366
1170 313 14.837790 9.267160
1180 313 14.644373 9.543528
1190 313 14.458111 9.846626
1200 313 14.273954 10.133972
1210 313 14.107055 10.282180
1220 313 13.939946 10.430149
1230 313 13.769890 10.577880
1240 313 13.586996 10.722985
1250 313 13.403891 10.868329
1260 313 13.174274 10.940643
1270 313 12.939605 11.005081
1280 313 12.735454 11.113671
1290 313 12.602861 11.325839
1300 313 12.470479 11.537769
1310 313 12.417441 11.748745
1320 313 12.417441 11.958765
1330 313 12.417441 12.168786
1340 313 12.417441 12.378806
1350 313 12.417441 12.588827
1360 313 12.398500 12.743479
1370 313 12.366719 12.861138
1380 313 12.334939 12.978797
1390 313 12.303369 13.096457
1400 313 12.271589 13.214116
1410 313 12.239809 13.332014
1420 313 12.208029 13.449673
1430 313 12.176459 13.567332
1760 314 14.808746 9.544483
1770 314 14.501046 9.617990
1780 314 14.193346 9.691497
1790 314 13.927108 9.713454
1800 314 13.678338 9.713454
1810 314 13.380109 9.739468
1820 314 13.032421 9.791257
1830 314 12.687258 9.837080
1840 314 12.352408 9.858798
1850 314 12.017558 9.880516
1860 314 11.711331 9.945670
1870 314 11.405315 10.010585
1880 314 11.084566 10.150917
1890 314 10.760029 10.310103
1900 314 10.506418 10.383372
1910 314 10.359093 10.327526
1920 314 10.211767 10.271918
1930 314 10.074544 10.204616
1940 314 9.952264 10.119891
1950 314 9.829983 10.035167
1960 314 9.707914 9.950682
320 315 7.568746 11.681443
330 315 7.439100 11.571420
340 315 7.309664 11.461160
350 315 7.176018 11.318202
360 315 7.032902 11.098635
370 315 6.889786 10.879068
380 315 6.650697 10.678355
390 315 6.387616 10.482177
400 315 6.124535 10.286237
410 315 5.877449 10.120130
420 315 5.630363 9.954262
430 315 5.454203 9.782188
440 315 5.308561 9.607966
450 315 5.151134 9.433029
460 315 4.888052 9.254034
470 315 4.624971 9.075039
480 315 4.293488 8.967642
490 315 3.932751 8.891032
500 315 3.571803 8.814184
510 315 3.297567 8.737335
520 315 3.032802 8.660248
530 315 2.768037 8.583400
540 315 2.521582 8.546646
550 315 2.279969 8.520155
560 315 2.029094 8.488890
570 315 1.695296 8.414906
580 315 1.361499 8.340683
590 315 1.038224 8.262402
600 315 0.757674 8.166938
610 315 0.477124 8.071474
620 315 0.196364 7.976011
500 316 9.433467 11.368082
510 316 9.410106 11.209135
520 316 9.386744 11.049949
530 316 9.355174 10.874534
540 316 9.249942 10.553298
550 316 9.144709 10.232062
560 316 9.067889 9.924668
570 316 9.019272 9.630878
580 316 8.970654 9.337087
590 316 9.009590 9.191982
600 316 9.057997 9.063583
610 316 9.114613 8.958334
620 316 9.189749 8.907022
630 316 9.264885 8.855949
640 316 9.340231 8.804876
650 316 9.412631 8.756189
660 316 9.460828 8.728744
670 316 9.509235 8.701298
680 316 9.557431 8.673852
690 316 9.605838 8.646645
700 316 9.654035 8.619199
710 316 9.702442 8.591753
720 316 9.603312 8.560966
730 316 9.503973 8.530417
740 316 9.404844 8.499630
750 316 9.305504 8.469082
760 316 9.206375 8.438295
770 316 9.107036 8.407746
780 316 9.007907 8.376959
790 316 8.830695 8.301542
800 316 8.654115 8.223501
810 316 8.483849 8.121354
820 316 8.313372 8.018969
830 316 8.254863 7.945939
840 316 8.196353 7.873148
850 316 8.138054 7.800118
860 316 8.126900 7.642841
870 316 8.187093 7.358598
880 316 8.283696 7.101322
890 316 8.465538 6.905860
900 316 8.643171 6.732593
910 316 8.783340 6.755266
920 316 8.923721 6.777938
930 316 9.134186 6.984140
940 316 9.344651 7.190104
950 316 9.513023 7.202753
960 316 9.670872 7.166954
970 316 10.039186 7.099413
980 316 10.460116 7.024235
990 316 10.773919 6.932590
1000 316 11.075937 6.839274
1010 316 11.383426 6.808009
1020 316 11.694494 6.818510
1030 316 12.060703 6.764812
1040 316 12.555296 6.561951
1050 316 12.983593 6.312552
1060 316 13.257197 5.954562
1070 316 13.511860 5.552898
1080 316 13.722325 5.049087
1090 316 13.987511 4.596588
1100 316 14.307418 4.195639
1110 316 14.627325 3.794691
1120 316 15.083403 3.496366
530 317 9.342546 11.113671
540 317 9.321500 11.033959
550 317 9.300453 10.954485
560 317 9.279617 10.872624
570 317 9.261728 10.770478
580 317 9.243628 10.668093
590 317 9.225528 10.565708
600 317 9.146182 10.407238
610 317 9.026007 10.211298
620 317 8.905621 10.015120
630 317 8.849006 9.809634
640 317 8.808386 9.601761
650 317 8.767556 9.393888
660 317 8.755349 9.277422
670 317 8.755349 9.200097
680 317 8.755349 9.122532
690 317 8.755349 9.045206
700 317 8.743773 9.018954
710 317 8.732197 8.992940
720 317 8.720832 8.966687
730 317 8.709257 8.940673
740 317 8.697681 8.914421
750 317 8.686106 8.888168
760 317 8.674530 8.862154
770 317 8.497529 8.812513
780 317 8.249390 8.752848
790 317 8.001463 8.693183
800 317 7.823199 8.676954
810 317 7.652932 8.665737
820 317 7.490453 8.490561
830 317 7.330289 8.274574
840 317 7.288828 8.088419
850 317 7.298299 7.914914
860 317 7.329447 7.714678
870 317 7.382064 7.487951
880 317 7.503502 7.147384
890 317 7.693973 6.692737
900 317 7.888022 6.294414
910 317 8.087332 5.980337
920 317 8.364304 5.678910
930 317 8.718728 5.389893
940 317 9.059050 5.240253
950 317 9.389690 5.183452
960 317 9.690445 5.143596
970 317 9.961103 5.120923
980 317 10.207558 5.034528
990 317 10.418023 4.852670
1000 317 10.644273 4.610907
1010 317 10.907354 4.229052
1020 317 11.166226 3.883711
1030 317 11.414786 3.623333
1040 317 11.666712 3.372979
1050 317 11.947473 3.214032
1060 317 12.228023 3.054845
1070 317 12.591496 2.707595
1080 317 12.955180 2.360584
1090 317 13.348539 2.063930
1100 317 13.749475 1.779686
1110 317 14.151464 1.512864
1120 317 14.554083 1.253441
1130 317 14.956703 0.994018
940 318 9.982781 10.634919
950 318 9.794836 10.523943
960 318 9.606890 10.413204
970 318 9.371169 10.274782
980 318 9.087463 10.108913
990 318 8.769450 9.938271
1000 318 8.313372 9.749253
1010 318 7.857294 9.560234
1020 318 7.387325 9.387206
1030 318 6.913779 9.218235
1040 318 6.476011 9.075278
1050 318 6.091492 8.971461
1060 318 5.693502 8.867882
1070 318 5.171970 8.764065
1080 318 4.650437 8.660248
1090 318 4.195201 8.607743
1100 318 3.756802 8.567887
1110 318 3.354182 8.481492
1120 318 3.005652 8.324692
1130 318 2.657122 8.168132
1140 318 2.322903 8.029232
1150 318 2.046352 7.960975
1160 318 1.769801 7.892718
1170 318 1.493039 7.824700
1180 318 1.125567 7.752386
1190 318 0.719159 7.678163
1200 318 0.312751 7.604179
940 319 9.809779 11.093623
950 319 9.606680 10.920834
960 319 9.403371 10.747805
970 319 9.151444 10.609621
980 319 8.826065 10.522749
990 319 8.472904 10.423467
1000 319 8.008197 10.274304
1010 319 7.543490 10.125142
1020 319 7.055211 10.003903
1030 319 6.561039 9.889823
1040 319 6.112959 9.762379
1050 319 5.711181 9.621331
1060 319 5.296144 9.468112
1070 319 4.849958 9.286730
1080 319 4.403772 9.105349
1090 319 3.949799 9.037331
1100 319 3.493721 8.997474
1110 319 3.113410 8.944969
1120 319 2.846962 8.873371
1130 319 2.580302 8.801773
1140 319 2.304593 8.728982
1150 319 2.015203 8.654520
1160 319 1.725814 8.579820
1170 319 1.412642 8.502255
1180 319 1.004971 8.412758
1190 319 0.597090 8.323261
1200 319 0.189419 8.233763
1750 320 7.741538 12.078095
1760 320 7.548752 11.829650
1770 320 7.355756 11.580967
1780 320 7.131189 11.380015
1790 320 6.859479 11.250900
1800 320 6.587558 11.121547
1810 320 6.313111 11.173336
1820 320 6.038454 11.225364
1830 320 5.744856 11.262595
1840 320 5.442838 11.293859
1850 320 5.221429 11.333238
1860 320 5.120616 11.385027
1870 320 5.021487 11.453284
1880 320 4.934354 11.667123
1890 320 4.847222 11.881201
1900 320 4.782399 12.068787
1910 320 4.806392 12.150409
1920 320 4.830385 12.232269
1930 320 4.854588 12.314130
1940 320 4.878371 12.345871
1950 320 4.902153 12.356372
1960 320 4.925936 12.366635
1970 320 4.949718 12.377136
1980 320 4.973501 12.387398
1990 320 4.997284 12.397899
2000 320 5.021066 12.408162
2010 320 5.044849 12.418663
2020 320 5.068631 12.428925
2030 320 5.092624 12.439426
2040 320 5.116407 12.449688
2050 320 5.140189 12.460189
2010 321 11.196744 12.481908
2020 321 11.088354 12.395035
2030 321 10.979965 12.308402
2040 321 10.871575 12.221530
2050 321 10.724460 12.121293
2060 321 10.560718 12.015089
2070 321 10.396976 11.909124
2080 321 10.318052 11.797193
2090 321 10.239128 11.685500
2100 321 10.160203 11.573568
2110 321 10.024243 11.503402
2120 321 9.873760 11.443737
2130 321 9.723488 11.384072
2140 321 9.611310 11.248752
2150 321 9.498922 11.113671
2160 321 9.386744 10.978351
2170 321 9.206375 10.773819
2180 321 9.026007 10.569288
2190 321 8.838061 10.361177
2200 321 8.620019 10.139700
2210 321 8.401978 9.917985
2220 321 8.215085 9.733263
2230 321 8.074915 9.604148
2240 321 7.934535 9.474794
2250 321 7.741538 9.315608
2260 321 7.548752 9.156661
2270 321 7.380590 8.966926
2280 321 7.229056 8.756905
2290 321 7.088886 8.540680
2300 321 7.050581 8.269562
2310 321 7.012277 7.998445
2320 321 6.947874 7.868136
2330 321 6.880525 7.753580
2340 321 6.842431 7.650479
2350 321 6.848324 7.564084
2360 321 6.854217 7.477928
2370 321 6.859900 7.391771
2380 321 6.841800 7.279124
2390 321 6.817386 7.159794
2400 321 6.788552 7.014450
2410 321 6.740566 6.764812
2420 321 6.692790 6.515413
2430 321 6.508634 6.316609
2440 321 6.324477 6.117567
2450 321 6.084336 5.972939
2460 321 5.806943 5.864587
2470 321 5.559436 5.711368
2480 321 5.357179 5.491085
2490 321 5.154711 5.270802
2500 321 4.976027 5.131186
2510 321 4.803024 5.011856
2520 321 4.630232 4.892526
2530 321 4.555096 4.747659
2540 321 4.479960 4.602793
2550 321 4.371360 4.469143
2560 321 4.129746 4.380839
2570 321 3.888132 4.292296
2580 321 3.634732 4.211868
2590 321 3.369336 4.139077
2600 321 3.088365 4.075832
2610 321 2.745307 4.049341
2620 321 2.402459 4.022850
2630 321 2.091813 4.022372
2640 321 1.813788 4.047909
2650 321 1.535553 4.073445
2660 321 1.260265 4.065570
2670 321 0.986240 4.043374
2680 321 0.712214 4.021179
2690 321 0.437978 3.998984
2700 321 0.163952 3.976788
2190 322 9.333496 12.620808
2200 322 9.519126 12.452314
2210 322 9.704967 12.284059
2220 322 9.890597 12.115565
2230 322 10.066546 11.939195
2240 322 10.203980 11.731800
2250 322 10.341203 11.524166
2260 322 10.476111 11.357343
2270 322 10.610809 11.195054
2280 322 10.698573 11.038016
2290 322 10.716252 10.888853
2300 322 10.733721 10.739691
2310 322 10.588079 10.638738
2320 322 10.442226 10.537785
2330 322 10.324576 10.335879
2340 322 10.248809 9.982662
2350 322 10.173042 9.629446
2360 322 10.144418 9.594124
2370 322 10.121057 9.594124
2380 322 10.086961 9.559518
2390 322 10.010562 9.385774
2400 322 9.933953 9.212268
2410 322 9.857344 9.038763
2420 322 9.746429 8.816332
2430 322 9.631725 8.588412
2440 322 9.426522 8.423498
2450 322 9.183014 8.285314
2460 322 8.759979 8.140924
2470 322 8.292325 7.995103
2480 322 7.981679 8.074577
2490 322 7.671032 8.154289
2500 322 7.401006 8.302258
2510 322 7.135609 8.457865
2520 322 6.945349 8.663351
2530 322 6.804968 8.902011
2540 322 6.608604 8.975279
2550 322 6.394772 9.001293
2560 322 6.173363 9.013703
2570 322 5.932591 9.032796
2580 322 5.663195 9.061435
2590 322 5.393800 9.090074
2600 322 5.074735 9.039240
2610 322 4.750408 8.979575
2620 322 4.399563 8.909886
2630 322 4.022409 8.830413
2640 322 3.643362 8.751178
2650 322 3.244530 8.676000
2660 322 2.847593 8.601538
2670 322 2.457812 8.530656
2680 322 2.068030 8.460013
2690 322 1.724130 8.409894
2700 322 1.425901 8.380062
2710 322 1.127883 8.353093
2720 322 0.830285 8.353093
2730 322 0.532687 8.353093
2740 322 0.235090 8.353093
2190 323 7.642620 11.990268
2200 323 7.530442 11.847072
2210 323 7.418264 11.703877
2220 323 7.305875 11.560681
2230 323 7.274516 11.390994
2240 323 7.297036 11.203407
2250 323 7.319766 11.015820
2260 323 7.422473 10.795299
2270 323 7.545174 10.566663
2280 323 7.664508 10.294113
2290 323 7.778370 9.956171
2300 323 7.892442 9.617990
2310 323 8.018721 9.407969
2320 323 8.145000 9.197949
2330 323 8.343468 9.002009
2340 323 8.614126 8.820150
2350 323 8.929403 8.685069
2360 323 9.312029 8.619915
2370 323 9.693181 8.573137
2380 323 10.067178 8.599629
2390 323 10.420338 8.575524
2400 323 10.741508 8.475048
2410 323 11.055101 8.359537
2420 323 11.361328 8.229467
2430 323 11.655137 8.172428
2440 323 11.920533 8.286746
2450 323 12.185930 8.400825
2460 323 12.515308 8.753564
2470 323 12.844686 9.106542
2480 323 13.071777 9.430165
2490 323 13.254672 9.741377
2500 323 13.410205 10.043520
2510 323 13.524067 10.332060
2520 323 13.638139 10.620361
2530 323 13.669709 10.930619
2540 323 13.701279 11.240877
2550 323 13.464505 11.549225
2560 323 13.227732 11.857335
2570 323 12.991380 12.106496
2580 323 12.755448 12.316278
2590 323 12.519517 12.526060
2600 323 12.291162 12.721999
2610 323 12.080697 12.886197
2620 323 11.870232 13.050157
2630 323 11.659767 13.214354
2640 323 11.449302 13.378314
2650 323 11.238837 13.542512
2320 324 0.343058 12.956602
2330 324 0.405566 12.930588
2340 324 0.467864 12.904335
2350 324 0.530372 12.878321
2360 324 0.592880 12.852308
2370 324 0.655388 12.826055
2380 324 0.717896 12.800041
2390 324 0.819762 12.761855
2400 324 0.938253 12.718419
2410 324 1.056956 12.674983
2420 324 1.175448 12.631547
2430 324 1.294150 12.588111
2440 324 1.431163 12.532742
2450 324 1.641628 12.428209
2460 324 1.852093 12.323915
2470 324 2.062558 12.219382
2480 324 2.235350 12.185253
2490 324 2.408352 12.151125
2500 324 2.590405 12.107450
2510 324 2.808867 12.024874
2520 324 3.027541 11.942059
2530 324 3.280309 11.914136
2540 324 3.556229 11.922250
2550 324 3.831938 11.930603
2560 324 3.997995 11.874996
2570 324 4.116908 11.791942
2580 324 4.218142 11.708172
2590 324 4.292857 11.623448
2600 324 4.367572 11.538724
2610 324 4.419767 11.439442
2620 324 4.419767 11.305792
2630 324 4.419767 11.172143
2640 324 4.460387 10.994102
2650 324 4.511109 10.804606
2660 324 4.562042 10.615349
2670 324 4.628338 10.527045
2680 324 4.696529 10.449719
2690 324 4.764509 10.372632
2700 324 4.818809 10.306523
2710 324 4.859218 10.251393
2720 324 4.899838 10.196263
2730 324 5.093256 10.065477
2740 324 5.303721 9.926338
2750 324 5.467884 9.880516
2760 324 5.585744 9.928248
2770 324 5.703604 9.975980
2780 324 5.808837 9.873595
2790 324 5.914070 9.771448
2800 324 5.996572 9.669302
2810 324 5.988574 9.568349
2820 324 5.980366 9.467396
2830 324 5.985838 9.361908
2840 324 6.000150 9.253556
2850 324 6.014461 9.144966
2860 324 6.028773 9.036615
2870 324 6.080968 8.951413
2880 324 6.284488 8.959289
2890 324 6.488008 8.967165
2900 324 6.692790 8.979575
2910 324 6.903256 9.009407
2920 324 7.113721 9.039240
2930 324 7.324186 9.069072
2940 324 7.576744 9.049980
2950 324 7.829302 9.030887
2960 324 8.126058 8.896283
2970 324 8.466801 8.646406
2980 324 8.843113 8.444500
2990 324 9.272672 8.315385
3000 324 9.702442 8.186031
3010 324 9.850609 8.000354
3020 324 9.998566 7.814676
3030 324 10.140209 7.645944
3040 324 10.266488 7.516352
3050 324 10.392767 7.386759
3060 324 10.519046 7.257406
3070 324 10.706781 7.119460
3080 324 10.910090 6.979606
3090 324 11.113189 6.839751
3100 324 11.491395 6.793929
3110 324 11.888964 6.758607
3120 324 12.259593 6.713262
3130 324 12.522674 6.627821
3140 324 12.785755 6.542620
3150 324 13.096402 6.495126
3160 324 13.478396 6.503957
3170 324 13.860390 6.512787
3180 324 14.203027 6.493933
3190 324 14.528827 6.463146
3200 324 14.854838 6.432359
2360 325 0.829443 13.590244
2370 325 0.977821 13.523180
2380 325 1.126199 13.456355
2390 325 1.274577 13.389292
2400 325 1.422955 13.322467
2410 325 1.571333 13.255404
2420 325 1.719710 13.188341
2430 325 1.868088 13.121516
2440 325 2.016466 13.054452
2450 325 2.164844 12.987628
2460 325 2.313222 12.920564
2470 325 2.461600 12.853739
2480 325 2.609978 12.786676
2490 325 2.758356 12.719613
2500 325 2.915363 12.647537
2510 325 3.091732 12.562813
2520 325 3.268313 12.478089
2530 325 3.441525 12.406491
2540 325 3.601479 12.387398
2550 325 3.761432 12.368305
2560 325 3.880766 12.308641
2570 325 3.982631 12.231792
2580 325 4.084286 12.154705
2590 325 4.166157 12.073561
2600 325 4.234348 11.989791
2610 325 4.302538 11.905783
2620 325 4.370939 11.822013
2630 325 4.398089 11.720821
2640 325 4.420820 11.617482
2650 325 4.443760 11.514381
2660 325 4.468806 11.415814
2670 325 4.503953 11.336340
2680 325 4.539101 11.256867
2690 325 4.574038 11.177154
2700 325 4.603924 11.051381
2710 325 4.630232 10.894820
2720 325 4.656541 10.738259
2730 325 4.678218 10.601984
2740 325 4.692951 10.496497
2750 325 4.707473 10.391248
2760 325 4.722206 10.285760
2770 325 4.736938 10.166907
2780 325 4.752513 9.928248
2790 325 4.768298 9.689588
2800 325 4.836699 9.489830
2810 325 4.984866 9.348304
2820 325 5.133034 9.207018
2830 325 5.244370 9.129215
2840 325 5.340131 9.078380
2850 325 5.435682 9.027784
2860 325 5.544282 8.973608
2870 325 5.672035 8.913944
2880 325 5.799787 8.854279
2890 325 5.936379 8.771464
2900 325 6.078653 8.673136
2910 325 6.221138 8.574808
2920 325 6.391615 8.490800
2930 325 6.674901 8.463354
2940 325 6.958397 8.435669
2950 325 7.263782 8.418486
2960 325 7.584110 8.407985
2970 325 7.892442 8.369083
2980 325 8.172992 8.262880
2990 325 8.442597 8.166461
3000 325 8.700838 8.079828
3010 325 8.963288 7.971237
3020 325 9.234999 7.812051
3030 325 9.506919 7.653104
3040 325 9.715280 7.553105
3050 325 9.916485 7.459789
3060 325 10.195561 7.422320
3070 325 10.526202 7.422320
3080 325 10.857053 7.422320
3090 325 11.147705 7.390578
3100 325 11.428255 7.350722
3110 325 11.715119 7.295114
3120 325 12.011244 7.215402
3130 325 12.307579 7.135928
3140 325 12.655688 7.051920
3150 325 13.026107 6.966002
3160 325 13.375900 6.897268
3170 325 13.642980 6.897268
3180 325 13.910060 6.897268
3190 325 14.227441 6.855503
3200 325 14.578287 6.785814
3210 325 14.928922 6.716364
2570 326 6.666272 10.428001
2580 326 6.544202 10.273827
2590 326 6.421922 10.119891
2600 326 6.299642 9.965956
2610 326 6.140320 9.886482
2620 326 5.956163 9.856650
2630 326 5.742330 9.845433
2640 326 5.410006 9.908200
2650 326 5.096834 9.968104
2660 326 4.827859 10.021086
2670 326 4.572355 10.137075
2680 326 4.330320 10.316070
2690 326 4.161106 10.440412
2700 326 4.064502 10.510100
2710 326 3.971898 10.596495
2720 326 3.912967 10.835155
2730 326 3.854037 11.073815
2740 326 3.822046 11.279062
2750 326 3.807945 11.462114
2760 326 3.794055 11.644928
2770 326 3.794055 11.796238
2780 326 3.803736 11.926546
2790 326 3.813207 12.056616
2800 326 3.822888 12.186924
2810 326 3.837200 12.275944
2820 326 3.871295 12.201244
2830 326 3.905391 12.126543
2840 326 3.939275 12.051843
2850 326 3.973371 11.977142
2860 326 4.007256 11.902442
2870 326 4.041351 11.827741
2880 326 4.075446 11.752802
2890 326 4.109331 11.678101
2900 326 4.143427 11.603401
2910 326 4.137534 11.603878
2920 326 4.038405 11.779293
2930 326 3.939486 11.954708
2940 326 3.840357 12.130123
2950 326 3.563595 12.235611
2960 326 3.267050 12.333222
2970 326 2.970715 12.461621
2980 326 2.674380 12.602908
2990 326 2.378256 12.744433
3000 326 2.106545 12.887629
3010 326 1.834835 13.030825
3020 326 1.563124 13.174021
3030 326 1.291414 13.317217
3040 326 1.019703 13.460413
3050 326 0.748203 13.603609
2590 327 5.988785 10.287431
2600 327 5.941430 10.293397
2610 327 5.894075 10.299364
2620 327 5.846721 10.305330
2630 327 5.782950 10.296261
2640 327 5.654145 10.227050
2650 327 5.525130 10.157600
2660 327 5.403692 10.078126
2670 327 5.351075 9.906530
2680 327 5.298459 9.735172
2690 327 5.245843 9.563575
2700 327 5.256366 9.438995
2710 327 5.273835 9.319665
2720 327 5.206065 9.227542
2730 327 5.053057 9.162388
2740 327 4.882791 9.065731
2750 327 4.672325 8.895089
2760 327 4.425239 8.756667
2770 327 4.031880 8.746404
2780 327 3.638310 8.735903
2790 327 3.390593 8.670511
2800 327 3.159081 8.598913
2810 327 3.161817 8.645451
2820 327 3.190441 8.705116
2830 327 3.219064 8.764781
2840 327 3.247898 8.824446
2850 327 3.361970 8.998668
2860 327 3.561280 9.287685
2870 327 3.735756 9.603670
2880 327 3.893605 9.937794
2890 327 4.010834 10.248768
2900 327 4.101123 10.544229
2910 327 4.200884 10.854248
2920 327 4.310325 11.178825
2930 327 4.419767 11.503402
2940 327 4.048928 11.707934
2950 327 3.678088 11.912465
2960 327 3.356918 11.922250
2970 327 3.041221 11.910317
2980 327 2.706581 12.027261
2990 327 2.369837 12.158523
3000 327 2.038565 12.376181
3010 327 1.707714 12.603624
3020 327 1.417062 12.776175
3030 327 1.136512 12.935361
3040 327 0.855962 13.094547
3050 327 0.575201 13.253495
3060 327 0.294651 13.412681
2820 328 3.413744 12.990492
2830 328 3.455837 12.852546
2840 328 3.497930 12.714839
2850 328 3.540023 12.576894
2860 328 3.582116 12.438949
2870 328 3.620000 12.298617
2880 328 3.620000 12.136805
2890 328 3.620000 11.974755
2900 328 3.654516 11.783350
2910 328 3.769220 11.522972
2920 328 3.878030 11.275482
2930 328 3.932330 11.144697
2940 328 3.986630 11.013672
2950 328 4.040930 10.882887
2960 328 4.162368 10.589097
2970 328 4.283807 10.295306
2980 328 4.444392 10.003903
2990 328 4.663486 9.715363
3000 328 4.882791 9.427062
3010 328 5.093256 9.236134
3020 328 5.303721 9.045206
3030 328 5.514186 8.942821
3040 328 5.724651 8.840675
3050 328 6.077180 8.660487
3060 328 6.445494 8.471468
3070 328 6.828751 8.321590
3080 328 7.227161 8.210852
3090 328 7.625572 8.099875
3100 328 8.027560 8.087703
3110 328 8.430811 8.117536
3120 328 8.844586 8.166938
3130 328 9.282353 8.262402
3140 328 9.720121 8.357866
3150 328 10.104009 8.544975
3160 328 10.474428 8.754996
3170 328 10.816223 8.951652
3180 328 11.091511 9.116804
3190 328 11.366800 9.281957
3200 328 11.716593 9.461429
3210 328 12.098587 9.647106
3220 328 12.480581 9.832784
3230 328 12.770812 9.840898
3240 328 13.061254 9.849251
3250 328 13.354643 9.845433
3260 328 13.676444 9.733024
3270 328 14.034866 9.592215
3280 328 14.447588 9.408685
3290 328 14.860520 9.225156
3100 329 6.707102 10.816539
3110 329 6.638701 10.629430
3120 329 6.570510 10.442321
3130 329 6.502320 10.255212
3140 329 6.461279 10.108436
3150 329 6.461279 10.021564
3160 329 6.461279 9.934691
3170 329 6.462121 9.854502
3180 329 6.471171 9.832068
3190 329 6.480221 9.809634
3200 329 6.489060 9.787200
3210 329 6.498110 9.764766
3220 329 6.507160 9.742332
3230 329 6.516210 9.719659
3240 329 6.525050 9.697225
3250 329 6.534100 9.674791
3260 329 6.543150 9.652357
3270 329 6.552200 9.629923
3280 329 6.561039 9.607489
3290 329 6.564196 9.588396
3300 329 6.558724 9.574077
3310 329 6.553042 9.559757
3320 329 6.547359 9.545437
3330 329 6.541887 9.531118
3340 329 6.536204 9.516798
3350 329 6.530522 9.502479
3360 329 6.525050 9.488159
3370 329 6.519367 9.473839
3380 329 6.513685 9.459520
3390 329 6.508213 9.445200
3400 329 6.502530 9.430881
3410 329 6.496847 9.416561
3420 329 6.491375 9.402241
3430 329 6.485693 9.387922
3440 329 6.480010 9.373602
3450 329 6.474538 9.359283
3460 329 6.468856 9.344963
3470 329 6.463173 9.330644
3480 329 6.457701 9.316324
3490 329 6.452018 9.302004
3500 329 6.446336 9.287685
3510 329 6.440864 9.273365
3520 329 6.435181 9.259046
3530 329 6.429499 9.244726
3540 329 6.424027 9.230406
3550 329 6.418344 9.216087
3560 329 6.412661 9.201767
3570 329 6.407189 9.187448
3580 329 6.401507 9.173128
3590 329 6.369095 9.109406
3600 329 6.296064 8.971699
3610 329 6.223243 8.833992
3620 329 6.006674 8.711083
3630 329 5.754116 8.591753
3640 329 5.501558 8.472423
3650 329 5.313192 8.419679
3660 329 5.141031 8.383403
3670 329 4.968871 8.347365
3680 329 4.780925 8.325408
3690 329 4.577195 8.317771
3700 329 4.373675 8.309896
3710 329 4.161106 8.284836
3720 329 3.935698 8.233763
3730 329 3.710289 8.182690
3740 329 3.497720 8.148800
3750 329 3.293779 8.126366
3760 329 3.089838 8.103932
3770 329 2.883372 8.075532
3780 329 2.672907 8.037823
3790 329 2.462442 8.000115
3800 329 2.251977 7.962407
3810 329 1.978372 7.921835
3820 329 1.662674 7.879115
3830 329 1.346977 7.836633
3840 329 1.076529 7.901549
3850 329 0.817657 7.993194
3860 329 0.558574 8.085078
3870 329 0.299492 8.176962
3120 330 7.212008 11.107466
3130 330 7.071628 11.036584
3140 330 6.931247 10.965940
3150 330 6.770242 10.837064
3160 330 6.588189 10.649955
3170 330 6.406137 10.463084
3180 330 6.224085 10.275975
3190 330 6.164102 10.194115
3200 330 6.134847 10.138507
3210 330 6.105382 10.083138
3220 330 6.076128 10.027530
3230 330 6.060343 9.978366
3240 330 6.058449 9.935646
3250 330 6.056344 9.892926
3260 330 6.054450 9.850206
3270 330 6.052556 9.807247
3280 330 6.050451 9.764527
3290 330 6.048557 9.721807
3300 330 6.046452 9.679087
3310 330 6.044558 9.636128
3320 330 6.042453 9.593408
3330 330 6.040559 9.550688
3340 330 5.977209 9.411072
3350 330 5.907124 9.260955
3360 330 5.849878 9.116088
3370 330 5.844406 8.993895
3380 330 5.839144 8.871462
3390 330 5.833672 8.749030
3400 330 5.818939 8.618960
3410 330 5.782739 8.470752
3420 330 5.746329 8.322545
3430 330 5.540915 8.216341
3440 330 5.081680 8.172905
3450 330 4.632337 8.100114
3460 330 4.221930 7.909186
3470 330 3.779953 7.711098
3480 330 3.211698 7.484371
3490 330 2.649966 7.270532
3500 330 2.114122 7.107766
3510 330 1.578488 6.945000
3520 330 0.897002 6.888199
3530 330 0.215516 6.831398
3140 331 7.204852 11.256867
3150 331 7.064682 11.177154
3160 331 6.924302 11.097681
3170 331 6.788131 11.018684
3180 331 6.689423 10.943984
3190 331 6.590925 10.869522
3200 331 6.492217 10.794821
3210 331 6.438549 10.748760
3220 331 6.390142 10.706040
3230 331 6.341524 10.663081
3240 331 6.292907 10.620361
3250 331 6.244289 10.577641
3260 331 6.195672 10.534682
3270 331 6.147265 10.491962
3280 331 6.101804 10.449719
3290 331 6.084757 10.413204
3300 331 6.067709 10.376451
3310 331 6.050661 10.339936
3320 331 6.033614 10.303421
3330 331 6.016356 10.266906
3340 331 5.999308 10.230391
3350 331 5.982260 10.193876
3360 331 5.965213 10.157122
3370 331 5.948165 10.120607
3380 331 5.931117 10.084093
3390 331 5.914070 10.047578
3400 331 5.902915 9.959751
3410 331 5.891971 9.871685
3420 331 5.880816 9.783858
3430 331 5.871135 9.711306
3440 331 5.866925 9.700805
3450 331 5.862927 9.690304
3460 331 5.858717 9.679803
3470 331 5.854718 9.669302
3480 331 5.850509 9.658801
3490 331 5.846300 9.648061
3500 331 5.842301 9.637560
3510 331 5.838092 9.627059
3520 331 5.834093 9.616558
3530 331 5.829884 9.606057
3540 331 5.825674 9.595556
3550 331 5.821675 9.585055
3560 331 5.817466 9.574554
3570 331 5.813467 9.564053
3580 331 5.809258 9.553313
3590 331 5.805049 9.542812
3600 331 5.801050 9.532311
3610 331 5.796841 9.521810
3620 331 5.792842 9.511309
3630 331 5.788632 9.500808
3640 331 5.626364 9.458804
3650 331 5.424738 9.409163
3660 331 5.151344 9.338519
3670 331 4.770613 9.236134
3680 331 4.417873 9.125396
3690 331 4.130799 8.995327
3700 331 3.855089 8.868121
3710 331 3.679562 8.768838
3720 331 3.504244 8.669317
3730 331 3.386594 8.649270
3740 331 3.293779 8.663351
3750 331 3.200964 8.677432
3760 331 3.104360 8.670272
3770 331 2.999128 8.614187
3780 331 2.893895 8.558102
3790 331 2.788663 8.502017
3800 331 2.557151 8.439011
3810 331 2.311538 8.375288
3820 331 2.066136 8.311805
3830 331 1.764119 8.312998
3840 331 1.455998 8.321590
3850 331 1.162188 8.335909
3860 331 0.997815 8.402973
3870 331 0.833231 8.470275
3880 331 0.668858 8.537338
3200 332 7.043425 10.962599
3210 332 6.971025 10.806038
3220 332 6.898625 10.649478
3230 332 6.826225 10.492917
3240 332 6.813808 10.468335
3250 332 6.807915 10.458788
3260 332 6.801811 10.449003
3270 332 6.795918 10.439457
3280 332 6.790025 10.429672
3290 332 6.784132 10.419887
3300 332 6.778239 10.410340
3310 332 6.772346 10.400555
3320 332 6.766453 10.390770
3330 332 6.760560 10.381224
3340 332 6.754457 10.371439
3350 332 6.748564 10.361893
3360 332 6.742671 10.352107
3370 332 6.736778 10.342322
3380 332 6.730885 10.332776
3390 332 6.724992 10.322991
3400 332 6.719099 10.313206
3410 332 6.713206 10.303660
3420 332 6.707102 10.293874
3430 332 6.701209 10.284328
3440 332 6.695316 10.274543
3450 332 6.689423 10.264758
3460 332 6.683530 10.255212
3470 332 6.677637 10.245427
3480 332 6.671744 10.235641
3490 332 6.665851 10.226095
3500 332 6.659747 10.216310
3510 332 6.653854 10.206764
3520 332 6.647961 10.196979
3530 332 6.642068 10.187194
3540 332 6.636175 10.177647
3550 332 6.630282 10.167862
3560 332 6.557882 10.048294
3570 332 6.477906 9.916792
3580 332 6.398139 9.785052
3590 332 6.234397 9.546392
3600 332 6.070656 9.307732
3610 332 5.923330 9.124680
3620 332 5.814309 9.071698
3630 332 5.705078 9.018715
3640 332 5.523657 8.958334
3650 332 5.294250 8.893419
3660 332 5.064632 8.828265
3670 332 4.849327 8.790079
3680 332 4.667906 8.814661
3690 332 4.486485 8.839482
3700 332 4.314535 8.838288
3710 332 4.156686 8.798671
3720 332 3.998837 8.758815
3730 332 3.896551 8.683875
3740 332 3.794475 8.608698
3750 332 3.692189 8.533758
3760 332 3.583589 8.463831
3770 332 3.468886 8.398677
3780 332 3.353972 8.333523
3790 332 3.217591 8.270278
3800 332 2.994708 8.214193
3810 332 2.772036 8.157869
3820 332 2.549153 8.101784
3830 332 2.228405 7.945462
3840 332 1.883242 7.764081
3850 332 1.507983 7.603463
3860 332 1.062217 7.491054
3870 332 0.616452 7.378884
3880 332 0.170898 7.266475
3620 333 7.354282 11.908408
3630 333 7.294089 11.785737
3640 333 7.233896 11.663066
3650 333 7.173914 11.540156
3660 333 7.114352 11.383356
3670 333 7.055001 11.211999
3680 333 6.995439 11.040880
3690 333 6.936088 10.869522
3700 333 6.859268 10.761409
3710 333 6.778029 10.669286
3720 333 6.696579 10.576925
3730 333 6.615339 10.484802
3740 333 6.551568 10.387429
3750 333 6.514527 10.281941
3760 333 6.477274 10.176693
3770 333 6.440232 10.071444
3780 333 6.492849 9.870015
3790 333 6.545465 9.668824
3800 333 6.598081 9.467396
3810 333 6.722677 9.291503
3820 333 6.865161 9.122294
3830 333 7.007857 8.952845
3840 333 7.153709 8.779578
3850 333 7.301035 8.604402
3860 333 7.448360 8.429464
3870 333 7.599053 8.200589
3880 333 7.751009 7.948803
3890 333 7.924011 7.672913
3900 333 8.099329 7.394397
3910 333 8.257178 7.121131
3920 333 8.397558 6.852400
3930 333 8.551829 6.591068
3940 333 8.832589 6.392025
3950 333 9.113139 6.193222
3960 333 9.398740 5.992748
3970 333 9.728329 5.777954
3980 333 10.058128 5.563160
3990 333 10.388768 5.347650
4000 333 10.726986 5.126174
4010 333 11.065203 4.904459
4020 333 11.388478 4.717588
4030 333 11.676815 4.611385
4040 333 11.965362 4.505420
4050 333 12.270116 4.396114
4060 333 12.585814 4.284659
4070 333 12.901511 4.173444
4080 333 13.241202 4.044806
4090 333 13.596677 3.904952
4100 333 13.952364 3.765097
4110 333 14.300683 3.636221
4120 333 14.645846 3.512118
4130 333 14.991009 3.388015
3450 334 5.083785 12.054706
3460 334 5.026117 12.043012
3470 334 4.968239 12.031556
3480 334 4.910572 12.020101
3490 334 4.852904 12.008406
3500 334 4.795237 11.996951
3510 334 4.737570 11.985256
3520 334 4.598242 11.952083
3530 334 4.404614 11.904351
3540 334 4.201094 11.858767
3550 334 3.907916 11.833230
3560 334 3.614738 11.807694
3570 334 3.344080 11.797670
3580 334 3.125828 11.824161
3590 334 2.907575 11.850891
3600 334 2.635655 11.905544
3610 334 2.328165 11.978813
3620 334 2.020465 12.052320
3630 334 1.810000 12.052320
3640 334 1.599535 12.052320
3650 334 1.392648 12.058286
3660 334 1.199651 12.088119
3670 334 1.006655 12.117951
3680 334 0.957406 12.172604
3690 334 0.943936 12.233701
3700 334 0.930466 12.294560
3710 334 0.916996 12.355418
3720 334 0.907105 12.410310
3730 334 0.927520 12.410310
3740 334 0.947935 12.410310
3750 334 0.968350 12.410310
3760 334 0.988976 12.410310
3770 334 1.009391 12.410310
3780 334 1.029806 12.410310
3790 334 1.050221 12.410310
3800 334 1.213121 12.429880
3810 334 1.391595 12.451598
3820 334 1.570280 12.473316
3830 334 1.783692 12.477373
3840 334 2.020465 12.469975
3850 334 2.257238 12.462576
3860 334 2.441395 12.444677
3870 334 2.546628 12.411742
3880 334 2.651860 12.378568
3890 334 2.757093 12.345394
3900 334 2.853065 12.290980
3910 334 2.946512 12.231315
3920 334 3.039958 12.171650
3930 334 3.140560 12.116042
3940 334 3.269155 12.076186
3950 334 3.397749 12.036330
3960 334 3.526553 11.996712
3970 334 3.688401 11.992655
3980 334 3.872558 12.012464
3990 334 4.042614 12.024635
4000 334 4.156475 12.005304
4010 334 4.270127 11.985972
4020 334 4.383988 11.966641
4030 334 4.511951 11.960436
4040 334 4.654436 11.967357
4050 334 4.796710 11.974517
4060 334 4.937301 11.983825
4070 334 5.062317 12.013657
4080 334 5.187334 12.043489
4090 334 5.312350 12.073322
3620 335 9.357279 12.331552
3630 335 9.399372 12.307686
3640 335 9.441465 12.283820
3650 335 9.483558 12.259954
3660 335 9.517232 12.235849
3670 335 9.531754 12.211506
3680 335 9.546066 12.187163
3690 335 9.560378 12.162819
3700 335 9.574689 12.138237
3710 335 9.589001 12.113894
3720 335 9.603523 12.089551
3730 335 9.617835 12.064969
3740 335 9.632146 12.040626
3750 335 9.687078 11.963300
3760 335 9.782839 11.833230
3770 335 9.844506 11.643734
3780 335 9.827037 11.315577
3790 335 9.809358 10.987420
3800 335 9.816724 10.637306
3810 335 9.826616 10.285044
3820 335 9.804728 9.969058
3830 335 9.774631 9.662381
3840 335 9.669819 9.319665
3850 335 9.533017 8.961675
3860 335 9.309503 8.687217
3870 335 9.048947 8.448557
3880 335 8.766924 8.437817
3890 335 8.470168 8.578627
3900 335 8.147525 8.712992
3910 335 7.785525 8.837095
3920 335 7.423525 8.961198
3930 335 6.983864 8.982916
3940 335 6.535363 8.993417
3950 335 6.114011 9.021340
3960 335 5.710550 9.061197
3970 335 5.285410 9.078380
3980 335 4.772928 9.005828
3990 335 4.260445 8.933036
4000 335 3.907916 8.906306
4010 335 3.573066 8.884588
4020 335 3.243478 8.785306
4030 335 2.916205 8.652850
4040 335 2.588721 8.520155
4050 335 2.222301 8.414190
4060 335 1.856092 8.307986
4070 335 1.483569 8.204647
4080 335 1.096734 8.107989
4090 335 0.709899 8.011332
4100 335 0.323064 7.914436
3730 336 9.597209 11.551134
3740 336 9.629621 11.431804
3750 336 9.662032 11.312475
3760 336 9.678238 11.134434
3770 336 9.670030 10.868090
3780 336 9.662032 10.601984
3790 336 9.618256 10.190773
3800 336 9.565639 9.743286
3810 336 9.480401 9.396752
3820 336 9.346545 9.201529
3830 336 9.202797 8.987212
3840 336 9.019903 8.696524
3850 336 8.836799 8.406075
3860 336 8.668637 8.242832
3870 336 8.501949 8.093670
3880 336 8.313372 8.098443
3890 336 8.102907 8.257629
3900 336 7.845718 8.350468
3910 336 7.554014 8.432328
3920 336 7.124665 8.470514
3930 336 6.695316 8.508699
3940 336 6.265546 8.534713
3950 336 5.835356 8.555477
3960 336 5.426422 8.560011
3970 336 5.049479 8.539964
3980 336 4.672325 8.520155
3990 336 4.207618 8.500346
4000 336 3.742701 8.480299
4010 336 3.360496 8.392949
4020 336 3.033013 8.260254
4030 336 2.705739 8.127798
4040 336 2.411720 7.988421
4050 336 2.121278 7.848566
4060 336 1.831046 7.708712
4070 336 1.476834 7.627329
4080 336 1.122621 7.545707
4090 336 0.768408 7.464324
4100 336 0.414195 7.382702
5010 337 5.106304 11.816763
5020 337 5.132613 11.568079
5030 337 5.158921 11.319396
5040 337 5.235109 11.080020
5050 337 5.427264 10.862123
5060 337 5.619418 10.644227
5070 337 6.177572 10.540410
5080 337 6.735725 10.436593
5090 337 7.274727 10.412727
5100 337 7.805520 10.423228
5110 337 8.327894 10.458788
5120 337 8.837851 10.532296
5130 337 9.347808 10.605564
5140 337 9.835666 10.715825
5150 337 10.318052 10.835155
5160 337 10.638380 10.944938
5170 337 10.715410 11.040402
5180 337 10.792651 11.135866
5190 337 10.869892 11.231330
5200 337 10.946922 11.326794
5210 337 11.024162 11.422258
5220 337 11.049418 11.586933
5230 337 10.996802 11.855426
5240 337 10.944186 12.123918
5250 337 10.877679 12.205539
5260 337 10.811172 12.287161
5270 337 10.744875 12.368783
5280 337 10.678368 12.450404
5270 338 1.220698 13.412681
5280 338 1.536395 13.174021
5290 338 1.852093 12.935361
5300 338 2.167791 12.696701
5310 338 2.483488 12.458042
5320 338 2.808025 12.189549
5330 338 3.132352 11.921057
5340 338 3.425320 11.700297
5350 338 3.697241 11.511278
5360 338 3.939275 11.294575
5370 338 4.061977 10.966418
5380 338 4.184678 10.638261
5390 338 4.330951 10.392202
5400 338 4.482907 10.166907
5280 339 2.087182 13.523180
5290 339 2.309855 13.335116
5300 339 2.532527 13.147052
5310 339 2.754988 12.958750
5320 339 2.977660 12.770686
5330 339 3.205384 12.581429
5340 339 3.480041 12.384296
5350 339 3.754487 12.187163
5360 339 3.931909 12.008884
5370 339 4.084917 11.835378
5380 339 4.212038 11.585263
5390 339 4.321901 11.284551
5400 339 4.431764 10.983601
830 340 12.964651 12.458042
840 340 12.994747 12.389785
850 340 13.024844 12.321767
860 340 13.054940 12.253510
870 340 13.069883 12.202914
880 340 13.069883 12.169979
890 340 13.069883 12.136805
900 340 13.069883 12.103870
910 340 13.069883 12.070935
920 340 13.069883 12.037762
930 340 13.069883 12.004827
940 340 13.069883 11.971892
950 340 13.069883 11.938718
960 340 13.070304 11.908647
970 340 13.074514 11.904589
980 340 13.078723 11.900532
990 340 13.082932 11.896475
1000 340 13.087141 11.892179
1010 340 13.091561 11.888122
1020 340 13.095771 11.884065
1030 340 13.099980 11.880008
1040 340 13.104189 11.875712
1050 340 13.108398 11.871654
1060 340 13.112608 11.867597
1070 340 13.116817 11.863540
1080 340 13.121026 11.859244
1090 340 13.125446 11.855187
1100 340 13.129655 11.851130
1110 340 13.133865 11.847072
1120 340 13.138074 11.842777
1130 340 13.142283 11.838719
1140 340 13.146493 11.834662
1150 340 13.150702 11.830605
1160 340 13.154911 11.826309
1170 340 13.159121 11.822252
1180 340 13.163540 11.818195
1190 340 13.167750 11.814137
1200 340 13.171959 11.809842
1210 340 13.176168 11.805784
1220 340 13.180377 11.801727
1230 340 13.184587 11.797670
1240 340 13.188796 11.793613
1250 340 13.193005 11.789317
1260 340 13.197215 11.785260
1270 340 13.201634 11.781202
1280 340 13.205844 11.777145
1290 340 13.210053 11.772849
1300 340 13.214262 11.768792
1310 340 13.219945 11.731800
1320 340 13.229205 11.617482
1330 340 13.238255 11.503402
1340 340 13.297186 11.322021
1350 340 13.356116 11.140639
1360 340 13.396525 10.963554
1370 340 13.418203 10.790764
1380 340 13.440091 10.617974
1390 340 13.428305 10.482893
1400 340 13.394210 10.373348
1410 340 13.359904 10.263565
1420 340 13.325809 10.154020
1430 340 13.268352 10.066432
1440 340 13.208159 9.980991
1450 340 13.147966 9.895790
1460 340 13.087983 9.810588
1470 340 13.059360 9.683621
1480 340 13.044417 9.538755
1490 340 13.029264 9.393888
1500 340 12.948866 9.194369
1510 340 12.861102 8.988883
1520 340 12.773548 8.783397
1530 340 12.678629 8.592469
1540 340 12.566661 8.435908
1550 340 12.454904 8.279347
1560 340 12.342516 8.138299
1570 340 12.224655 8.138299
1580 340 12.106795 8.138299
1590 340 11.991671 8.189611
1600 340 11.878230 8.275290
1610 340 11.765000 8.360969
1620 340 11.651769 8.446648
1630 340 11.628408 8.499153
1640 340 11.643561 8.537100
1650 340 11.658925 8.575047
1660 340 11.674079 8.613232
1670 340 11.689443 8.651179
1680 340 11.704596 8.689365
1690 340 11.719960 8.727312
1700 340 11.779101 8.729698
1710 340 11.849186 8.723016
1720 340 11.919271 8.716333
1730 340 12.002825 8.694377
1740 340 12.140259 8.611562
1750 340 12.277482 8.528508
1760 340 12.352829 8.468843
1770 340 12.421651 8.411803
1780 340 12.490262 8.354764
1790 340 12.558874 8.297485
1800 340 12.648111 8.241162
1810 340 12.785755 8.186031
1820 340 12.923400 8.130901
1830 340 13.151544 8.101546
1840 340 13.418834 8.083169
1850 340 13.678127 8.048802
1860 340 13.867546 7.869807
1870 340 14.058438 7.688903
1880 340 14.263010 7.489860
1890 340 14.467793 7.291057
1900 340 14.672365 7.092253
1910 340 14.796118 6.814931
1920 340 14.839053 6.459327
1930 340 14.881988 6.103963
1940 340 14.924923 5.748360
1950 340 14.967858 5.392757
1960 340 15.031839 5.043598
1970 340 15.109922 4.698973
1980 340 15.187794 4.354109
970 341 12.333255 12.362578
980 341 12.240651 12.209835
990 341 12.148046 12.057093
1000 341 11.992723 12.048979
1010 341 11.774681 12.185253
1020 341 11.556850 12.321767
1030 341 11.522544 12.381432
1040 341 11.566952 12.408400
1050 341 11.611360 12.435130
1060 341 11.655979 12.462099
1070 341 11.700387 12.489067
1080 341 11.744795 12.515797
1090 341 11.789203 12.542766
1100 341 11.832348 12.417469
1110 341 11.874441 12.190743
1120 341 11.973571 11.944446
1130 341 12.110794 11.685022
1140 341 12.228865 11.413189
1150 341 12.302107 11.112239
1160 341 12.375348 10.811289
1170 341 12.397447 10.597688
1180 341 12.436173 10.384327
1190 341 12.624539 10.170726
1200 341 12.817325 9.940897
1210 341 13.027790 9.646152
1220 341 13.207317 9.344247
1230 341 13.355905 9.035421
1240 341 13.634140 8.846403
1250 341 13.944787 8.687217
1260 341 14.145150 8.358582
1270 341 14.298158 7.957156
1280 341 14.365296 7.561220
1290 341 14.346144 7.170534
1300 341 14.350143 6.781996
1310 341 14.408652 6.397515
1320 341 14.534720 6.038093
1330 341 14.728348 5.703969
1340 341 14.921976 5.369845
1150 342 14.242174 12.813645
1160 342 14.168511 12.586918
1170 342 14.094848 12.360191
1180 342 13.947102 12.174275
1190 342 13.781045 11.998383
1200 342 13.664237 11.627028
1210 342 13.544693 11.254242
1220 342 13.392526 10.962361
1230 342 13.346014 10.686231
1240 342 13.457350 10.433729
1250 342 13.655397 10.063090
1260 342 13.890697 9.641856
1270 342 14.262168 9.375034
1280 342 14.629009 9.039717
1290 342 14.985116 8.544021
1230 343 13.693912 12.512695
1240 343 13.656660 12.189788
1250 343 13.630352 11.970937
1260 343 13.614777 11.856142
1270 343 13.599203 11.741108
1280 343 13.596046 11.630847
1290 343 13.596046 11.521779
1300 343 13.596046 11.412712
1310 343 13.591416 11.262117
1320 343 13.575841 11.014627
1330 343 13.560267 10.767137
1340 343 13.564476 10.518931
1350 343 13.581945 10.270247
1360 343 13.593731 10.061181
1370 343 13.582576 10.010108
1380 343 13.571211 9.959035
1390 343 13.560057 9.907723
1400 343 13.548691 9.856650
1410 343 13.537326 9.805577
1420 343 13.499864 9.697941
1430 343 13.445143 9.552597
1440 343 13.361588 9.407492
1450 343 13.211105 9.262625
1460 343 13.060833 9.117759
1470 343 12.894145 8.946640
1480 343 12.711251 8.749507
1490 343 12.548561 8.562398
1500 343 12.467532 8.415622
1510 343 12.386714 8.268607
1520 343 12.242545 8.149278
1530 343 12.056494 8.048324
1540 343 11.870232 7.947371
1550 343 11.846029 7.947371
1560 343 11.821615 7.947371
1570 343 11.797411 7.947371
1580 343 11.772997 7.947371
1590 343 11.748794 7.947371
1600 343 11.724590 7.947371
1610 343 11.700176 7.947371
1620 343 11.694494 7.968851
1630 343 11.762895 8.076248
1640 343 11.831296 8.183645
1650 343 11.899697 8.291041
1660 343 11.992302 8.393665
1670 343 12.181721 8.477196
1680 343 12.387345 8.532565
1690 343 12.658003 8.475764
1700 343 12.904458 8.418724
1710 343 12.934133 8.359775
1720 343 12.963809 8.300826
1730 343 12.993695 8.241878
1740 343 13.023371 8.182929
1750 343 13.053046 8.123980
1760 343 13.082722 8.065031
1770 343 13.112397 8.006082
1780 343 13.142283 7.947133
1790 343 13.231310 7.828041
1800 343 13.359904 7.668855
1810 343 13.605096 7.612293
1820 343 13.879753 7.581029
1830 343 14.117368 7.326856
1840 343 14.318362 6.849536
1850 343 14.528196 6.365296
1860 343 14.758655 5.865303
1870 343 14.989115 5.365311
1190 344 15.006162 11.700535
1200 344 14.795697 11.804352
1210 344 14.585232 11.908169
1220 344 14.389710 12.055661
1230 344 14.229546 12.305777
1240 344 14.037181 12.524389
1250 344 13.716853 12.617944
1260 344 13.396525 12.711260
1270 344 13.198898 12.693837
1280 344 13.014741 12.664005
1290 344 12.767234 12.620569
1300 344 12.456588 12.563768
1310 344 12.124685 12.533935
1320 344 11.761211 12.544914
1330 344 11.399001 12.565916
1340 344 11.042052 12.628206
1350 344 10.685314 12.690496
1360 344 10.394451 12.737989
1370 344 10.111165 12.783812
1380 344 9.827879 12.829874
1530 345 11.169804 12.574746
1540 345 11.140550 12.442051
1550 345 11.111295 12.309595
1560 345 11.082251 12.176900
1570 345 10.949868 12.091460
1580 345 10.749085 12.037046
1590 345 10.574609 11.935854
1600 345 10.439911 11.764019
1610 345 10.305214 11.592184
1620 345 10.125055 11.480491
1630 345 9.939846 11.375481
1640 345 9.778209 11.236103
1650 345 9.651930 11.045176
1660 345 9.525651 10.854248
1670 345 9.376221 10.687902
1680 345 9.192064 10.558787
1690 345 9.007907 10.429433
1700 345 8.762294 10.419410
1710 345 8.516892 10.409624
1720 345 8.267070 10.399839
1730 345 8.014511 10.390293
1740 345 7.760059 10.371678
1750 345 7.488138 10.272395
1760 345 7.216217 10.172874
1770 345 6.929774 10.113925
1780 345 6.637017 10.072398
1790 345 6.345523 10.015836
1800 345 6.056134 9.936123
1810 345 5.766744 9.856650
1820 345 5.563224 9.801042
1830 345 5.359915 9.745196
1840 345 5.156395 9.689588
1850 345 4.957716 9.914883
1860 345 4.779452 10.132302
1870 345 4.683901 10.316547
1880 345 4.588139 10.501031
1890 345 4.540364 10.717973
1900 345 4.492378 10.934915
1910 345 4.449232 11.121547
1920 345 4.407139 11.300542
1930 345 4.295172 11.387652
1940 345 4.165525 11.452090
1950 345 4.033985 11.555908
1960 345 3.893605 11.818433
1970 345 3.753224 12.080959
1980 345 3.608214 12.322721
1990 345 3.444682 12.481908
2000 345 3.280941 12.641094
2010 345 3.124986 12.798848
2020 345 2.976608 12.955409
2030 345 2.828230 13.111731
2040 345 2.679852 13.268292
2050 345 2.531474 13.424852
2060 345 2.383096 13.581413
2070 345 2.234719 13.737735
1530 346 11.690074 12.286206
1540 346 11.631144 12.143011
1550 346 11.572214 11.999815
1560 346 11.466139 11.910079
1570 346 11.339860 11.843254
1580 346 11.200743 11.752802
1590 346 11.010693 11.568079
1600 346 10.820643 11.383356
1610 346 10.632487 11.198395
1620 346 10.460958 11.012718
1630 346 10.289429 10.827279
1640 346 10.130317 10.677639
1650 346 9.990147 10.582176
1660 346 9.849767 10.486712
1670 346 9.710439 10.385281
1680 346 9.573006 10.275259
1690 346 9.435361 10.164998
1700 346 9.176279 10.031587
1710 346 8.886889 9.892449
1720 346 8.593501 9.812498
1730 346 8.294009 9.821805
1740 346 7.994517 9.830874
1750 346 7.732488 9.786961
1760 346 7.479930 9.729683
1770 346 7.226320 9.677178
1780 346 6.969973 9.635651
1790 346 6.713837 9.594124
1800 346 6.357730 9.483863
1810 346 6.001413 9.373841
1820 346 5.640465 9.291742
1830 346 5.272151 9.252124
1840 346 4.903837 9.212268
1850 346 4.634863 9.503911
1860 346 4.400405 9.780995
1870 346 4.304011 9.999846
1880 346 4.207618 10.218697
1890 346 4.125116 10.485041
1900 346 4.046192 10.763557
1910 346 3.981579 10.959974
1920 346 3.938434 11.033481
1930 346 3.895288 11.106750
1940 346 3.852143 11.180257
1950 346 3.804157 11.291711
1960 346 3.751541 11.440873
1970 346 3.683981 11.591945
1980 346 3.482356 11.760916
1990 346 3.280520 11.930126
2000 346 3.106255 12.132510
2010 346 2.943565 12.349451
2020 346 2.763828 12.547062
2030 346 2.566622 12.725102
2040 346 2.369627 12.903142
2050 346 2.172421 13.081182
2060 346 1.975426 13.259222
2070 346 1.778220 13.437263
2080 346 1.581224 13.615303
1530 347 9.497659 11.893850
1540 347 9.631725 11.698626
1550 347 9.765581 11.503402
1560 347 9.799466 11.333954
1570 347 9.833561 11.164744
1580 347 9.867446 10.995296
1590 347 9.788522 10.782172
1600 347 9.696969 10.564276
1610 347 9.597209 10.363802
1620 347 9.491976 10.174783
1630 347 9.382745 10.013449
1640 347 9.257518 9.961899
1650 347 9.132502 9.910110
1660 347 9.007275 9.858559
1670 347 8.948976 9.746866
1680 347 8.957395 9.575031
1690 347 8.965814 9.403196
1700 347 9.065995 9.300811
1710 347 9.166176 9.198665
1720 347 9.398740 9.057617
1730 347 9.645616 8.912273
1740 347 10.009721 8.797000
1750 347 10.451697 8.701536
1760 347 10.781286 8.648315
1770 347 11.036159 8.623256
1780 347 11.284508 8.601777
1790 347 11.529910 8.581729
1800 347 11.749215 8.542350
1810 347 11.907064 8.457149
1820 347 12.064912 8.371947
1830 347 12.230338 8.337819
1840 347 12.403130 8.354764
1850 347 12.576132 8.371947
1860 347 12.860260 8.376959
1870 347 13.192164 8.376959
1880 347 13.514807 8.376959
1890 347 13.753895 8.376959
1900 347 13.992983 8.376959
1910 347 14.278795 8.256913
1920 347 14.569658 8.123502
1930 347 14.860731 7.990091
1940 347 15.151594 7.856919
1580 348 10.258911 12.540141
1590 348 10.492949 12.566870
1600 348 10.726775 12.593362
1610 348 11.012587 12.583338
1620 348 11.320708 12.557801
1630 348 11.629039 12.532265
1640 348 11.940107 12.503864
1650 348 12.251595 12.475225
1660 348 12.529409 12.469497
1670 348 12.756711 12.498136
1680 348 12.984014 12.526776
1690 348 13.234046 12.572598
1700 348 13.486604 12.620330
1710 348 13.768207 12.648969
1720 348 14.093586 12.648969
1730 348 14.414124 12.636559
1740 348 14.716141 12.574269
1750 348 15.018159 12.511979
1610 349 10.186511 12.768299
1620 349 10.621964 12.801234
1630 349 11.057416 12.834169
1640 349 11.476662 12.859229
1650 349 11.749425 12.815077
1660 349 12.022188 12.770925
1670 349 12.293267 12.754218
1680 349 12.561821 12.779039
1690 349 12.830374 12.803621
1700 349 13.049468 12.816031
1710 349 13.219314 12.816031
1720 349 13.388948 12.816031
1730 349 13.553111 12.811974
1740 349 13.708645 12.801473
1750 349 13.880595 12.789063
1760 349 14.199660 12.758276
1770 349 14.518725 12.727488
1780 349 14.837790 12.696701
1880 350 11.626093 12.543959
1890 350 11.878651 12.257567
1900 350 12.126579 11.978574
1910 350 12.356196 11.728936
1920 350 12.585814 11.479536
1930 350 12.731455 11.387652
1940 350 12.877308 11.296007
1950 350 13.011795 11.210328
1960 350 13.129655 11.133957
1970 350 13.247516 11.057586
1980 350 13.312760 11.000307
1990 350 13.372111 10.945416
2000 350 13.431462 10.890285
2010 350 13.490814 10.835155
2020 350 13.575000 10.680026
2030 350 13.659186 10.524897
2040 350 13.739373 10.252109
2050 350 13.819560 9.979321
2060 350 13.911744 9.896506
2070 350 14.005190 9.834454
2080 350 14.117789 9.756890
2090 350 14.306787 9.616081
2100 350 14.495574 9.475510
2110 350 14.684572 9.334701
2120 350 14.873359 9.193891
1890 351 13.217209 13.362324
1900 351 13.322441 13.136790
1910 351 13.427674 12.911495
1920 351 13.532907 12.686200
1930 351 13.623617 12.458042
1940 351 13.656029 12.219382
1950 351 13.688230 11.980722
1960 351 13.720641 11.786214
1970 351 13.753053 11.620823
1980 351 13.785465 11.455670
1990 351 13.827558 11.302928
2000 351 13.869651 11.150186
2010 351 13.907745 11.051619
2020 351 13.942051 11.007229
2030 351 13.976357 10.962838
2040 351 14.010662 10.918447
2050 351 14.059911 10.851861
2060 351 14.169774 10.696016
2070 351 14.279637 10.540410
2080 351 14.457690 10.328957
2090 351 14.643320 10.111538
2100 351 14.829161 9.893881
2110 351 15.014791 9.676223
1910 352 10.965653 13.436547
1920 352 11.073622 13.197887
1930 352 11.181380 12.959227
1940 352 11.289138 12.720567
1950 352 11.405525 12.490977
1960 352 11.598311 12.341814
1970 352 11.791308 12.192652
1980 352 11.996511 11.987404
1990 352 12.206976 11.758291
2000 352 12.402919 11.549225
2010 352 12.540564 11.420826
2020 352 12.677997 11.292188
2030 352 12.807223 11.112478
2040 352 12.930555 10.898638
2050 352 13.053888 10.684561
2060 352 13.208790 10.453299
2070 352 13.377162 10.214639
2080 352 13.537537 9.984333
2090 352 13.665500 9.787200
2100 352 13.793673 9.590067
2110 352 14.003296 9.446394
2120 352 14.221759 9.308687
2130 352 14.442537 9.135420
2140 352 14.668576 8.879099
2150 352 14.894616 8.622779
1960 353 11.783100 13.409340
1970 353 11.964310 13.137506
1980 353 12.145521 12.865672
1990 353 12.326731 12.593839
2000 353 12.517412 12.308879
2010 353 12.717354 12.010554
2020 353 12.911403 11.748267
2030 353 13.099769 11.522256
2040 353 13.283295 11.254480
2050 353 13.463664 10.959019
2060 353 13.604044 10.731815
2070 353 13.704225 10.572629
2080 353 13.848604 10.422512
2090 353 14.059069 10.286237
2100 353 14.249330 10.144951
2110 353 14.392446 9.992208
2120 353 14.535562 9.839466
2130 353 14.698883 9.648538
2140 353 14.867255 9.448064
2150 353 15.035627 9.247590
2830 354 10.468114 12.786199
2840 354 10.722355 12.567348
2850 354 10.976597 12.348735
2860 354 11.235048 12.146591
2870 354 11.502971 11.984063
2880 354 11.760580 11.810796
2890 354 11.927268 11.542304
2900 354 12.093957 11.273812
2910 354 12.148678 11.009854
2920 354 12.155412 10.748044
2930 354 12.162147 10.486473
2940 354 12.141522 10.243756
2950 354 12.102586 10.013927
2960 354 12.063650 9.784097
2970 354 12.052285 9.496751
2980 354 12.044287 9.203199
2990 354 12.008297 8.939241
3000 354 11.906853 8.744734
3010 354 11.805619 8.550226
3020 354 11.773418 8.437340
3030 354 11.787519 8.379107
3040 354 11.801410 8.320635
3050 354 11.815511 8.262402
3060 354 11.826876 8.209181
3070 354 11.813407 8.202499
3080 354 11.799937 8.195578
3090 354 11.786467 8.188895
3100 354 11.772997 8.182213
3110 354 11.759528 8.175291
3120 354 11.746268 8.168609
3130 354 11.732798 8.161926
3140 354 11.719329 8.155005
3150 354 11.705859 8.148323
3160 354 11.692389 8.141402
3170 354 11.678919 8.134719
3180 354 11.665660 8.128037
3190 354 11.652190 8.121116
3200 354 11.638721 8.114433
3210 354 11.630723 8.013480
3220 354 11.622515 7.912527
3230 354 11.619779 7.821598
3240 354 11.624830 7.745942
3250 354 11.630091 7.670287
3260 354 11.635143 7.594632
3270 354 11.675552 7.499884
3280 354 11.798253 7.360746
3290 354 11.921165 7.221368
3300 354 12.157307 7.051204
3310 354 12.405866 6.877698
3320 354 12.615068 6.724001
3330 354 12.807223 6.578657
3340 354 13.022108 6.378660
3350 354 13.270877 6.096565
3360 354 13.507651 5.820913
3370 354 13.697069 5.570320
3380 354 13.889014 5.308749
3390 354 14.091060 5.003264
3400 354 14.293107 4.697779
3410 354 14.501046 4.406853
3420 354 14.711511 4.121893
3430 354 14.921976 3.836934
2900 355 11.362590 12.609591
2910 355 11.565058 12.398377
2920 355 11.767525 12.187163
2930 355 11.948104 11.987882
2940 355 12.119633 11.793374
2950 355 12.291162 11.598866
2960 355 12.326310 11.376197
2970 355 12.361247 11.153288
2980 355 12.396395 10.930619
2990 355 12.431543 10.691959
3000 355 12.466480 10.453299
3010 355 12.501628 10.214639
3020 355 12.441434 10.050919
3030 355 12.381452 9.887437
3040 355 12.321259 9.723716
3050 355 12.245491 9.564053
3060 355 12.153939 9.408447
3070 355 12.052705 9.259046
3080 355 11.912325 9.135420
3090 355 11.771945 9.011555
3100 355 11.693652 8.939480
3110 355 11.677446 8.918955
3120 355 11.661030 8.898192
3130 355 11.644614 8.877667
3140 355 11.628408 8.857142
3150 355 11.611991 8.836618
3160 355 11.595786 8.816093
3170 355 11.579369 8.795330
3180 355 11.563164 8.774805
3190 355 11.546747 8.754280
3200 355 11.530331 8.733755
3210 355 11.514125 8.713231
3220 355 11.408261 8.496289
3230 355 11.292505 8.257629
3240 355 11.250623 8.061928
3250 355 11.216948 7.871000
3260 355 11.193587 7.646183
3270 355 11.185379 7.371008
3280 355 11.177381 7.095595
3290 355 11.281772 7.019223
3300 355 11.414154 6.992732
3310 355 11.550957 6.962661
3320 355 11.724801 6.900371
3330 355 11.898645 6.838081
3340 355 12.169093 6.627105
3350 355 12.463744 6.378899
3360 355 12.730403 6.114941
3370 355 12.931608 5.813991
3380 355 13.133023 5.513041
3390 355 13.369796 5.165075
3400 355 13.606569 4.816871
3410 355 13.749896 4.468427
3420 355 13.830715 4.119745
3430 355 13.911744 3.770825
3440 355 14.166827 3.474409
3450 355 14.421911 3.177755
3460 355 14.676995 2.881340
3470 355 14.919451 2.541727
3480 355 15.156224 2.183737
2900 356 10.439069 12.355418
2910 356 10.649535 12.331552
2920 356 10.860000 12.307686
2930 356 11.061836 12.288593
2940 356 11.243257 12.280240
2950 356 11.424678 12.272126
2960 356 11.578107 12.255897
2970 356 11.689443 12.227735
2980 356 11.800989 12.199812
2990 356 11.912325 12.171650
3000 356 12.116897 12.204823
3010 356 12.321469 12.237997
3020 356 12.526252 12.271171
3030 356 12.722405 12.317948
3040 356 12.905931 12.385250
3050 356 13.089246 12.452552
3060 356 13.272772 12.519854
3070 356 13.456297 12.587156
2900 357 10.933452 12.642764
2910 357 11.107717 12.622478
2920 357 11.282193 12.601953
2930 357 11.456458 12.581429
2940 357 11.570951 12.609113
2950 357 11.670290 12.648969
2960 357 11.769630 12.688826
2970 357 11.882439 12.713408
2980 357 12.048075 12.677131
2990 357 12.213922 12.641094
3000 357 12.379768 12.604817
3010 357 12.574238 12.653265
3020 357 12.772075 12.711260
3030 357 12.969702 12.769015
3040 357 13.235730 12.820804
3050 357 13.547218 12.868536
3060 357 13.860601 12.919848
3070 357 14.189979 13.002902
3080 357 14.519357 13.085717
3440 358 12.021557 12.490977
3450 358 12.062176 12.344201
3460 358 12.102586 12.197425
3470 358 12.130367 12.051365
3480 358 12.145310 11.906499
3490 358 12.160464 11.761632
3500 358 12.194348 11.638006
3510 358 12.236441 11.523450
3520 358 12.276430 11.424645
3530 358 12.308000 11.388846
3540 358 12.339569 11.353047
3550 358 12.371139 11.317248
3560 358 12.398079 11.285983
3570 358 12.406497 11.272380
3580 358 12.415126 11.259015
3590 358 12.423545 11.245411
3600 358 12.431964 11.232046
3610 358 12.440593 11.218443
3620 358 12.449011 11.205078
3630 358 12.457430 11.191713
3640 358 12.466059 11.178109
3650 358 12.474478 11.164744
3660 358 12.482896 11.151140
3670 358 12.491525 11.137776
3680 358 12.499944 11.124172
3690 358 12.523726 11.111523
3700 358 12.551508 11.098874
3710 358 12.579079 11.086464
3720 358 12.606860 11.073815
3730 358 12.449011 11.282642
3740 358 12.291162 11.491469
3750 358 12.160464 11.677385
3760 358 12.047654 11.847788
3770 358 11.934845 12.018192
3780 358 11.853816 12.268068
3790 358 11.780574 12.537993
3800 358 11.719750 12.770686
3810 358 11.671132 12.966626
3820 358 11.622515 13.162327
3830 358 11.573897 13.358266
3440 359 11.312079 13.562320
3450 359 11.420679 13.258745
3460 359 11.529068 12.954931
3470 359 11.637458 12.651117
3480 359 11.693441 12.279047
3490 359 11.714488 11.861392
3500 359 11.728168 11.437771
3510 359 11.737008 11.010093
3520 359 11.771945 10.556639
3530 359 11.912325 9.999846
3540 359 12.054600 9.445200
3550 359 12.214974 8.911080
3560 359 12.375348 8.376959
3570 359 12.625802 7.786037
3580 359 12.876466 7.195116
3590 359 13.036840 6.634742
3600 359 13.187112 6.077949
3610 359 13.408522 5.489175
3620 359 13.647610 4.892526
3630 359 14.045389 4.230484
3640 359 14.548611 3.525005
3650 359 15.051833 2.819288
3690 360 14.328254 12.411980
3700 360 14.162829 12.156376
3710 360 13.997403 11.900532
3720 360 13.837029 11.640154
3730 360 13.722325 11.336340
3740 360 13.607622 11.032527
3750 360 13.421781 10.684322
3760 360 13.228153 10.331105
3770 360 13.003166 10.015836
3780 360 12.731455 9.757129
3790 360 12.459534 9.498660
3800 360 12.229917 9.205824
3810 360 12.000300 8.912750
3820 360 11.741638 8.713708
3830 360 11.475821 8.537816
3840 360 11.259883 8.481015
3850 360 11.049418 8.437817
3860 360 10.861683 8.405359
3870 360 10.683630 8.377914
3880 360 10.491054 8.335432
3890 360 10.169885 8.159540
3900 360 9.830825 8.007514
3910 360 9.419787 7.950713
3920 360 8.995279 7.894866
3930 360 8.448070 7.847134
3940 360 7.900860 7.799402
3950 360 7.469617 7.786753
3960 360 7.115615 7.797732
3970 360 6.803074 7.776968
3980 360 6.552410 7.708712
3990 360 6.354573 7.669571
4000 360 6.279437 7.697972
4010 360 6.204301 7.726372
4020 360 6.128954 7.754773
4030 360 6.019302 7.779355
4040 360 5.598372 7.769808
4050 360 5.177442 7.760262
4060 360 4.721995 7.769570
4070 360 4.243818 7.791049
4080 360 3.803736 7.760739
4090 360 3.421110 7.652388
4100 360 3.051744 7.546662
4110 360 2.736046 7.453107
4120 360 2.420349 7.359314
4130 360 2.101494 7.251678
4140 360 1.777588 7.123040
4150 360 1.453893 6.994641
4160 360 1.119674 6.879846
4170 360 0.782930 6.768392
4180 360 0.446186 6.656938
3710 361 13.672655 12.239906
3720 361 13.596046 11.968789
3730 361 13.519437 11.697671
3740 361 13.379267 11.412712
3750 361 13.231941 11.126320
3760 361 13.053677 10.795060
3770 361 12.871836 10.458788
3780 361 12.705147 10.230630
3790 361 12.544773 10.048771
3800 361 12.280639 9.820851
3810 361 11.947473 9.562382
3820 361 11.658925 9.332553
3830 361 11.549062 9.218473
3840 361 11.439200 9.104394
3850 361 11.358381 8.844255
3860 361 11.280930 8.567887
3870 361 11.224736 8.532088
3880 361 11.168752 8.496289
3890 361 11.112558 8.460490
3900 361 11.056364 8.424691
3910 361 11.000380 8.388892
3920 361 10.944186 8.353093
3930 361 10.583449 8.284836
3940 361 10.222501 8.216818
3950 361 9.848925 8.219205
3960 361 9.473666 8.229706
3970 361 9.053578 8.218966
3980 361 8.603603 8.194146
3990 361 8.153629 8.169564
4000 361 7.675031 8.210852
4010 361 7.183806 8.280540
4020 361 6.672586 8.344740
4030 361 6.114432 8.396768
4040 361 5.556279 8.448557
4050 361 5.094939 8.439488
4060 361 4.633389 8.430180
4070 361 4.221930 8.417054
4080 361 3.885186 8.397961
4090 361 3.548442 8.378868
4100 361 3.206225 8.315623
4110 361 2.863588 8.247367
4120 361 2.520741 8.179110
4130 361 2.206095 8.090567
4140 361 1.933753 7.971237
4150 361 1.661412 7.851907
4160 361 1.389070 7.732578
4170 361 1.056324 7.617066
4180 361 0.723790 7.501555
4190 361 0.391044 7.386043
3890 362 14.437275 12.510785
3900 362 14.430961 12.322721
3910 362 14.424437 12.134658
3920 362 14.418123 11.946832
3930 362 14.416860 11.751847
3940 362 14.416860 11.555430
3950 362 14.416860 11.358775
3960 362 14.407179 11.172620
3970 362 14.383186 11.002217
3980 362 14.359193 10.831814
3990 362 14.334989 10.661172
4000 362 14.288897 10.583607
4010 362 14.240490 10.516305
4020 362 14.191873 10.449003
4030 362 14.143255 10.381701
4040 362 14.066225 10.288624
4050 362 13.989195 10.195547
4060 362 13.912165 10.102231
4070 362 13.835345 10.009153
4080 362 13.722325 9.910348
4090 362 13.605307 9.810827
4100 362 13.488498 9.711545
4110 362 13.362851 9.628968
4120 362 13.217209 9.586248
4130 362 13.071567 9.543289
4140 362 12.925715 9.500569
4150 362 12.736928 9.446632
4160 362 12.483107 9.376466
4170 362 12.229286 9.306300
4180 362 11.975465 9.236134
4190 362 11.771103 9.195323
4200 362 11.566531 9.154274
4210 362 11.362169 9.113463
4220 362 11.132973 9.082437
4230 362 10.879152 9.061435
4240 362 10.625331 9.040195
4250 362 10.376561 9.020147
4260 362 10.171779 9.007260
4270 362 9.966996 8.994133
4280 362 9.762214 8.981246
4290 362 9.550065 8.945447
4300 362 9.327393 8.875281
4310 362 9.104510 8.805115
4320 362 8.881628 8.734949
4330 362 8.621703 8.728028
4340 362 8.361568 8.720868
4350 362 8.101644 8.713947
4360 362 7.864660 8.703446
4370 362 7.643251 8.691035
4380 362 7.421631 8.678386
4390 362 7.200222 8.665976
4400 362 6.955661 8.653088
4410 362 6.705208 8.640201
4420 362 6.454965 8.627313
4430 362 6.207668 8.612994
4440 362 5.986049 8.587934
4450 362 5.764429 8.562875
4460 362 5.543020 8.537816
4470 362 5.347708 8.515859
4480 362 5.213852 8.501301
4490 362 5.079786 8.486981
4500 362 4.945930 8.472423
4510 362 4.910361 8.448080
4520 362 4.874582 8.423975
4530 362 4.839014 8.399632
4540 362 4.803235 8.375288
4550 362 4.767666 8.351184
4560 362 4.734202 8.328750
4570 362 4.721995 8.323261
4580 362 4.709999 8.317533
4590 362 4.697792 8.312044
4600 362 4.685585 8.306554
4610 362 4.673378 8.301065
4620 362 4.661171 8.295576
4630 362 4.649174 8.290087
4640 362 4.636967 8.284598
4650 362 4.624760 8.279108
4660 362 4.612553 8.273381
4670 362 4.600346 8.267891
4680 362 4.588350 8.262402
4690 362 4.576143 8.256913
4700 362 4.563936 8.251424
4710 362 4.551729 8.245935
4720 362 4.539522 8.240446
4730 362 4.527525 8.234956
4740 362 4.465228 8.387699
4750 362 4.390513 8.580297
4760 362 4.315798 8.772657
4770 362 4.247817 8.957141
4780 362 4.182363 9.138284
4790 362 4.117118 9.319188
4800 362 4.072289 9.510354
4810 362 4.032301 9.703669
4820 362 3.992523 9.897222
4830 362 3.960112 10.092207
4840 362 3.993996 10.300080
4850 362 4.028092 10.507952
4860 362 4.061977 10.715825
4870 362 3.993996 10.969998
4880 362 3.926227 11.223932
4890 362 3.858246 11.478104
4900 362 3.689243 11.664498
4910 362 3.508664 11.843493
4920 362 3.326612 12.020339
4930 362 3.129406 12.176900
4940 362 2.931989 12.333461
4950 362 2.734784 12.490022
4960 362 2.494853 12.641571
4970 362 2.250503 12.792404
4980 362 2.005943 12.943476
4990 362 1.761383 13.094309
5000 362 1.516822 13.245380
5010 362 1.272472 13.396213
5020 362 1.027912 13.547046
3900 363 14.899877 12.318664
3910 363 14.890196 12.118906
3920 363 14.880304 11.919148
3930 363 14.870623 11.719389
3940 363 14.860731 11.519393
3950 363 14.846419 11.335147
3960 363 14.831055 11.154720
3970 363 14.815691 10.974294
3980 363 14.800327 10.793867
3990 363 14.756761 10.661172
4000 363 14.700988 10.548763
4010 363 14.645215 10.436354
4020 363 14.591757 10.321082
4030 363 14.543770 10.198172
4040 363 14.495574 10.075501
4050 363 14.447588 9.952830
4060 363 14.359403 9.813691
4070 363 14.261116 9.670495
4080 363 14.162829 9.527299
4090 363 14.036550 9.403196
4100 363 13.903325 9.283866
4110 363 13.770101 9.164536
4120 363 13.584681 9.080767
4130 363 13.386212 9.005589
4140 363 13.187744 8.930650
4150 363 12.969491 8.861916
4160 363 12.704726 8.807979
4170 363 12.439751 8.754280
4180 363 12.182352 8.705832
4190 363 11.954418 8.679341
4200 363 11.726485 8.652850
4210 363 11.498340 8.626120
4220 363 11.280930 8.603924
4230 363 11.070465 8.584593
4240 363 10.860000 8.565262
4250 363 10.649535 8.545930
4260 363 10.417392 8.513234
4270 363 10.182933 8.479344
4280 363 9.948475 8.445216
4290 363 9.720962 8.404405
4300 363 9.504183 8.353809
4310 363 9.287194 8.303213
4320 363 9.067047 8.257629
4330 363 8.816804 8.257629
4340 363 8.566561 8.257629
4350 363 8.316318 8.257629
4360 363 8.068811 8.245696
4370 363 7.825303 8.215864
4380 363 7.582006 8.186031
4390 363 7.336182 8.155721
4400 363 7.080257 8.123502
4410 363 6.824121 8.091283
4420 363 6.568195 8.059064
4430 363 6.323635 8.023504
4440 363 6.090439 7.984841
4450 363 5.857244 7.946178
4460 363 5.624049 7.907276
4470 363 5.474618 7.913720
4480 363 5.346235 7.931142
4490 363 5.218061 7.948565
4500 363 5.089678 7.965987
4510 363 5.054530 7.982216
4520 363 5.059581 7.997729
4530 363 5.064422 8.013241
4540 363 5.069263 8.028754
4550 363 5.074103 8.044267
4560 363 5.079154 8.059780
4570 363 5.083995 8.075293
4580 363 5.088836 8.090806
4590 363 5.093677 8.106557
4600 363 5.098728 8.122070
4610 363 5.103568 8.137583
4620 363 5.108409 8.153096
4630 363 5.113250 8.168609
4640 363 5.118301 8.184122
4650 363 5.123142 8.199635
4660 363 5.127982 8.215148
4670 363 5.132823 8.230661
4680 363 5.137874 8.246412
4690 363 5.142715 8.261925
4700 363 5.147556 8.277438
4710 363 5.152396 8.292951
4720 363 5.145451 8.337103
4730 363 5.090941 8.496289
4740 363 5.036430 8.655475
4750 363 4.964451 8.865018
4760 363 4.875214 9.125396
4770 363 4.785766 9.385774
4780 363 4.691057 9.629446
4790 363 4.574038 9.806293
4800 363 4.457230 9.983139
4810 363 4.398721 10.133018
4820 363 4.398721 10.255928
4830 363 4.398721 10.378837
4840 363 4.397458 10.529193
4850 363 4.391144 10.789571
4860 363 4.384620 11.049949
4870 363 4.378306 11.310327
4880 363 4.270337 11.529655
4890 363 4.151003 11.744449
4900 363 4.031880 11.959243
4910 363 3.830465 12.169502
4920 363 3.620000 12.379284
4930 363 3.409535 12.588827
4940 363 3.199070 12.754934
4950 363 2.988605 12.892164
4960 363 2.778139 13.029154
4970 363 2.567674 13.166145
4980 363 2.357209 13.303136
4990 363 2.146744 13.440127
3960 364 14.356667 12.491215
3970 364 14.386763 12.346349
3980 364 14.416860 12.201482
3990 364 14.413913 12.050649
4000 364 14.334147 11.885974
4010 364 14.254381 11.721537
4020 364 14.138415 11.494333
4030 364 13.968359 11.172859
4040 364 13.798514 10.851622
4050 364 13.601308 10.668093
4060 364 13.397367 10.518931
4070 364 13.193637 10.369768
4080 364 12.943604 10.228959
4090 364 12.663054 10.093639
4100 364 12.382294 9.958557
4110 364 12.118581 9.842330
4120 364 11.866023 9.738990
4130 364 11.613465 9.635412
4140 364 11.341123 9.537800
4150 364 11.055522 9.444007
4160 364 10.769710 9.350452
4170 364 10.460116 9.267876
4180 364 10.144418 9.188402
4190 364 9.828721 9.108929
4200 364 9.468194 9.029216
4210 364 9.096302 8.949742
4220 364 8.724410 8.870269
4230 364 8.363252 8.719913
4240 364 8.004620 8.551897
4250 364 7.643882 8.398200
4260 364 7.261888 8.371708
4270 364 6.879894 8.345217
4280 364 6.482325 8.326124
4290 364 6.061395 8.318010
4300 364 5.640465 8.310134
4310 364 5.222692 8.301781
4320 364 4.809549 8.292951
4330 364 4.396406 8.284120
4340 364 4.007256 8.281495
4350 364 3.628418 8.281495
4360 364 3.249581 8.281495
4370 364 2.952825 8.220637
4380 364 2.691428 8.134003
4390 364 2.429820 8.047131
4400 364 2.166528 7.964316
4410 364 1.900289 7.886990
4420 364 1.634262 7.809903
4430 364 1.368023 7.732578
4440 364 1.063480 7.694869
4450 364 0.758727 7.657161
4460 364 0.454184 7.619453
4470 364 0.149641 7.581745
4420 365 11.327864 12.818418
4430 365 11.490764 12.795268
4440 365 11.653664 12.772118
4450 365 11.816564 12.748968
4460 365 12.105111 12.698611
4470 365 12.425018 12.641332
4480 365 12.738822 12.565438
4490 365 13.038314 12.446109
4500 365 13.337805 12.326779
4510 365 13.653924 12.183583
4520 365 13.977198 12.030125
4530 365 14.300262 11.876666
4540 365 14.561660 11.619868
4550 365 14.815902 11.351376
4560 365 15.070144 11.082884
4510 366 14.693411 13.303852
4520 366 14.488839 13.038701
4530 366 14.284057 12.773550
4540 366 14.079484 12.508399
4550 366 13.869651 12.257806
4560 366 13.659186 12.008645
4570 366 13.442617 11.711275
4580 366 13.222260 11.381686
4590 366 12.970123 11.056154
4600 366 12.686416 10.734440
4610 366 12.391133 10.413443
4620 366 12.049128 10.095310
4630 366 11.707122 9.777176
4640 366 11.266829 9.498660
4650 366 10.802122 9.230168
4660 366 10.323314 8.973608
4670 366 9.823459 8.734949
4680 366 9.323604 8.496289
4690 366 8.885206 8.178155
4700 366 8.446596 7.859783
4710 366 7.911173 7.610622
4720 366 7.310927 7.407284
4730 366 6.710680 7.203946
4740 366 6.075496 7.096072
4750 366 5.436314 6.998937
4760 366 4.809128 6.923043
4770 366 4.230349 6.933067
4780 366 3.651570 6.943091
4790 366 3.126880 6.938079
4800 366 2.615871 6.929726
4810 366 2.104651 6.921134
4820 366 1.590906 6.921134
4830 366 1.077160 6.921134
4840 366 0.563205 6.921134
4530 367 12.343358 13.477596
4540 367 12.452589 13.305284
4550 367 12.561610 13.132971
4560 367 12.670841 12.960659
4570 367 12.779862 12.788108
4580 367 12.889094 12.615796
4590 367 13.039366 12.366874
4600 367 13.230679 12.041580
4610 367 13.433357 11.771417
4620 367 13.662974 11.630369
4630 367 13.889014 11.482400
4640 367 14.082641 11.272380
4650 367 14.276269 11.062359
4660 367 14.452639 10.785275
4670 367 14.617223 10.463562
4680 367 14.811482 10.163328
4690 367 15.074563 9.912735
4700 367 15.337645 9.662142
4560 368 12.840687 13.687140
4570 368 13.039576 13.388815
4580 368 13.238255 13.090490
4590 368 13.436934 12.792165
4600 368 13.624038 12.513649
4610 368 13.764418 12.314846
4620 368 13.904798 12.116042
4630 368 14.093586 11.928694
4640 368 14.294369 11.744210
4650 368 14.501046 11.521779
4660 368 14.711511 11.273812
4670 368 14.921976 11.026083
4780 369 13.667604 13.355402
4790 369 13.810720 12.906722
4800 369 13.953837 12.458042
4810 369 14.216918 11.980722
4820 369 14.501046 11.503402
4830 369 14.816744 11.026083
4820 370 12.582657 13.519123
4830 370 12.784914 13.308148
4840 370 12.987381 13.096934
4850 370 13.189638 12.885720
4860 370 13.392105 12.674745
4870 370 13.622144 12.453507
4880 370 13.962887 12.192175
4890 370 14.285319 11.944207
4900 370 14.443168 11.818195
4910 370 14.601017 11.692421
4920 370 14.758866 11.566409
4930 370 14.916715 11.440396
4910 371 10.332574 12.509115
4920 371 10.326681 12.406968
4930 371 10.320578 12.304583
4940 371 10.314685 12.202437
4950 371 10.317000 12.018908
4960 371 10.323103 11.800772
4970 371 10.328996 11.582399
4980 371 10.380350 11.409609
4990 371 10.612493 11.417723
5000 371 10.844846 11.426077
5010 371 11.081830 11.413905
5020 371 11.329758 11.354240
5030 371 11.577896 11.294575
5040 371 11.863708 11.292188
5050 371 12.187614 11.347319
5060 371 12.511309 11.402449
5070 371 12.763446 11.528223
5080 371 13.007586 11.661872
5090 371 13.183114 11.774997
5100 371 13.256145 11.857812
5110 371 13.328966 11.940388
5120 371 13.323704 11.983109
5130 371 13.298869 12.015805
5140 371 13.274245 12.048501
5150 371 13.249410 12.081436
5160 371 13.224575 12.114133
5170 371 13.262459 12.175230
5180 371 13.327282 12.248737
5190 371 13.392105 12.322244
5200 371 13.456718 12.395513
5210 371 13.627195 12.496466
5220 371 13.824190 12.604340
5230 371 14.020975 12.712214
5240 371 14.192715 12.750400
5250 371 14.353300 12.759230
5260 371 14.514095 12.767822
5270 371 14.674680 12.776652
5280 371 14.835475 12.785244
5290 371 14.996270 12.793836
5050 372 11.405315 12.942282
5060 372 11.621883 12.839897
5070 372 11.838452 12.737512
5080 372 12.054810 12.635366
5090 372 12.271589 12.545391
5100 372 12.489210 12.504103
5110 372 12.707041 12.463053
5120 372 12.922558 12.447063
5130 372 13.133023 12.489545
5140 372 13.343488 12.532265
5150 372 13.582576 12.455894
5160 372 13.850498 12.260670
5170 372 14.105793 12.108166
5180 372 14.331622 12.055900
5190 372 14.557451 12.003395
5200 372 14.783280 11.951128
5210 372 15.009319 11.898623
5120 373 12.996641 13.067101
5130 373 13.316548 12.952545
5140 373 13.636455 12.837988
5150 373 13.923740 12.705054
5160 373 14.188926 12.559711
5170 373 14.452429 12.427732
5180 373 14.711511 12.326779
5190 373 14.970594 12.225826
5040 374 12.198979 12.888584
5050 374 12.393238 12.842761
5060 374 12.587497 12.796700
5070 374 12.804908 12.714124
5080 374 13.024844 12.627251
5090 374 13.245622 12.559472
5100 374 13.466610 12.499807
5110 374 13.666131 12.322721
5120 374 13.856602 12.095517
5130 374 14.048546 11.956856
5140 374 14.241543 11.877382
5150 374 14.411809 11.813660
5160 374 14.491575 11.813660
5170 374 14.571341 11.813660
5180 374 14.679941 11.792897
5190 374 14.855259 11.723208
5200 374 15.030787 11.653519
5140 375 13.890697 13.359460
5150 375 13.680232 13.261848
5160 375 13.474187 13.160179
5170 375 13.307498 13.020801
5180 375 13.141021 12.881663
5190 375 12.974332 12.742524
5200 375 12.807644 12.603147
5210 375 12.676103 12.444438
5220 375 12.625802 12.239906
5230 375 12.571291 12.070697
5240 375 12.498471 12.043251
5250 375 12.425439 12.015566
5260 375 12.375980 11.986211
5270 375 12.342095 11.955424
5280 375 12.308210 11.924637
5290 375 12.274115 11.893611
5300 375 12.240230 11.862824
5310 375 12.206345 11.832037
5320 375 12.154781 11.753518
5330 375 12.076698 11.603401
5340 375 11.998826 11.453045
5350 375 11.913167 11.273096
5360 375 11.824140 11.080259
5370 375 11.748162 10.897206
5380 375 11.790255 10.801743
5390 375 11.832348 10.706279
5400 375 11.874441 10.610815
1150 376 14.119683 11.725356
1160 376 14.125997 11.707456
1170 376 14.132311 11.689318
1180 376 14.138836 11.671180
1190 376 14.145150 11.653042
1200 376 14.151464 11.635143
1210 376 14.157988 11.617004
1220 376 14.164302 11.598866
1230 376 14.194398 11.564738
1240 376 14.224495 11.530610
1250 376 14.202186 11.462830
1260 376 14.174194 11.391232
1270 376 14.145991 11.319634
1280 376 14.093796 11.181689
1290 376 14.038865 11.036345
1300 376 14.016976 10.863794
1310 376 14.016976 10.672866
1320 376 14.022659 10.485041
1330 376 14.078643 10.326094
1340 376 14.134837 10.166907
1350 376 14.188084 10.006289
1360 376 14.216287 9.831113
1370 376 14.244279 9.656175
1380 376 14.273533 9.491739
1390 376 14.314364 9.422528
1400 376 14.354983 9.353078
1410 376 14.395813 9.283866
1420 376 14.392025 9.251408
1430 376 14.388237 9.218712
1440 376 14.384238 9.186254
1450 376 14.380450 9.153797
1460 376 14.376661 9.121100
1470 376 14.372873 9.088642
1480 376 14.369084 9.055946
1490 376 14.365296 9.023488
1500 376 14.361297 8.991031
1510 376 14.357509 8.958334
1520 376 14.353720 8.925877
1530 376 14.350774 8.920149
1540 376 14.348038 8.914659
1550 376 14.345091 8.908932
1560 376 14.342355 8.903204
1570 376 14.339409 8.897715
1580 376 14.336673 8.891987
1590 376 14.333726 8.886259
1600 376 14.330990 8.880770
1610 376 14.328044 8.875042
1620 376 14.325308 8.869553
1630 376 14.322361 8.863825
1640 376 14.319625 8.858097
1650 376 14.316679 8.852608
1660 376 14.313943 8.846880
1670 376 14.310996 8.841152
1680 376 14.308260 8.835663
1690 376 14.305314 8.829935
1700 376 14.302577 8.824207
1710 376 14.299631 8.818718
1720 376 14.296895 8.812990
1730 376 14.293948 8.807263
1740 376 14.291212 8.801773
1750 376 14.288266 8.796046
1760 376 14.285530 8.790318
1770 376 14.282583 8.784829
1780 376 14.279847 8.779101
1790 376 14.276901 8.773373
1800 376 14.274165 8.767884
1810 376 14.271218 8.762156
1820 376 14.267640 8.757383
1830 376 14.262589 8.753803
1840 376 14.257748 8.750462
1850 376 14.252697 8.746882
1860 376 14.247857 8.743302
1870 376 14.242805 8.739961
1880 376 14.237965 8.736381
1890 376 14.232914 8.732801
1900 376 14.228073 8.729459
1910 376 14.223022 8.725880
1920 376 14.218181 8.722538
1930 376 14.213340 8.718958
1940 376 14.208289 8.715379
1950 376 14.203448 8.712037
1960 376 14.198397 8.708457
1970 376 14.193557 8.704878
1980 376 14.188505 8.701536
1990 376 14.183665 8.697956
2000 376 14.178614 8.694377
2010 376 14.173773 8.691035
2020 376 14.168722 8.687455
2030 376 14.163881 8.683875
2040 376 14.158830 8.680534
2050 376 14.153989 8.676954
2060 376 14.149148 8.673374
2070 376 14.144097 8.670033
2080 376 14.139257 8.666453
2090 376 14.134205 8.662873
2100 376 14.129365 8.659532
2110 376 14.124314 8.655952
2120 376 14.119473 8.652372
2130 376 14.114422 8.649031
2140 376 14.109581 8.645451
2150 376 14.104530 8.641871
2160 376 14.040759 8.615619
2170 376 13.838923 8.536145
2180 376 13.637297 8.456433
2190 376 13.457981 8.422782
2200 376 13.281190 8.394142
2210 376 13.065674 8.402496
2220 376 12.792069 8.465979
2230 376 12.518465 8.529701
2240 376 12.273062 8.591037
2250 376 12.069753 8.648554
2260 376 11.866654 8.706071
2270 376 11.706069 8.734949
2280 376 11.588209 8.734949
2290 376 11.470348 8.734949
2300 376 11.378375 8.734949
2310 376 11.286192 8.734949
2320 376 11.194218 8.734949
2330 376 11.102035 8.734949
2340 376 11.025636 8.733994
2350 376 11.011535 8.728505
2360 376 10.997433 8.723254
2370 376 10.983543 8.718004
2380 376 10.969442 8.712753
2390 376 10.955340 8.707264
2400 376 10.941450 8.702014
2410 376 10.927348 8.696763
2420 376 10.913247 8.691513
2430 376 10.866735 8.683398
2440 376 10.689944 8.664305
2450 376 10.513153 8.645213
2460 376 10.329838 8.633041
2470 376 10.143576 8.623972
2480 376 9.961735 8.617289
2490 376 9.819039 8.634473
2500 376 9.676133 8.651418
2510 376 9.538700 8.659532
2520 376 9.413473 8.646645
2530 376 9.288246 8.633757
2540 376 9.163230 8.620869
2550 376 9.032110 8.589844
2560 376 8.897202 8.547123
2570 376 8.762294 8.504165
2580 376 8.627386 8.461445
2590 376 8.493740 8.409655
2600 376 8.360306 8.353809
2610 376 8.227081 8.298201
2620 376 8.068180 8.243787
2630 376 7.898545 8.189850
2640 376 7.728910 8.135913
2650 376 7.657773 8.110853
2660 376 7.652511 8.104887
2670 376 7.647250 8.098920
2680 376 7.641988 8.092954
2690 376 7.636727 8.086987
2700 376 7.631465 8.081021
2710 376 7.626203 8.075054
2720 376 7.620942 8.069088
2730 376 7.615680 8.063121
2740 376 7.610418 8.057155
2750 376 7.605157 8.051188
2760 376 7.599895 8.045222
2770 376 7.594633 8.039255
2780 376 7.589372 8.033289
2790 376 7.584110 8.027322
2800 376 7.578849 8.021356
2810 376 7.573587 8.015389
2820 376 7.568325 8.009423
2830 376 7.563064 8.003456
2840 376 7.557802 7.997490
2850 376 7.552540 7.991523
2860 376 7.547279 7.985557
2870 376 7.542017 7.979590
2880 376 7.536756 7.973624
2890 376 7.483297 7.939496
2900 376 7.397428 7.886274
2910 376 7.311768 7.833292
2920 376 7.145290 7.783412
2930 376 6.969973 7.733532
2940 376 6.788763 7.677686
2950 376 6.601659 7.615873
2960 376 6.414556 7.554060
2970 376 6.258601 7.520409
2980 376 6.110434 7.493918
2990 376 5.961845 7.466949
3000 376 5.807364 7.434969
3010 376 5.653093 7.403227
3020 376 5.506609 7.376736
3030 376 5.431894 7.397976
3040 376 5.356968 7.419217
3050 376 5.282253 7.440458
3060 376 5.207328 7.461460
3070 376 5.166918 7.583415
3080 376 5.149450 7.772434
3090 376 5.120827 7.963839
3100 376 5.048006 8.165745
3110 376 4.974974 8.367890
3120 376 4.900891 8.586741
3130 376 4.825754 8.816809
3140 376 4.750408 9.046877
3150 376 4.696108 9.283866
3160 376 4.647070 9.522526
3170 376 4.598031 9.761186
3180 376 4.568987 10.005335
3190 376 4.544784 10.250677
3200 376 4.520791 10.496258
3210 376 4.475961 10.715825
3220 376 4.382305 10.875011
3230 376 4.288858 11.033959
3240 376 4.195201 11.193145
3250 376 4.095651 11.369753
3260 376 3.993365 11.553760
3270 376 3.891289 11.738005
3280 376 3.775955 11.910556
3290 376 3.608845 12.036807
3300 376 3.441736 12.163297
3310 376 3.274627 12.289548
3320 376 3.090259 12.393842
3330 376 2.901472 12.492647
3340 376 2.712895 12.591452
3350 376 2.568727 12.674029
3360 376 2.429820 12.755173
3370 376 2.290702 12.836079
3380 376 2.151585 12.916984
3390 376 2.012467 12.998129
3400 376 1.886609 13.093831
3410 376 1.790848 13.223901
3420 376 1.695296 13.354209
3430 376 1.599535 13.484279
3440 376 1.503773 13.614348
2160 377 13.227732 12.570212
2170 377 13.122500 12.355418
2180 377 13.017267 12.140624
2190 377 12.869310 11.803636
2200 377 12.703253 11.414144
2210 377 12.678418 11.069042
2220 377 12.688941 10.734918
2230 377 12.787229 10.422512
2240 377 12.907615 10.115834
2250 377 12.983803 9.712261
2260 377 13.041260 9.267637
2270 377 12.997904 8.768838
2280 377 12.853946 8.216102
2290 377 12.457219 7.791526
2300 377 11.892331 7.452391
2310 377 11.350804 7.157169
2320 377 10.818959 6.881039
2330 377 10.319736 6.857412
2340 377 9.828721 6.897268
2350 377 8.951713 7.241893
2360 377 8.105853 7.579119
2370 377 7.384379 7.886036
2380 377 6.662904 8.181019
2390 377 5.942903 8.369322
2400 377 5.238477 8.520155
2410 377 4.597189 8.520155
2420 377 3.948325 8.505835
2430 377 3.232744 8.362639
2440 377 2.538630 8.207511
2450 377 2.037513 7.946178
2460 377 1.536395 7.684846
2470 377 1.035278 7.764319
2480 377 0.534160 7.844032
2140 378 14.719930 10.696732
2150 378 14.484209 10.801743
2160 378 14.248488 10.906753
2170 378 14.023080 10.983363
2180 378 13.797461 11.060211
2190 378 13.590784 11.149947
2200 378 13.459244 11.291711
2210 378 13.327703 11.433236
2220 378 13.196162 11.575000
2230 378 13.072830 11.747790
2240 378 12.949497 11.920580
2250 378 12.822166 12.085255
2260 378 12.660950 12.176662
2270 378 12.499733 12.268068
2280 378 12.338728 12.359475
2290 378 12.177511 12.450882
2300 378 12.076488 12.557085
2310 378 12.066386 12.685007
2320 378 12.056073 12.813167
2330 378 12.045760 12.941089
2340 378 12.035447 13.069249
2150 379 14.809588 11.193861
2160 379 14.562712 11.317486
2170 379 14.316047 11.440873
2180 379 14.099689 11.569272
2190 379 13.954468 11.709127
2200 379 13.809458 11.848982
2210 379 13.666131 11.968073
2220 379 13.525961 12.055422
2230 379 13.385581 12.143011
2240 379 13.264353 12.228212
2250 379 13.171959 12.309595
2260 379 13.079565 12.391217
2270 379 12.987171 12.472600
2280 379 12.903195 12.563291
2290 379 12.838793 12.675699
2300 379 12.774390 12.787869
2310 379 12.710198 12.900278
2320 379 12.645796 13.012687
2330 379 12.581394 13.124857
2340 379 12.516991 13.237266
2350 379 12.452589 13.349436
2360 379 12.388187 13.461845
2310 380 14.844736 9.928248
2320 380 14.494101 10.166907
2330 380 14.143255 10.405567
2340 380 13.959098 10.544706
2350 380 13.774941 10.684083
2360 380 13.532907 10.900786
2370 380 13.252357 11.169279
2380 380 12.993064 11.421542
2390 380 12.819219 11.608174
2400 380 12.645375 11.795045
2410 380 12.471952 11.990507
2420 380 12.297476 12.205062
2430 380 12.118581 12.491454
2440 380 11.963047 12.737035
2450 380 11.900960 12.819611
2460 380 11.838873 12.902426
2470 380 11.776786 12.985002
2480 380 11.714909 13.067579
2490 380 11.652822 13.150155
2500 380 11.590735 13.232731
2510 380 11.528647 13.315308
2520 380 11.466560 13.397884
2310 381 15.041731 9.111315
2320 381 14.742239 9.304152
2330 381 14.442747 9.496751
2340 381 14.143255 9.689588
2350 381 13.885015 9.841376
2360 381 13.626564 9.993402
2370 381 13.452509 10.180034
2380 381 13.299501 10.375257
2390 381 13.087773 10.541365
2400 381 12.836688 10.688379
2410 381 12.585814 10.835155
2420 381 12.375348 11.094578
2430 381 12.164883 11.354001
2440 381 11.986409 11.584308
2450 381 11.821825 11.802204
2460 381 11.697440 11.999576
2470 381 11.633669 12.165922
2480 381 11.569898 12.332268
2490 381 11.497498 12.502194
2500 381 11.348489 12.706248
2510 381 11.199480 12.910063
2520 381 11.050260 13.113879
2530 381 10.901251 13.317694
2540 381 10.752242 13.521510
2350 382 14.962386 10.535876
2360 382 14.703513 10.627760
2370 382 14.444431 10.719405
2380 382 14.185348 10.811289
2390 382 14.038023 10.906753
2400 382 13.890697 11.002217
2410 382 13.618355 11.198872
2420 382 13.362009 11.393142
2430 382 13.142704 11.581921
2440 382 12.923400 11.770940
2450 382 12.811222 11.984063
2460 382 12.711040 12.200050
2470 382 12.645165 12.330120
2480 382 12.587708 12.438471
2490 382 12.530251 12.547062
2500 382 12.443118 12.660902
2510 382 12.326310 12.780232
2520 382 12.209291 12.899562
2530 382 12.092483 13.018892
2540 382 11.975465 13.138222
2550 382 11.858446 13.257552
2560 382 11.741638 13.376882
2570 382 11.624619 13.496212
2350 383 14.939234 9.956410
2360 383 14.633008 10.065000
2370 383 14.326991 10.173351
2380 383 14.052755 10.302228
2390 383 13.826716 10.461175
2400 383 13.600676 10.620361
2410 383 13.360957 10.814392
2420 383 13.115554 11.023219
2430 383 12.889725 11.211760
2440 383 12.710619 11.353047
2450 383 12.531303 11.494572
2460 383 12.391975 11.658531
2470 383 12.279166 11.837526
2480 383 12.166357 12.016521
2490 383 12.054389 12.171650
2500 383 11.942632 12.320812
2510 383 11.830875 12.469975
2520 383 11.725643 12.629161
2530 383 11.625040 12.795268
2540 383 11.524438 12.953738
2550 383 11.424046 13.094786
2560 383 11.323444 13.235834
2570 383 11.223052 13.376882
2580 383 11.122660 13.517930
2350 384 14.985747 6.902280
2360 384 14.935025 6.437132
2370 384 14.884303 5.972223
2380 384 14.833370 5.507314
2390 384 14.782648 5.042404
2400 384 14.731926 4.577256
2410 384 14.637848 4.158647
2420 384 14.515147 3.770825
2430 384 14.394761 3.349113
2440 384 14.284477 2.792320
2450 384 14.194819 2.258676
2460 384 14.290581 1.933144
2470 384 14.386343 1.607612
2480 384 14.362770 1.248191
2490 384 14.326360 0.885189
2500 384 14.234387 0.715979
2510 384 14.105793 0.676123
2520 384 14.237544 0.711445
2530 384 14.434539 0.765143
2540 384 14.631324 0.819080
2400 385 15.135177 3.666292
2410 385 14.933341 3.238852
2420 385 14.731716 2.811174
2430 385 14.689202 2.262972
2440 385 14.701830 1.703554
2450 385 14.863677 1.152965
2480 386 15.239779 2.104741
2490 386 15.182111 2.510940
2500 386 15.124444 2.917377
2510 386 15.066776 3.323576
2520 386 15.009109 3.730014
2530 386 14.951441 4.136213
2540 386 14.893984 4.542412
2550 386 14.836317 4.948850
2560 386 14.778650 5.355049
2570 386 14.720140 5.751701
2580 386 14.658263 6.109691
2590 386 14.596387 6.467681
2600 386 14.534510 6.825670
2610 386 14.522093 7.173875
2620 386 14.522093 7.519454
2630 386 14.522093 7.865034
2640 386 14.501046 8.178155
2650 386 14.477684 8.487458
2660 386 14.460637 8.796046
2670 386 14.469055 9.101530
2680 386 14.477474 9.407015
2690 386 14.521251 9.679087
2700 386 14.580181 9.936839
2710 386 14.637427 10.179318
2720 386 14.688360 10.360222
2730 386 14.739082 10.541365
2740 386 14.782017 10.708188
2750 386 14.806852 10.841360
2760 386 14.831687 10.974771
2770 386 14.856311 11.108182
2780 386 14.886829 11.153288
2790 386 14.917977 11.188610
2800 386 14.949337 11.224170
2810 386 14.980486 11.259492
2820 386 15.011634 11.294814
2830 386 15.042783 11.330135
2980 387 14.959229 9.423721
2990 387 14.624379 9.673359
3000 387 14.289529 9.922758
3010 387 14.038654 10.162850
3020 387 13.871755 10.393157
3030 387 13.704857 10.623702
3040 387 13.500284 10.806993
3050 387 13.270877 10.958781
3060 387 13.039155 11.123456
3070 387 12.804276 11.306985
3080 387 12.569608 11.490515
3090 387 12.375348 11.710320
3100 387 12.191191 11.938956
3110 387 12.032922 12.152557
3120 387 11.913798 12.343485
3130 387 11.794465 12.534413
3140 387 11.676394 12.749445
3150 387 11.560007 13.000754
3160 387 11.443830 13.251824
3170 387 11.327443 13.503133
3000 388 14.987431 9.120146
3010 388 14.769389 9.427062
3020 388 14.551347 9.733979
3030 388 14.333516 10.040656
3040 388 14.160093 10.312013
3050 388 13.991720 10.579312
3060 388 13.806511 10.858066
3070 388 13.596046 11.154004
3080 388 13.385581 11.449943
3090 388 13.200372 11.637052
3100 388 13.017898 11.811989
3110 388 12.835636 11.987166
3120 388 12.704937 12.172366
3130 388 12.579921 12.358759
3140 388 12.454904 12.545391
3150 388 12.414284 12.747059
3160 388 12.409865 12.955170
3170 388 12.405445 13.163281
3180 388 12.400815 13.371631
3190 388 12.396395 13.579743
3040 389 14.832108 9.795791
3050 389 14.525881 9.817510
3060 389 14.209131 9.853786
3070 389 13.867125 9.923236
3080 389 13.525119 9.992924
3090 389 13.254040 10.178840
3100 389 12.990959 10.377644
3110 389 12.741137 10.581698
3120 389 12.504364 10.790526
3130 389 12.278114 11.010093
3140 389 12.146573 11.328465
3150 389 12.015032 11.646598
3160 389 11.860130 11.822013
3170 389 11.695546 11.936093
3180 389 11.519176 12.092415
3190 389 11.325548 12.311982
3200 389 11.131921 12.531549
3210 389 11.098457 12.724625
3220 389 11.082882 12.914598
3230 389 11.067308 13.104571
3240 389 11.051733 13.294783
3250 389 11.036159 13.484756
3260 389 11.020585 13.674729
3040 390 14.165775 11.496243
3050 390 14.126839 11.434430
3060 390 14.087903 11.372617
3070 390 14.073381 11.192190
3080 390 14.064962 10.982169
3090 390 14.056544 10.788378
3100 390 14.048546 10.632294
3110 390 14.040548 10.476211
3120 390 14.087061 10.234448
3130 390 14.157357 9.956171
3140 390 14.257538 9.672643
3150 390 14.427804 9.376944
3160 390 14.592809 9.086495
3170 390 14.736346 8.815138
3180 390 14.879883 8.544021
3040 391 13.910902 12.093369
3050 391 13.951101 12.032511
3060 391 13.991510 11.971653
3070 391 14.031709 11.910556
3080 391 14.072118 11.849698
3090 391 14.168722 11.696955
3100 391 14.279426 11.521063
3110 391 14.271639 11.299348
3120 391 14.250593 11.072621
3130 391 14.195451 10.783604
3140 391 14.136520 10.487666
3150 391 14.091060 10.218458
3160 391 14.065804 9.989345
3170 391 14.040548 9.760231
3180 391 14.029815 9.587919
3190 391 14.020554 9.421812
3200 391 14.016976 9.246635
3210 391 14.016976 9.065254
3220 391 14.027500 8.876951
3230 391 14.132732 8.626358
3240 391 14.233124 8.381494
3250 391 14.289739 8.188895
3260 391 14.346354 7.996058
3270 391 14.386132 7.856919
3280 391 14.408652 7.771718
3290 391 14.431172 7.686516
3300 391 14.422122 7.517784
3310 391 14.399602 7.313252
3320 391 14.377082 7.108721
3330 391 14.374767 6.804668
3340 391 14.374767 6.489637
3350 391 14.403811 6.190358
3360 391 14.476843 5.915183
3370 391 14.549663 5.639770
3380 391 14.607752 5.414952
3390 391 14.662473 5.202784
3400 391 14.714668 4.997059
3410 391 14.747080 4.850283
3420 391 14.779491 4.703507
3430 391 14.811903 4.556493
3440 391 14.844315 4.409717
3050 392 14.564186 11.694330
3060 392 14.564186 11.535144
3070 392 14.564186 11.376197
3080 392 14.564186 11.217011
3090 392 14.564186 11.045176
3100 392 14.564186 10.873340
3110 392 14.567763 10.742078
3120 392 14.575130 10.651626
3130 392 14.582286 10.561173
3140 392 14.567132 10.427763
3150 392 14.537036 10.265713
3160 392 14.507150 10.103901
3170 392 14.501046 9.836364
3180 392 14.501046 9.542812
3190 392 14.509465 9.272649
3200 392 14.551558 9.097712
3210 392 14.593651 8.922774
3220 392 14.640795 8.746882
3230 392 14.708565 8.567887
3240 392 14.776124 8.388892
3250 392 14.814218 8.180065
3260 392 14.807483 7.926608
3270 392 14.800959 7.672913
3280 392 14.801590 7.437117
3290 392 14.830634 7.272441
3300 392 14.859468 7.108005
3310 392 14.886197 6.924237
3320 392 14.907244 6.695839
3330 392 14.928290 6.467442
3340 392 14.949337 6.238806
3350 392 14.970383 6.010408
3360 392 14.991430 5.782011
3370 392 15.012476 5.553614
3380 392 15.033523 5.325216
3250 393 14.858837 9.803906
3260 393 14.648372 10.017984
3270 393 14.437907 10.231823
3280 393 14.227441 10.402703
3290 393 14.016976 10.472153
3300 393 13.806511 10.541842
3310 393 13.559636 10.631339
3320 393 13.308761 10.723223
3330 393 13.114291 10.824654
3340 393 13.051994 10.948280
3350 393 12.989696 11.072144
3360 393 12.901511 11.222738
3370 393 12.796279 11.390994
3380 393 12.691046 11.559487
3390 393 12.606860 11.718912
3400 393 12.606860 11.842061
3410 393 12.606860 11.965209
3420 393 12.604755 12.086926
3430 393 12.584551 12.194800
3440 393 12.564136 12.302435
3450 393 12.543721 12.410310
3460 393 12.438488 12.501000
3470 393 12.333255 12.591691
3480 393 12.228023 12.682382
3490 393 12.122790 12.773072
3500 393 12.017558 12.863763
3510 393 11.895067 12.928917
3520 393 11.772576 12.993833
3530 393 11.650296 13.058987
3540 393 11.527805 13.124141
3550 393 11.405315 13.189295
3560 393 11.282824 13.254211
3270 394 14.849576 10.745896
3280 394 14.662473 10.949234
3290 394 14.475369 11.152572
3300 394 14.327833 11.369276
3310 394 14.190189 11.589797
3320 394 14.048967 11.801250
3330 394 13.893433 11.977619
3340 394 13.737900 12.153989
3350 394 13.577104 12.257567
3360 394 13.415677 12.353031
3370 394 13.254461 12.448495
3380 394 13.121026 12.550164
3390 394 12.990748 12.652311
3400 394 12.834373 12.709828
3410 394 12.671262 12.755889
3420 394 12.508362 12.802189
3430 394 12.364194 12.914359
3440 394 12.228023 13.054691
3450 394 12.091852 13.195023
3460 394 11.955681 13.335355
3470 394 11.819510 13.475926
3270 395 15.032470 9.522526
3280 395 14.756340 9.701521
3290 395 14.480000 9.880516
3300 395 14.259432 10.016790
3310 395 14.039075 10.153304
3320 395 13.742319 10.263565
3330 395 13.437145 10.370962
3340 395 13.244359 10.432774
3350 395 13.063780 10.489576
3360 395 12.838372 10.628237
3370 395 12.601598 10.787423
3380 395 12.403340 10.964747
3390 395 12.263171 11.169279
3400 395 12.118791 11.373094
3410 395 11.964941 11.575000
3420 395 11.811091 11.776906
3430 395 11.682497 11.937763
3440 395 11.564637 12.080959
3450 395 11.453932 12.222007
3460 395 11.372061 12.354702
3470 395 11.290190 12.487158
3480 395 11.208530 12.619853
3490 395 11.131289 12.728204
3500 395 11.057626 12.820327
3510 395 10.983753 12.912450
3520 395 10.909880 13.004334
3530 395 10.836007 13.096457
3540 395 10.762133 13.188579
3300 396 14.897141 10.633487
3310 396 14.676995 10.427285
3320 396 14.469055 10.205570
3330 396 14.308681 9.921327
3340 396 14.128523 9.647106
3350 396 13.771784 9.460236
3360 396 13.414836 9.273604
3370 396 12.902564 9.172412
3380 396 12.351355 9.092938
3390 396 11.786046 9.053082
3400 396 11.214844 9.030410
3410 396 10.691628 8.955709
3420 396 10.200612 8.846403
3430 396 9.691497 8.739722
3440 396 9.110614 8.644258
3450 396 8.529730 8.548794
3460 396 7.906753 8.497482
3470 396 7.265887 8.464786
3480 396 6.695316 8.418724
3490 396 6.195461 8.359059
3500 396 5.706130 8.312282
3510 396 5.309824 8.382687
3520 396 4.879213 8.376959
3530 396 4.397037 8.257629
3540 396 3.914651 8.138299
3550 396 3.573908 8.160972
3560 396 3.233165 8.183645
3570 396 3.092995 8.091522
3580 396 2.975135 7.986512
3590 396 2.811393 7.782935
3600 396 2.578829 7.431150
3610 396 2.223353 7.201082
3620 396 1.744966 7.092492
3630 396 1.212700 6.949535
3640 396 0.554996 6.725672
3460 397 15.086981 6.097997
3470 397 15.052465 6.458373
3480 397 15.018159 6.818749
3490 397 14.983853 7.179364
3500 397 14.949547 7.539740
3510 397 14.915031 7.900117
3520 397 14.880725 8.260493
3530 397 14.846419 8.620869
3540 397 14.812113 8.981484
3550 397 14.777597 9.341861
3560 397 14.747290 9.699134
3570 397 14.726244 10.049248
3580 397 14.705197 10.399123
3590 397 14.753604 10.712006
3600 397 14.964069 10.938256
3610 397 15.174534 11.164267
3720 398 14.896720 12.038000
3730 398 14.559976 12.205062
3740 398 14.215234 12.360668
3750 398 13.838081 12.469975
3760 398 13.460927 12.579281
3770 398 13.182061 12.625103
3780 398 12.927819 12.654936
3790 398 12.723668 12.716033
3800 398 12.594653 12.823668
3810 398 12.465638 12.931543
3820 398 12.362721 13.081421
3830 398 12.320628 13.329627
3840 398 12.278534 13.577833
3720 399 14.801801 9.774789
3730 399 14.410757 9.843046
3740 399 14.046231 9.904382
3750 399 13.917637 9.904382
3760 399 13.785465 9.921327
3770 399 13.645084 9.978366
3780 399 13.514386 10.058079
3790 399 13.421781 10.229914
3800 399 13.329176 10.401749
3810 399 13.196162 10.572629
3820 399 13.045890 10.743032
3830 399 12.895408 10.913674
3840 399 12.805960 11.091714
3850 399 12.723458 11.270709
3860 399 12.644323 11.449465
3870 399 12.597600 11.626312
3880 399 12.550666 11.803159
3890 399 12.499523 11.994803
3900 399 12.441434 12.208642
3910 399 12.383346 12.422720
3920 399 12.328625 12.594078
3930 399 12.277482 12.723193
3940 399 12.226339 12.852069
3950 399 12.175196 12.981184
3960 399 12.123843 13.110060
3970 399 12.072700 13.239175
3980 399 12.021557 13.368290
3990 399 11.970414 13.497166
4510 400 14.831476 10.071444
4520 400 14.483577 10.310103
4530 400 14.135889 10.548763
4540 400 13.796409 10.796731
4550 400 13.457771 11.045892
4560 400 13.117238 11.199111
4570 400 12.775232 11.288609
4580 400 12.426491 11.391232
4590 400 12.051443 11.547077
4600 400 11.676183 11.702683
4610 400 11.344069 11.821536
4620 400 11.016586 11.936570
4630 400 10.704676 12.083584
4640 400 10.453592 12.358998
4650 400 10.202717 12.634172
4580 401 14.988904 10.084570
4590 401 14.663736 10.171203
4600 401 14.338357 10.258076
4610 401 14.050651 10.329196
4620 401 13.819139 10.376928
4630 401 13.542377 10.414159
4640 401 13.198057 10.435877
4650 401 12.864680 10.479074
4660 401 12.575290 10.608428
4670 401 12.285901 10.737782
4680 401 11.993775 10.929664
4690 401 11.701018 11.137060
4700 401 11.471822 11.313429
4710 401 11.306396 11.458296
4720 401 11.141181 11.603162
4730 401 10.953446 11.756143
4740 401 10.756030 11.912943
4750 401 10.558824 12.069503
4760 401 10.398450 12.176662
4770 401 10.275117 12.234179
4780 401 10.151574 12.291696
4790 401 10.041501 12.389069
4800 401 9.940267 12.512933
4810 401 9.838823 12.636559
4610 402 14.946601 10.495781
4620 402 14.699515 10.547809
4630 402 14.452639 10.599598
4640 402 14.169984 10.659501
4650 402 13.863968 10.724417
4660 402 13.555637 10.797924
4670 402 13.244148 10.883842
4680 402 12.932660 10.969759
4690 402 12.610017 11.036106
4700 402 12.286322 11.100545
4710 402 11.989145 11.192190
4720 402 11.754476 11.348273
4730 402 11.519808 11.504357
4740 402 11.345753 11.609845
4750 402 11.197796 11.693614
4760 402 11.050050 11.777622
4770 402 10.902093 11.861392
4780 402 10.665319 11.911033
4790 402 10.428546 11.960913
4800 402 10.219344 12.016521
4810 402 10.028662 12.076186
4820 402 9.837981 12.135851
4830 402 9.688130 12.202437
4840 402 9.599945 12.279524
4850 402 9.511760 12.356372
4860 402 9.423365 12.433460
5030 403 14.777387 11.536337
5040 403 14.487997 11.745165
5050 403 14.204080 11.955901
5060 403 13.971095 12.186208
5070 403 13.738110 12.416276
5080 403 13.510387 12.647299
5090 403 13.295291 12.880708
5100 403 13.080196 13.114117
5110 403 12.865101 13.347527
5120 403 12.649795 13.580697
5170 404 15.103608 10.591483
5180 404 14.638480 10.767376
5190 404 14.173141 10.943268
5200 404 13.802302 11.073815
5210 404 13.455034 11.193145
5220 404 13.086300 11.322976
5230 404 12.712093 11.455670
5240 404 12.383346 11.515335
5250 404 12.105743 11.587411
5260 404 11.905380 11.678340
5270 404 11.724801 11.813660
5280 404 11.590945 12.052320
5290 404 11.466139 12.284297
5300 404 11.424046 12.456132
5310 404 11.381953 12.627967
5320 404 11.349542 12.741808
5330 404 11.323865 12.817225
5340 404 11.297978 12.892641
5350 404 11.272090 12.968058
5360 404 11.246203 13.043474
5370 404 11.220316 13.118652
5200 405 14.799907 10.880500
5210 405 14.400023 10.987897
5220 405 14.040127 11.119160
5230 405 13.839554 11.346603
5240 405 13.633930 11.574046
5250 405 13.381372 11.803159
5260 405 13.128814 12.032272
5270 405 12.866995 12.221530
5280 405 12.599283 12.384296
5290 405 12.345252 12.509115
5300 405 12.112267 12.577371
5310 405 11.879282 12.645628
5320 405 11.758054 12.686200
5330 405 11.711121 12.708157
5340 405 11.664397 12.730352
5350 405 11.617674 12.752309
5360 405 11.570951 12.774504
5370 405 11.524228 12.796700
5270 406 14.680783 10.685993
5280 406 14.409073 10.864987
5290 406 14.137573 11.032527
5300 406 13.870493 11.096726
5310 406 13.603412 11.160926
5320 406 13.350854 11.125604
5330 406 13.112818 10.990761
5340 406 12.885937 10.833007
5350 406 12.703043 10.584085
5360 406 12.519938 10.334924
5370 406 12.334939 10.086718
5380 406 12.149730 9.838512
5390 406 11.964521 9.590305
5320 407 14.937340 10.574777
5330 407 14.688570 10.986943
5340 407 14.439801 11.399347
5350 407 14.162618 11.734425
5360 407 13.842711 11.953992
5370 407 13.522804 12.173559
5380 407 13.310024 12.429880
5390 407 13.109030 12.690258
5360 408 14.832318 10.126813
5370 408 14.499994 10.340174
5380 408 14.167669 10.553775
5390 408 13.828610 10.832768
5400 408 13.487867 11.128468
0 409 11.301976 4.534536
10 409 11.229366 4.394682
20 409 11.156755 4.254827
30 409 11.073832 4.119268
40 409 10.897042 4.023804
50 409 10.720251 3.928340
60 409 10.539040 3.830490
70 409 10.354883 3.730969
80 409 10.177672 3.621662
90 409 10.028662 3.472500
100 409 9.879653 3.323338
110 409 9.718016 3.127398
120 409 9.553222 2.920003
130 409 9.380640 2.816186
140 409 9.200272 2.816186
150 409 9.019903 2.816186
160 409 8.903937 2.805446
170 409 8.815752 2.789933
180 409 8.727567 2.774659
190 409 8.663375 2.756521
200 409 8.614968 2.736712
210 409 8.566772 2.716665
220 409 8.518575 2.696856
230 409 8.470379 2.677047
430 410 5.963318 0.054653
440 410 5.891129 0.225056
450 410 5.819150 0.395459
460 410 5.746960 0.565862
470 410 5.625732 0.753210
480 410 5.430842 0.965140
490 410 5.235951 1.177309
500 410 4.956453 1.233394
510 410 4.640756 1.222654
520 410 4.311799 1.217165
530 410 3.969793 1.217165
540 410 3.634943 1.200220
550 410 3.363022 1.031249
560 410 3.091101 0.862039
570 410 2.970294 0.750108
580 410 2.914310 0.662758
590 410 2.858116 0.575170
600 410 2.801922 0.487582
610 410 2.745938 0.400232
620 410 2.689744 0.312644
630 410 2.674801 0.277561
640 410 2.677327 0.264912
650 410 2.679852 0.252263
660 410 2.682378 0.239614
670 410 2.685114 0.226965
680 410 2.687639 0.214317
690 410 2.690165 0.201429
700 410 2.692691 0.188780
710 410 2.695427 0.176131
720 410 2.697952 0.163482
730 410 2.700478 0.150833
740 410 2.703003 0.138184
750 410 2.705739 0.125535
760 410 2.708265 0.112886
770 410 2.710791 0.100237
780 410 2.713316 0.087588
790 410 2.715842 0.074939
800 410 2.718578 0.062290
810 410 2.721103 0.049641
820 410 2.723629 0.036992
830 410 2.726155 0.024343
840 410 2.728891 0.011694
850 410 2.731416 -0.000955
860 410 2.733942 -0.013842
870 410 2.784453 -0.031026
880 410 3.026067 -0.066347
890 410 3.267681 -0.101669
900 410 3.505928 -0.096419
910 410 3.740596 -0.050596
920 410 3.975265 -0.004535
460 411 8.652642 2.557478
470 411 8.574349 2.624064
480 411 8.495845 2.690651
490 411 8.417552 2.757237
500 411 8.339259 2.824061
510 411 8.269174 2.899717
520 411 8.211296 2.989214
530 411 8.153418 3.078711
540 411 8.095540 3.168209
550 411 8.073231 3.261525
560 411 8.103959 3.360330
570 411 8.134687 3.459374
580 411 8.165625 3.558418
590 411 8.206035 3.641949
600 411 8.269174 3.689681
610 411 8.353992 3.741947
620 411 8.489321 3.804237
630 411 8.624650 3.866766
640 411 8.759768 3.929295
650 411 8.897833 3.994926
660 411 9.060944 4.087288
670 411 9.223844 4.179649
680 411 9.386744 4.272010
690 411 9.497449 4.491816
700 411 9.608364 4.711622
710 411 9.719068 4.931427
720 411 9.828721 5.143119
730 411 9.933953 5.322114
740 411 10.039186 5.501108
750 411 10.144418 5.680103
760 411 10.287324 5.918763
770 411 10.430019 6.157423
780 411 10.586395 6.374126
790 411 10.796860 6.502525
800 411 11.007325 6.631163
810 411 11.154651 6.835933
820 411 11.259883 7.091537
830 411 11.365116 7.347381
840 411 11.489711 7.567425
850 411 11.619358 7.778400
860 411 11.763526 7.982693
870 411 11.966204 8.159540
880 411 12.168882 8.336387
890 411 12.383346 8.479821
900 411 12.610017 8.589844
910 411 12.836688 8.700104
920 411 13.058729 8.756189
930 411 13.280348 8.806547
940 411 13.543430 8.791750
950 411 13.844395 8.758815
960 411 14.202186 8.699150
970 411 14.533879 8.658100
980 411 14.826004 8.644735
1480 412 7.705759 2.669887
1490 412 7.482035 2.684923
1500 412 7.258310 2.699720
1510 412 7.034796 2.714755
1520 412 6.748985 2.816186
1530 412 6.421501 2.975372
1540 412 6.094228 3.134319
1550 412 5.745697 3.269639
1560 412 5.394852 3.402334
1570 412 5.065685 3.539563
1580 412 4.822808 3.695647
1590 412 4.580142 3.851492
1600 412 4.435342 3.930250
1610 412 4.355786 3.957218
1620 412 4.276441 3.984187
1630 412 4.197095 4.011394
1640 412 4.117539 4.038362
1650 412 4.017568 4.078457
1660 412 3.869401 4.149101
1670 412 3.721234 4.219744
1680 412 3.453732 4.212345
1690 412 3.106465 4.152681
1700 412 2.770563 4.105903
1710 412 2.442237 4.067718
1720 412 2.097285 4.023804
1730 412 1.602692 3.928340
1740 412 1.122831 3.834070
1750 412 0.774722 3.751493
1760 412 0.426613 3.668917
1770 412 0.078503 3.586341
1490 413 8.123953 1.527423
1500 413 7.814780 1.669187
1510 413 7.505607 1.810712
1520 413 7.196644 1.952476
1530 413 6.915884 2.165360
1540 413 6.642279 2.396144
1550 413 6.368674 2.626928
1560 413 6.067920 2.783251
1570 413 5.760220 2.920719
1580 413 5.483879 3.051743
1590 413 5.332554 3.156276
1600 413 5.181441 3.260570
1610 413 5.030116 3.365103
1620 413 4.956453 3.394936
1630 413 4.882791 3.424768
1640 413 4.809128 3.454601
1650 413 4.735465 3.484433
1660 413 4.414716 3.529778
1670 413 4.093967 3.575362
1680 413 3.765431 3.589205
1690 413 3.436053 3.599706
1700 413 3.117620 3.560088
1710 413 2.806552 3.487536
1720 413 2.480121 3.434553
1730 413 2.118542 3.426916
1740 413 1.756752 3.419518
1750 413 1.406538 3.412835
1760 413 1.160084 3.412835
1770 413 0.913629 3.412835
1780 413 0.667385 3.412835
1790 413 0.420930 3.412835
1490 414 7.113721 1.646753
1500 414 6.833171 1.845556
1510 414 6.552410 2.044599
1520 414 6.271860 2.243402
1530 414 5.928802 2.384927
1540 414 5.585954 2.526214
1550 414 5.300143 2.654852
1560 414 5.147766 2.753657
1570 414 4.995179 2.852462
1580 414 4.848274 2.952222
1590 414 4.709578 3.053891
1600 414 4.570671 3.155321
1610 414 4.431764 3.256990
1620 414 4.293067 3.358421
1630 414 4.080498 3.475841
1640 414 3.836358 3.599944
1650 414 3.568225 3.712115
1660 414 3.203910 3.776314
1670 414 2.839595 3.840513
1680 414 2.525581 3.808056
1690 414 2.245031 3.710683
1700 414 1.964271 3.613548
1710 414 1.565650 3.482285
1720 414 1.153980 3.347442
1730 414 0.802293 3.190404
1740 414 0.490805 3.018569
1750 414 0.179316 2.846734
3270 415 4.942352 -0.143196
3280 415 5.003808 0.095464
3290 415 5.065264 0.334124
3300 415 5.122300 0.618129
3310 415 5.162499 1.084231
3320 415 5.196384 1.537685
3330 415 5.176389 1.878491
3340 415 5.156395 2.219536
3350 415 5.006123 2.480869
3360 415 4.855641 2.742201
3370 415 4.556570 3.099475
3380 415 4.240872 3.467488
3390 415 3.922859 3.807101
3400 415 3.602531 4.118552
3410 415 3.290832 4.420934
3420 415 3.013019 4.688233
3430 415 2.735205 4.955532
3440 415 2.425189 5.055053
3450 415 2.101494 5.082499
3460 415 1.771064 5.103024
3470 415 1.382545 5.060304
3480 415 0.994027 5.017345
3490 415 0.605508 4.974625
3500 415 0.216990 4.931666
3270 416 5.756642 -0.164198
3280 416 5.781897 0.007637
3290 416 5.807153 0.179472
3300 416 5.830936 0.371832
3310 416 5.842091 0.748676
3320 416 5.838302 1.159887
3330 416 5.775163 1.708804
3340 416 5.707393 2.225980
3350 416 5.621313 2.616666
3360 416 5.535232 3.007113
3370 416 5.204592 3.472977
3380 416 4.873741 3.939080
3390 416 4.506900 4.282273
3400 416 4.136060 4.611862
3410 416 3.812996 4.901834
3420 416 3.501929 5.182020
3430 416 3.213802 5.441443
3440 416 2.948406 5.680103
3450 416 2.667645 5.888931
3460 416 2.325639 5.978428
3470 416 1.983634 6.067925
3480 416 1.609006 6.042389
3490 416 1.226380 5.988213
3500 416 0.726105 5.876998
3510 416 0.147326 5.727835
4300 417 8.328315 5.562683
4310 417 8.442387 5.423544
4320 417 8.570560 5.284883
4330 417 8.827749 5.152426
4340 417 9.085147 5.019732
4350 417 9.343178 4.876536
4360 417 9.602892 4.717588
4370 417 9.862395 4.558402
4380 417 10.182933 4.403273
4390 417 10.595235 4.254111
4400 417 11.007325 4.104949
4410 417 11.329126 3.985619
4420 417 11.651138 3.866289
4430 417 11.972939 3.746959
4440 417 12.322732 3.690158
4450 417 12.691046 3.675361
4460 417 13.059360 3.660325
4470 417 13.368112 3.655552
4480 417 13.587207 3.665337
4490 417 13.806511 3.675361
4500 417 14.069593 3.579897
4510 417 14.332674 3.484433
4520 417 14.550716 3.356511
4530 417 14.768547 3.228828
4540 417 14.986589 3.100907
4300 418 7.687449 5.135720
4310 418 7.782368 5.097296
4320 418 7.877499 5.058872
4330 418 7.999358 5.006367
4340 418 8.161206 4.932859
4350 418 8.323053 4.859591
4360 418 8.636015 4.726657
4370 418 8.986860 4.578927
4380 418 9.339810 4.283943
4390 418 9.693812 3.925954
4400 418 10.096222 3.610684
4410 418 10.547249 3.337896
4420 418 10.986279 3.057948
4430 418 11.407209 2.767499
4440 418 11.827087 2.462014
4450 418 12.236862 2.022403
4460 418 12.673367 1.627898
4470 418 13.216157 1.414298
4480 418 13.732217 1.186617
4490 418 14.185980 0.925523
4500 418 14.639743 0.664429
4510 418 15.093716 0.403574
240 419 11.521281 1.698780
250 419 11.566110 1.720498
260 419 11.610729 1.742217
270 419 11.655347 1.763935
280 419 11.745216 1.842215
290 419 11.840346 1.926939
300 419 11.935476 2.011663
310 419 12.080697 2.110469
320 419 12.238546 2.212615
330 419 12.396395 2.315000
340 419 12.791017 2.523827
350 419 13.185639 2.732655
360 419 13.505757 2.979906
370 419 13.776415 3.252694
380 419 13.978672 3.557224
390 419 14.112738 3.893496
400 419 14.239227 4.251963
410 419 14.348669 4.662458
420 419 14.458111 5.072953
430 419 14.560818 5.452899
440 419 14.661841 5.825208
450 419 14.756551 6.172220
460 419 14.836317 6.460282
470 419 14.916083 6.748344
480 419 14.996060 7.036407
240 420 11.053417 2.707357
250 420 11.178012 2.760578
260 420 11.302818 2.813560
270 420 11.456668 2.816902
280 420 11.639983 2.770840
290 420 11.823298 2.724540
300 420 12.017558 2.755566
310 420 12.228023 2.902580
320 420 12.438488 3.049356
330 420 12.689362 3.231454
340 420 12.950339 3.422382
350 420 13.198688 3.633118
360 420 13.417151 3.890155
370 420 13.635614 4.147191
380 420 13.738110 4.439072
390 420 13.790726 4.745989
400 420 13.843343 5.052667
410 420 13.819560 5.323068
420 420 13.787148 5.589174
430 420 13.802302 5.875804
440 420 13.928581 6.209928
450 420 14.054860 6.544052
460 420 14.129996 6.794644
470 420 14.192294 7.024474
480 420 14.262800 7.251439
490 420 14.406968 7.452391
500 420 14.550926 7.653342
510 420 14.694884 7.854533
520 420 14.838843 8.055484
1620 421 11.314394 5.286792
1630 421 11.135078 5.198249
1640 421 10.955972 5.109945
1650 421 10.732879 5.021641
1660 421 10.491265 4.933098
1670 421 10.249651 4.844794
1680 421 10.192194 4.823076
1690 421 10.134947 4.801358
1700 421 10.077490 4.779640
1710 421 9.867236 4.732862
1720 421 9.591316 4.675345
1730 421 9.315607 4.617590
1740 421 9.001803 4.572006
1750 421 8.678739 4.529524
1760 421 8.355465 4.486804
1770 421 7.852243 4.455778
1780 421 7.348810 4.424514
1790 421 6.873790 4.423559
1800 421 6.410767 4.435492
1810 421 6.005201 4.455062
1820 421 5.624470 4.477735
1830 421 5.203118 4.555300
1840 421 4.754617 4.669379
1850 421 4.330951 4.771048
1860 421 3.964952 4.843839
1870 421 3.598953 4.916392
1880 421 3.432055 4.875342
1890 421 3.265156 4.834054
1900 421 3.090891 4.802551
1910 421 2.851802 4.856727
1920 421 2.612714 4.910903
1930 421 2.496537 4.893242
1940 421 2.394251 4.867467
1950 421 2.291755 4.841453
1960 421 2.186312 4.820928
1970 421 2.068662 4.820928
1980 421 1.951222 4.820928
1990 421 1.833572 4.820928
2000 421 1.700979 4.809711
2010 421 1.564808 4.795630
2020 421 1.428637 4.781549
2030 421 1.291624 4.803267
2040 421 1.153349 4.878206
2050 421 1.015073 4.953145
2060 421 0.876798 5.028323
2070 421 0.680223 5.112332
2080 421 0.477335 5.197772
2090 421 0.274447 5.282973
1620 422 11.819721 5.076294
1630 422 11.746058 5.118059
1640 422 11.672395 5.159825
1650 422 11.598732 5.201590
1660 422 11.464666 5.229752
1670 422 11.240310 5.237867
1680 422 11.015744 5.245742
1690 422 10.752662 5.268654
1700 422 10.432124 5.314238
1710 422 10.122530 5.348843
1720 422 9.839244 5.357913
1730 422 9.555958 5.366982
1740 422 9.183014 5.354571
1750 422 8.771554 5.332853
1760 422 8.359464 5.317579
1770 422 7.946321 5.308749
1780 422 7.533178 5.299918
1790 422 7.090780 5.211375
1800 422 6.641227 5.103024
1810 422 6.203249 5.121878
1820 422 5.773058 5.225695
1830 422 5.322873 5.304691
1840 422 4.825334 5.326409
1850 422 4.343368 5.353139
1860 422 4.000310 5.423783
1870 422 3.657463 5.494426
1880 422 3.355866 5.530225
1890 422 3.116357 5.513757
1900 422 2.876848 5.497290
1910 422 2.705739 5.475333
1920 422 2.602822 5.447649
1930 422 2.500115 5.419725
1940 422 2.397408 5.392041
1950 422 2.278706 5.365550
1960 422 2.097074 5.343832
1970 422 1.915232 5.322114
1980 422 1.733391 5.300395
1990 422 1.551759 5.278677
2000 422 1.340873 5.287985
2010 422 1.123042 5.305169
2020 422 0.905000 5.322114
2030 422 0.694535 5.308033
2040 422 0.484070 5.293952
2050 422 0.273605 5.280109
1670 423 11.461719 6.059811
1680 423 11.362590 6.052890
1690 423 11.263672 6.045730
1700 423 11.164543 6.038809
1710 423 11.006483 5.963392
1720 423 10.841689 5.880339
1730 423 10.630593 5.711129
1740 423 10.388558 5.484402
1750 423 10.024664 5.382733
1760 423 9.579319 5.364356
1770 423 9.134186 5.345980
1780 423 8.749876 5.418532
1790 423 8.365567 5.491323
1800 423 7.961474 5.546454
1810 423 7.548963 5.594186
1820 423 7.133083 5.636428
1830 423 6.703314 5.656237
1840 423 6.273544 5.676046
1850 423 5.870293 5.555284
1860 423 5.473777 5.399201
1870 423 5.084206 5.242640
1880 423 4.723468 5.083454
1890 423 4.363994 4.929995
1900 423 4.016306 4.826178
1910 423 3.668407 4.722361
1920 423 3.411218 4.855772
1930 423 3.176339 5.048609
1940 423 2.966927 5.227366
1950 423 2.858327 5.350514
1960 423 2.749727 5.473663
1970 423 2.635865 5.585833
1980 423 2.475280 5.598482
1990 423 2.314485 5.611131
2000 423 2.153900 5.623541
2010 423 1.953537 5.638815
2020 423 1.660149 5.660533
2030 423 1.366760 5.682251
2040 423 1.073372 5.703969
2050 423 0.909209 5.727358
2060 423 0.744836 5.750508
2070 423 0.580673 5.773897
2080 423 0.416300 5.797047
1730 424 11.819510 4.024520
1740 424 11.850659 4.002325
1750 424 11.882018 3.980368
1760 424 11.913167 3.958173
1770 424 11.944316 3.936216
1780 424 11.975465 3.914021
1790 424 12.108479 3.863663
1800 424 12.254962 3.822375
1810 424 12.524358 3.860561
1820 424 12.793753 3.898746
1830 424 13.050731 3.881563
1840 424 13.299501 3.827149
1850 424 13.485341 3.728343
1860 424 13.576894 3.562236
1870 424 13.680232 3.378945
1880 424 13.890697 3.041003
1890 424 14.101162 2.702822
1900 424 14.271429 2.206410
1910 424 14.424437 1.642457
1920 424 14.627325 1.211198
1930 424 14.879883 0.912874
1940 424 15.132441 0.614549
1730 425 12.813116 4.182274
1740 425 12.749976 4.196594
1750 425 12.686837 4.210914
1760 425 12.623697 4.225233
1770 425 12.560558 4.239553
1780 425 12.474478 4.302798
1790 425 12.354302 4.439072
1800 425 12.234126 4.575347
1810 425 11.988935 4.710190
1820 425 11.660609 4.843839
1830 425 11.329547 4.975580
1840 425 10.973861 5.090852
1850 425 10.618386 5.206125
1860 425 10.258069 5.311613
1870 425 9.879232 5.378437
1880 425 9.500395 5.445262
1890 425 9.043054 5.597527
1900 425 8.551829 5.786546
1910 425 8.081860 5.961722
1920 425 7.660930 6.104918
1930 425 7.240000 6.248114
1940 425 6.864320 6.379615
1950 425 6.500215 6.508014
1960 425 6.131270 6.626151
1970 425 5.744014 6.702522
1980 425 5.356758 6.778893
1990 425 4.952665 6.817079
2000 425 4.541206 6.838797
2010 425 4.160264 6.839513
2020 425 3.809418 6.819704
2030 425 3.464045 6.799418
2040 425 3.166448 6.774597
2050 425 2.868850 6.750015
2060 425 2.569989 6.726626
2070 425 2.266078 6.708966
2080 425 1.961956 6.691305
2090 425 1.656150 6.709920
2100 425 1.348660 6.765051
2110 425 1.040960 6.820181
2120 425 0.764620 6.905144
2130 425 0.491857 6.993687
2140 425 0.219094 7.081991
1730 426 12.100902 5.642634
1740 426 11.835505 5.549318
1750 426 11.578107 5.459820
1760 426 11.391845 5.404690
1770 426 11.205583 5.349559
1780 426 10.978912 5.345025
1790 426 10.711832 5.390848
1800 426 10.444752 5.436909
1810 426 10.052655 5.479868
1820 426 9.646879 5.522349
1830 426 9.239418 5.581775
1840 426 8.818488 5.792989
1850 426 8.397558 6.004203
1860 426 8.027350 6.123056
1870 426 7.707653 6.149547
1880 426 7.388167 6.176038
1890 426 6.993335 6.043105
1900 426 6.579560 5.870315
1910 426 6.165996 5.697287
1920 426 5.869241 5.474617
1930 426 5.585534 5.246458
1940 426 5.228795 5.197533
1950 426 4.823650 5.268176
1960 426 4.418294 5.338820
1970 426 4.107858 5.464116
1980 426 3.807945 5.595379
1990 426 3.508032 5.726642
2000 426 3.208120 5.857905
2010 426 2.891159 5.920195
2020 426 2.572515 5.974609
2030 426 2.253871 6.029263
2040 426 1.959009 6.102292
2050 426 1.699927 6.203246
2060 426 1.440844 6.304199
2070 426 1.167450 6.379854
2080 426 0.890688 6.448826
2090 426 0.613716 6.518038
2100 426 0.336744 6.587010
2030 427 11.372482 10.695778
2040 427 11.447197 10.972862
2050 427 11.521912 11.250184
2060 427 11.596628 11.527268
2070 427 11.630512 11.865927
2080 427 11.664608 12.204823
2090 427 11.698493 12.543482
2100 427 11.724590 12.843716
2110 427 11.749846 13.139654
2120 427 11.775102 13.435592
2030 428 11.844766 10.506759
2040 428 11.801621 10.562844
2050 428 11.758265 10.618929
2060 428 11.714909 10.675014
2070 428 11.701860 10.912481
2080 428 11.701860 11.227512
2090 428 11.701860 11.542781
2100 428 11.701860 11.858289
2110 428 11.701860 12.174036
2120 428 11.693021 12.490499
2130 428 11.603573 12.816031
2140 428 11.514336 13.141563
2150 428 11.425098 13.466857
2030 429 12.168461 10.751624
2040 429 12.203398 10.870954
2050 429 12.238546 10.990284
2060 429 12.254962 11.139685
2070 429 12.263381 11.301973
2080 429 12.262118 11.489799
2090 429 12.222340 11.780009
2100 429 12.182562 12.070458
2110 429 12.142784 12.360668
2120 429 12.078172 12.664960
2130 429 11.988935 12.983093
2140 429 11.899487 13.301227
2150 429 11.810250 13.619599
3840 430 9.522494 9.901279
3850 430 9.617624 9.870492
3860 430 9.712544 9.839705
3870 430 9.807674 9.808918
3880 430 9.989516 9.754742
3890 430 10.171147 9.700328
3900 430 10.269855 9.597704
3910 430 10.347938 9.482670
3920 430 10.434650 9.373364
3930 430 10.599865 9.313699
3940 430 10.765290 9.254034
3950 430 10.949658 9.212268
3960 430 11.178433 9.212268
3970 430 11.407209 9.212268
3980 430 11.848133 9.155467
3990 430 12.289058 9.098666
4000 430 12.771865 9.070266
4010 430 13.259302 9.045206
4020 430 13.785465 8.851415
4030 430 14.311627 8.657384
4040 430 14.837790 8.463592
3880 431 9.274566 9.687917
3890 431 9.414736 9.564053
3900 431 9.555116 9.440427
3910 431 9.686657 9.349498
3920 431 9.814409 9.272888
3930 431 9.942161 9.196039
3940 431 10.249651 8.913944
3950 431 10.579450 8.627552
3960 431 10.930085 8.508222
3970 431 11.355645 8.335194
3980 431 11.955471 8.036869
3990 431 12.556138 7.824700
4000 431 13.158910 7.813961
4010 431 13.753053 7.804175
4020 431 14.270376 7.804175
4030 431 14.787910 7.804175
3900 432 9.156916 9.042342
3910 432 9.092514 9.032557
3920 432 9.028111 9.022772
3930 432 8.963709 9.012987
3940 432 8.899307 9.003202
3950 432 8.779973 9.013465
3960 432 8.578137 9.053082
3970 432 8.376511 9.092938
3980 432 8.202667 9.092938
3990 432 8.028823 9.092938
4000 432 7.839825 9.021340
4010 432 7.644303 8.918955
4020 432 7.448992 8.816809
4030 432 7.149500 8.787931
4040 432 6.838222 8.767168
4050 432 6.648382 8.737574
4060 432 6.539151 8.702252
4070 432 6.430130 8.666931
4080 432 6.352679 8.675045
4090 432 6.278595 8.687933
4100 432 6.204722 8.700820
4110 432 6.151895 8.712753
4120 432 6.183254 8.720629
4130 432 6.214403 8.728505
4140 432 6.245763 8.736381
4150 432 6.277122 8.744256
4160 432 6.308481 8.752132
4170 432 6.339630 8.760008
4180 432 6.370989 8.767884
4190 432 6.402349 8.775759
4200 432 6.433708 8.783635
4210 432 6.464857 8.791511
4220 432 6.496216 8.799387
4230 432 6.554725 8.806547
4240 432 6.858847 8.806547
4250 432 7.168021 8.881963
4260 432 7.489190 9.133033
4270 432 7.828250 9.339235
4280 432 8.193828 9.477419
4290 432 8.576453 9.683621
4300 432 8.976337 9.958080
4310 432 9.392006 10.208673
4320 432 9.823459 10.435400
4330 432 10.174515 10.662365
4340 432 10.445173 10.889808
4350 432 10.695205 11.141355
4360 432 10.914300 11.429895
4370 432 11.133604 11.718196
4380 432 11.329547 11.948742
4390 432 11.525490 12.179048
4400 432 11.713015 12.422243
4410 432 11.824140 12.780232
4420 432 11.935055 13.138222
4430 432 12.046181 13.496212
4440 432 12.157307 13.854201
4760 433 11.138445 6.553121
4770 433 11.154651 6.360284
4780 433 11.170857 6.167447
4790 433 11.202426 5.790841
4800 433 11.240731 5.335240
4810 433 11.415207 5.022118
4820 433 11.725853 4.851715
4830 433 12.073121 4.549810
4840 433 12.474898 4.050773
4850 433 12.833952 3.525960
4860 433 13.022318 2.897807
4870 433 13.264564 2.332900
4880 433 13.632877 1.915245
4890 433 13.988984 1.427902
4900 433 14.339619 0.910964
4910 433 14.611540 0.665861
4920 433 14.874622 0.451067
5050 434 10.779392 6.516844
5060 434 10.744244 6.264820
5070 434 10.720882 5.992986
5080 434 10.802753 5.542158
5090 434 10.954709 5.079874
5100 434 11.270407 4.590621
5110 434 11.609887 4.087049
5120 434 12.004509 3.550065
5130 434 12.399131 3.013080
5140 434 12.827848 2.505928
5150 434 13.259302 2.006174
5160 434 13.680232 1.542936
5170 434 14.074433 1.121701
5180 434 14.428436 0.763711
5190 434 14.699304 0.477320
5200 434 14.638269 0.477320
5210 434 14.577024 0.477320
5220 434 14.492838 0.541042
5230 434 14.200502 1.177309
5240 434 13.888803 1.787801
5250 434 13.532065 2.337911
5260 434 13.175116 2.887784
5270 434 12.849947 3.310927
5280 434 12.524568 3.733833
5290 434 12.206976 4.152681
5300 434 11.891279 4.570335
5310 434 11.706490 4.749330
5320 434 11.554535 4.868660
5330 434 11.293979 4.982262
5340 434 11.033423 5.095864
5350 434 10.912616 5.178918
5360 434 10.807383 5.258391
5370 434 10.709728 5.387745
5380 434 10.619438 5.566740
5390 434 10.529359 5.745735
