0 1 13.448721 3.937887
10 1 12.935186 3.937887
20 1 12.421651 3.937887
30 1 11.919271 3.957695
40 1 11.428255 3.997552
50 1 10.937240 4.037408
60 1 10.467482 3.991824
70 1 10.019402 3.860800
80 1 9.571322 3.730014
90 1 9.093566 3.594933
100 1 8.571402 3.453407
110 1 8.049028 3.312121
120 1 7.519287 3.236227
130 1 6.985968 3.188495
140 1 6.452860 3.140763
150 1 5.909860 3.109737
160 1 5.362651 3.085871
170 1 4.815442 3.062005
180 1 4.303380 2.985157
190 1 3.806472 2.885874
200 1 3.309564 2.786353
210 1 2.816444 2.690412
220 1 2.358051 2.626451
230 1 1.899448 2.562490
240 1 1.440844 2.498768
250 1 0.982451 2.434807
260 1 0.523848 2.370846
270 1 0.065455 2.306886
0 2 13.343488 4.439072
10 2 12.825323 4.430003
20 2 12.307368 4.420695
30 2 11.814459 4.433583
40 2 11.359644 4.479883
50 2 10.904829 4.526183
60 2 10.438438 4.526422
70 2 9.944897 4.419264
80 2 9.451357 4.312344
90 2 8.946240 4.188002
100 2 8.424076 4.037885
110 2 7.901702 3.887529
120 2 7.383537 3.807101
130 2 6.866845 3.756267
140 2 6.350364 3.705671
150 2 5.842091 3.675361
160 2 5.346445 3.675361
170 2 4.850800 3.675361
180 2 4.346105 3.654836
190 2 3.819942 3.586818
200 2 3.293779 3.518561
210 2 2.793082 3.461283
220 2 2.317852 3.415222
230 2 1.842622 3.368922
240 2 1.371601 3.308302
250 2 0.907105 3.225965
260 2 0.442608 3.143627
270 2 -0.021678 3.061528
0 3 11.912325 4.439072
10 3 11.504654 4.513534
20 3 11.096773 4.588235
30 3 10.689102 4.662697
40 3 10.279958 4.709474
50 3 9.870814 4.749330
60 3 9.461669 4.789186
70 3 9.050842 4.829758
80 3 8.634331 4.874626
90 3 8.217821 4.919256
100 3 7.801310 4.964124
110 3 7.384589 5.008753
120 3 6.972078 5.037870
130 3 6.565038 5.043120
140 3 6.158209 5.048371
150 3 5.751380 5.053860
160 3 5.344341 5.059110
170 3 4.962767 5.073907
180 3 4.583930 5.089898
190 3 4.205093 5.105649
200 3 3.826256 5.121639
210 3 3.444051 5.163643
220 3 3.056585 5.245026
230 3 2.669119 5.326409
240 3 2.281652 5.407792
250 3 1.894186 5.489175
260 3 1.551338 5.666500
270 3 1.208701 5.843824
280 3 0.865853 6.021148
290 3 0.552471 6.199188
300 3 0.268343 6.378183
310 3 -0.015785 6.557178
0 4 11.828139 5.155052
10 4 11.382374 5.211137
20 4 10.936819 5.267460
30 4 10.491054 5.323545
40 4 10.070966 5.345980
50 4 9.667925 5.345980
60 4 9.264885 5.345980
70 4 8.861844 5.345980
80 4 8.458803 5.345980
90 4 8.031770 5.396337
100 4 7.601789 5.452183
110 4 7.172020 5.508030
120 4 6.742039 5.563876
130 4 6.320899 5.616381
140 4 5.935116 5.656237
150 4 5.549334 5.696093
160 4 5.163341 5.735711
170 4 4.777558 5.775567
180 4 4.402930 5.820913
190 4 4.045139 5.874611
200 4 3.687349 5.928309
210 4 3.329558 5.982008
220 4 2.996181 6.038093
230 4 2.699636 6.097758
240 4 2.403091 6.157423
250 4 2.106545 6.217088
260 4 1.810000 6.276753
270 4 1.573858 6.416369
280 4 1.337716 6.556223
290 4 1.101574 6.695839
300 4 0.865433 6.835455
310 4 0.580252 7.013257
320 4 0.289600 7.195116
0 5 8.713256 4.415206
10 5 8.360516 4.363656
20 5 8.007987 4.312105
30 5 7.655247 4.260316
40 5 7.300614 4.186332
50 5 6.941560 4.060081
60 5 6.582507 3.933591
70 5 6.223664 3.807340
80 5 5.839144 3.730253
90 5 5.451888 3.658655
100 5 5.064632 3.587057
110 5 4.677377 3.515459
120 5 4.290121 3.443861
130 5 3.918860 3.388492
140 5 3.549494 3.334793
150 5 3.180128 3.281334
160 5 2.810762 3.227635
170 5 2.441395 3.174175
180 5 2.100863 3.174175
190 5 1.760541 3.174175
200 5 1.420008 3.174175
210 5 1.079476 3.174175
220 5 0.739153 3.174175
230 5 0.398621 3.174175
240 5 0.058088 3.174175
0 6 8.123953 3.460567
10 6 8.610759 3.415699
20 6 9.097354 3.371070
30 6 9.584160 3.326202
40 6 9.990147 3.325247
50 6 10.375930 3.335271
60 6 10.729090 3.399470
70 6 11.033002 3.545530
80 6 11.379217 3.794691
90 6 11.753214 4.112824
100 6 12.127421 4.431197
110 6 12.449011 4.779162
120 6 12.764709 5.130470
130 6 13.080407 5.481777
140 6 13.332965 5.875088
150 6 13.438197 6.365534
160 6 13.541536 6.831875
170 6 13.642769 7.273873
180 6 13.744214 7.715871
190 6 13.755368 8.139492
200 6 13.744003 8.558818
210 6 13.732638 8.978143
220 6 13.720852 9.394604
230 6 13.706540 9.785052
240 6 13.692229 10.175499
250 6 13.677917 10.566185
260 6 13.663395 10.956633
0 7 6.313953 3.842423
10 7 6.785395 3.689681
20 7 7.256837 3.536938
30 7 7.746800 3.417370
40 7 8.255494 3.331213
50 7 8.764188 3.245057
60 7 9.272672 3.158901
70 7 9.778209 3.042912
80 7 10.283325 2.923583
90 7 10.833902 2.860099
100 7 11.389530 2.802821
110 7 11.919271 2.768454
120 7 12.410496 2.768454
130 7 12.901511 2.768454
140 7 13.418834 2.839336
150 7 13.975515 3.016421
160 7 14.532195 3.193507
170 7 15.089086 3.370592
0 8 4.335581 7.350722
10 8 4.554465 7.274351
20 8 4.773349 7.197980
30 8 4.955401 7.171250
40 8 5.100832 7.193922
50 8 5.246053 7.216595
60 8 5.391485 7.239268
70 8 5.542178 7.259315
80 8 5.705920 7.272441
90 8 5.869661 7.285806
100 8 6.033403 7.298933
110 8 6.135058 7.332822
120 8 6.210194 7.375542
130 8 6.285330 7.418024
140 8 6.279437 7.468381
150 8 6.264284 7.519454
160 8 6.227031 7.563606
170 8 5.989627 7.545230
180 8 5.752222 7.526853
190 8 5.514817 7.508715
200 8 5.286252 7.500600
210 8 5.093256 7.533774
220 8 4.900259 7.566948
230 8 4.707473 7.599883
240 8 4.509425 7.597735
250 8 4.308221 7.571721
260 8 4.106806 7.545707
270 8 3.905601 7.519932
280 8 3.704186 7.493918
290 8 3.525291 7.487951
300 8 3.346395 7.481985
310 8 3.167500 7.476018
320 8 2.988605 7.470052
330 8 2.952825 7.419217
340 8 2.917046 7.368383
350 8 2.881057 7.317787
360 8 2.845278 7.266952
370 8 2.793082 7.227335
380 8 2.703003 7.213731
390 8 2.612714 7.200127
400 8 2.522635 7.186285
410 8 2.405827 7.137599
420 8 2.282494 7.080082
430 8 2.159162 7.022326
440 8 2.083605 7.023042
450 8 2.013520 7.030440
460 8 1.943224 7.037600
470 8 1.850409 7.025667
480 8 1.742441 7.001324
490 8 1.634683 6.976742
500 8 1.526714 6.952399
510 8 1.484200 7.037123
520 8 1.469678 7.168863
530 8 1.455156 7.300603
540 8 1.452630 7.333538
550 8 1.453051 7.341891
560 8 1.453683 7.350006
570 8 1.454103 7.358359
580 8 1.454735 7.366712
590 8 1.455156 7.374826
600 8 1.455787 7.383180
610 8 1.456208 7.391533
620 8 1.456839 7.399886
630 8 1.457260 7.408000
640 8 1.457892 7.416353
650 8 1.458313 7.424706
660 8 1.458944 7.433059
670 8 1.459365 7.441174
680 8 1.459996 7.449527
690 8 1.460417 7.457880
700 8 1.461049 7.466233
710 8 1.461470 7.474348
720 8 1.462101 7.482701
730 8 1.462522 7.491054
740 8 1.463153 7.499407
750 8 1.463574 7.507521
760 8 1.464206 7.515874
770 8 1.464627 7.524228
780 8 1.465258 7.532581
790 8 1.465679 7.540695
800 8 1.466310 7.549048
810 8 1.466731 7.557401
820 8 1.467152 7.565516
830 8 1.467784 7.573869
840 8 1.468205 7.582222
850 8 1.468836 7.590575
860 8 1.469257 7.598689
870 8 1.469888 7.607042
880 8 1.470309 7.615396
890 8 1.470941 7.623749
900 8 1.471362 7.631863
910 8 1.471993 7.640216
920 8 1.472414 7.648569
930 8 1.473045 7.656922
940 8 1.459996 7.631147
950 8 1.433688 7.571482
960 8 1.407380 7.511817
970 8 1.376442 7.455732
980 8 1.334349 7.408000
990 8 1.292256 7.360268
1000 8 1.251215 7.308002
1010 8 1.212489 7.245234
1020 8 1.173553 7.182467
1030 8 1.134828 7.119699
1040 8 1.125988 7.079604
1050 8 1.147245 7.062659
1060 8 1.168292 7.045715
1070 8 1.189549 7.028770
1080 8 1.210806 7.011825
1090 8 1.231852 6.994880
1100 8 1.253109 6.977935
1110 8 1.274156 6.960990
1120 8 1.295413 6.944046
1130 8 1.316670 6.927101
1140 8 1.337716 6.910156
1150 8 1.358973 6.893211
1160 8 1.380020 6.876266
1170 8 1.401277 6.859321
1180 8 1.422534 6.842376
1190 8 1.443580 6.825432
1200 8 1.464837 6.808487
1210 8 1.599535 6.839035
1220 8 1.810000 6.900848
1230 8 2.020465 6.962661
1240 8 2.268814 6.981038
1250 8 2.521372 6.994880
1260 8 2.773930 7.008484
1270 8 3.019332 7.027576
1280 8 3.253791 7.054784
1290 8 3.488249 7.081991
1300 8 3.722917 7.109437
1310 8 3.880345 7.121131
1320 8 4.029565 7.130916
1330 8 4.178574 7.140940
1340 8 4.327584 7.150964
1350 8 4.470910 7.163851
1360 8 4.560358 7.204423
1370 8 4.650016 7.244996
1380 8 4.739464 7.285806
1390 8 4.829122 7.326379
1400 8 4.860481 7.342369
1410 8 4.804708 7.321128
1420 8 4.749145 7.300126
1430 8 4.693372 7.279124
1440 8 4.535523 7.246666
1450 8 4.377674 7.213970
1460 8 4.219825 7.181512
1470 8 4.061977 7.149054
1480 8 3.904970 7.121131
1490 8 3.748384 7.096788
1500 8 3.592008 7.072206
1510 8 3.435422 7.047863
1520 8 3.276310 7.047624
1530 8 3.116357 7.058125
1540 8 2.956193 7.068387
1550 8 2.796029 7.078888
1560 8 2.641758 7.089151
1570 8 2.541156 7.099652
1580 8 2.440553 7.109914
1590 8 2.346476 7.112062
1600 8 2.254081 7.112062
1610 8 2.161687 7.112062
1620 8 2.069293 7.112062
1630 8 1.976057 7.082468
1640 8 1.882400 7.039987
1650 8 1.788953 6.997505
1660 8 1.695507 6.955024
1670 8 1.625001 6.919941
1680 8 1.647100 6.913497
1690 8 1.669409 6.907292
1700 8 1.691508 6.901087
1710 8 1.713607 6.894643
1720 8 1.735706 6.888438
1730 8 1.758015 6.882233
1740 8 1.780114 6.876027
1750 8 1.848305 6.870538
1760 8 1.947434 6.866004
1770 8 2.046563 6.861231
1780 8 2.145481 6.856457
1790 8 2.244610 6.851923
1800 8 2.267972 6.858128
1810 8 2.215987 6.875312
1820 8 2.163792 6.892495
1830 8 2.111807 6.909917
1840 8 2.059822 6.927101
1850 8 2.007627 6.944284
1860 8 1.955642 6.961468
1870 8 1.903446 6.978651
1880 8 1.851462 6.995835
1890 8 1.799266 7.013257
1900 8 1.630263 6.967434
1910 8 1.431794 6.906099
1920 8 1.233326 6.844763
1930 8 1.012548 6.811589
1940 8 0.739574 6.843808
1950 8 0.466391 6.876027
1960 8 0.193417 6.908247
20 9 15.242304 3.668201
30 9 14.665840 3.533120
40 9 14.089166 3.398277
50 9 13.544693 3.309734
60 9 13.047995 3.290641
70 9 12.551297 3.271549
80 9 12.099218 3.314269
90 9 11.651980 3.364149
100 9 11.221789 3.331452
110 9 10.808646 3.216657
120 9 10.395503 3.101623
130 9 9.875023 3.017615
140 9 9.327814 2.941243
150 9 8.810701 2.901149
160 9 8.363463 2.946017
170 9 7.916224 2.990646
180 9 7.466039 3.028354
190 9 6.991020 3.000908
200 9 6.516000 2.973701
210 9 6.040980 2.946494
220 9 5.571011 2.958666
230 9 5.104621 2.997328
240 9 4.638230 3.036230
250 9 4.171839 3.074893
260 9 3.719760 3.098759
270 9 3.269575 3.120954
280 9 2.819180 3.143150
290 9 2.368995 3.165345
300 9 2.030988 3.187540
310 9 1.767907 3.209974
320 9 1.504826 3.232408
330 9 1.340873 3.248399
340 9 1.325720 3.254842
350 9 1.310566 3.261286
360 9 1.295413 3.267730
370 9 1.280259 3.274174
380 9 1.265106 3.280618
390 9 1.249952 3.287061
400 9 1.234799 3.293505
410 9 1.219645 3.299949
420 9 1.204492 3.306393
430 9 1.189128 3.312837
440 9 1.173974 3.319280
450 9 1.158821 3.325724
460 9 1.143667 3.332168
470 9 1.128514 3.338612
480 9 1.113360 3.345056
490 9 1.098207 3.351500
500 9 1.083053 3.357943
510 9 1.067900 3.364387
520 9 1.052746 3.370831
530 9 1.037593 3.377275
540 9 1.022440 3.383719
550 9 0.996131 3.394220
560 9 0.926046 3.420711
570 9 0.855962 3.447202
580 9 0.785666 3.473932
590 9 0.694535 3.487297
600 9 0.589302 3.492070
610 9 0.484070 3.496843
620 9 0.378837 3.501617
630 9 0.273605 3.506390
120 10 0.344742 6.982947
130 10 0.634973 6.884142
140 10 0.925415 6.785337
150 10 1.255424 6.689396
160 10 1.744335 6.605149
170 10 2.233456 6.521140
180 10 2.722366 6.436893
190 10 3.207067 6.373410
200 10 3.690506 6.315416
210 10 4.173944 6.257421
220 10 4.656541 6.197279
230 10 5.130087 6.117567
240 10 5.603634 6.038093
250 10 6.077180 5.958619
260 10 6.541887 5.912081
270 10 6.997965 5.898954
280 10 7.454043 5.885589
290 10 7.909910 5.872463
300 10 8.403240 5.836903
310 10 8.900780 5.798956
320 10 9.398319 5.761009
330 10 9.895649 5.723062
340 10 10.381823 5.720675
350 10 10.856632 5.753849
360 10 11.331442 5.787261
370 10 11.806040 5.820435
380 10 12.291583 5.844778
390 10 12.820482 5.833084
400 10 13.349171 5.821628
410 10 13.877859 5.809934
420 10 14.392236 5.821867
430 10 14.778229 6.047401
440 10 15.164011 6.272696
200 11 0.473546 7.302990
210 11 0.999709 7.064330
220 11 1.562493 6.882949
230 11 2.210726 6.835217
240 11 2.858958 6.787485
250 11 3.538971 6.631163
260 11 4.227192 6.447394
270 11 4.915202 6.254796
280 11 5.603213 6.025205
290 11 6.291223 5.795853
300 11 6.979023 5.556000
310 11 7.666613 5.309465
320 11 8.353992 5.062690
330 11 9.069152 4.929518
340 11 9.802623 4.871524
350 11 10.536094 4.813768
360 11 11.262619 4.746227
370 11 11.972939 4.656730
380 11 12.683259 4.567233
390 11 13.392105 4.480360
400 11 14.088114 4.416161
410 11 14.784332 4.351961
420 11 15.480551 4.287523
330 12 15.036680 3.798987
340 12 14.501046 3.842423
350 12 13.965412 3.885859
360 12 13.429568 3.929295
370 12 12.869521 3.970822
380 12 12.303580 4.011871
390 12 11.737429 4.053159
400 12 11.207267 4.157454
410 12 10.681104 4.268908
420 12 10.154942 4.380123
430 12 9.660349 4.468905
440 12 9.169333 4.555061
450 12 8.678108 4.641217
460 12 8.186040 4.728328
470 12 7.691447 4.817825
480 12 7.196854 4.907323
490 12 6.702261 4.996820
500 12 6.229767 5.095387
510 12 5.808837 5.214717
520 12 5.387907 5.334047
530 12 4.966977 5.453376
540 12 4.539522 5.563160
550 12 4.053979 5.587742
560 12 3.568225 5.612085
570 12 3.082472 5.636667
580 12 2.611030 5.671750
590 12 2.197045 5.748599
600 12 1.782850 5.825686
610 12 1.378546 5.890840
620 12 1.062849 5.851222
630 12 0.747151 5.811366
640 12 0.347899 5.921866
650 12 -0.086922 6.097042
330 13 14.894826 3.244819
340 13 14.323624 3.253410
350 13 13.752422 3.262002
360 13 13.183324 3.271310
370 13 12.634641 3.288493
380 13 12.085959 3.305438
390 13 11.539802 3.360330
400 13 10.999538 3.503526
410 13 10.459485 3.646722
420 13 9.920904 3.777985
430 13 9.386112 3.881086
440 13 8.851531 3.984425
450 13 8.316739 4.087526
460 13 7.827618 4.183945
470 13 7.369015 4.275590
480 13 6.910201 4.367474
490 13 6.451597 4.459358
500 13 5.996782 4.548617
510 13 5.543861 4.636683
520 13 5.090941 4.724987
530 13 4.638020 4.813052
540 13 4.178785 4.896344
550 13 3.663777 4.934053
560 13 3.148769 4.971761
570 13 2.633550 5.009231
580 13 2.132012 5.081067
590 13 1.662043 5.232139
600 13 1.191864 5.383449
610 13 0.729262 5.539771
620 13 0.283497 5.708265
460 14 14.690465 3.247921
470 14 14.059069 3.313075
480 14 13.427674 3.378229
490 14 12.798804 3.445054
500 14 12.192033 3.529301
510 14 11.585473 3.613548
520 14 10.978912 3.697795
530 14 10.387716 3.843855
540 14 9.803044 4.016167
550 14 9.218372 4.188479
560 14 8.636646 4.349814
570 14 8.080808 4.410910
580 14 7.524970 4.472007
590 14 6.969131 4.533343
600 14 6.412451 4.602316
610 14 5.853245 4.702791
620 14 5.293829 4.803267
630 14 4.734413 4.903743
640 14 4.205303 4.979637
650 14 3.721865 5.018300
660 14 3.238216 5.056962
670 14 2.754778 5.095625
680 14 2.288387 5.099683
690 14 1.829152 5.088943
700 14 1.382124 5.123310
710 14 0.947093 5.202784
720 14 0.590144 5.482970
730 14 0.233406 5.763157
460 15 15.069302 4.009485
470 15 14.454744 4.047670
480 15 13.840186 4.085856
490 15 13.217209 4.162704
500 15 12.585814 4.278216
510 15 11.954418 4.393727
520 15 11.356276 4.500647
530 15 10.807804 4.594678
540 15 10.259122 4.688472
550 15 9.708966 4.779878
560 15 9.143446 4.846942
570 15 8.577716 4.914244
580 15 8.012196 4.981307
590 15 7.484981 5.085602
600 15 6.961975 5.194192
610 15 6.438970 5.302543
620 15 5.914070 5.362447
630 15 5.387907 5.390132
640 15 4.861744 5.417577
650 15 4.453231 5.431658
660 15 4.025145 5.463877
670 15 3.551599 5.538339
680 15 3.163922 5.546931
690 15 2.821916 5.536907
700 15 2.494012 5.508984
710 15 2.178314 5.416145
720 15 1.859038 5.306123
730 15 1.536395 5.178918
740 15 1.099259 5.105410
750 15 0.673488 5.272711
760 15 0.291494 5.562683
770 15 0.064823 5.929741
490 16 0.261398 7.244041
500 16 0.350003 7.130916
510 16 0.438609 7.017791
520 16 0.527215 6.904905
530 16 0.611822 6.825670
540 16 0.686958 6.825670
550 16 0.762094 6.825670
560 16 0.848806 6.814453
570 16 0.946672 6.792258
580 16 1.044538 6.770063
590 16 1.142405 6.747867
600 16 1.251846 6.734741
610 16 1.407170 6.757414
620 16 1.562493 6.780325
630 16 1.717816 6.802998
640 16 1.873139 6.825670
650 16 2.131801 6.921134
660 16 2.390252 7.016598
670 16 2.648914 7.112062
680 16 2.924834 7.181512
690 16 3.218222 7.224948
700 16 3.511610 7.268384
710 16 3.804578 7.301558
720 16 4.096703 7.293682
730 16 4.388618 7.286045
740 16 4.683480 7.275783
750 16 5.005071 7.242609
760 16 5.326451 7.209435
770 16 5.648042 7.176262
780 16 5.949217 7.143326
790 16 6.229767 7.110153
800 16 6.510317 7.076979
810 16 6.791078 7.043805
820 16 7.130979 6.895120
830 16 7.477615 6.733786
840 16 7.824251 6.572214
850 16 8.180989 6.399424
860 16 8.547830 6.215417
870 16 8.914671 6.031172
880 16 9.281511 5.847165
890 16 9.619308 5.734040
900 16 9.957315 5.621154
910 16 10.295111 5.508030
920 16 10.642800 5.391086
930 16 11.030687 5.259346
940 16 11.418364 5.127367
950 16 11.806040 4.995627
960 16 12.170566 4.885366
970 16 12.500575 4.808040
980 16 12.830374 4.730715
990 16 13.160383 4.653150
1000 16 13.487446 4.600406
1010 16 13.813457 4.558402
1020 16 14.139467 4.516398
1030 16 14.465477 4.474155
1040 16 14.791488 4.432151
520 17 0.218042 6.456225
530 17 0.504274 6.341668
540 17 0.790507 6.227111
550 17 1.022019 6.223770
560 17 1.216699 6.294414
570 17 1.411589 6.365057
580 17 1.559546 6.448349
590 17 1.702031 6.533073
600 17 1.844727 6.617798
610 17 1.963850 6.639754
620 17 2.077080 6.645721
630 17 2.190521 6.651926
640 17 2.303751 6.657892
650 17 2.504535 6.684622
660 17 2.715000 6.713500
670 17 2.925465 6.742617
680 17 3.126038 6.772926
690 17 3.319877 6.804430
700 17 3.513715 6.835694
710 17 3.707553 6.867197
720 17 3.996101 6.805623
730 17 4.308431 6.720899
740 17 4.620761 6.636174
750 17 4.926778 6.615888
760 17 5.230058 6.622809
770 17 5.533338 6.629731
780 17 5.838513 6.625673
790 17 6.147475 6.595841
800 17 6.456649 6.566008
810 17 6.763507 6.528062
820 17 7.049950 6.415414
830 17 7.336393 6.302528
840 17 7.622836 6.189881
850 17 7.932220 6.064584
860 17 8.264544 5.926400
870 17 8.596868 5.788216
880 17 8.929193 5.650032
890 17 9.259833 5.500154
900 17 9.589843 5.345264
910 17 9.919642 5.190612
920 17 10.249651 5.035722
930 17 10.570189 4.910903
940 17 10.890517 4.786322
950 17 11.211055 4.661503
960 17 11.531594 4.536684
970 17 11.905801 4.409717
980 17 12.315997 4.281079
990 17 12.726194 4.152681
1000 17 13.136180 4.024282
1010 17 13.484500 3.966765
1020 17 13.806090 3.939796
1030 17 14.127681 3.912589
1040 17 14.449482 3.885620
1050 17 14.771073 3.858652
1060 17 15.092663 3.831683
580 18 0.352108 6.937363
590 18 0.409355 6.774597
600 18 0.466812 6.612070
610 18 0.660860 6.418278
620 18 0.941831 6.229021
630 18 1.336453 6.109691
640 18 1.659096 6.037138
650 18 1.933543 5.995611
660 18 2.216829 5.966495
670 18 2.520951 5.966495
680 18 2.788663 5.918763
690 18 3.020174 5.823299
700 18 3.126880 5.765305
710 18 3.108570 5.744541
720 18 3.090259 5.723778
730 18 3.071949 5.703015
740 18 3.053638 5.682251
750 18 2.845909 5.287985
760 18 2.617134 4.851954
770 18 2.385832 4.427139
780 18 2.152848 4.009485
790 18 1.919652 3.591830
800 18 1.704767 3.161765
810 18 1.494302 2.728597
820 18 1.289730 2.300442
830 18 1.137774 1.915961
840 18 0.985608 1.531480
850 18 0.833652 1.146999
860 18 0.700638 0.879700
870 18 0.586356 0.729583
880 18 0.472073 0.579705
890 18 0.357791 0.429588
900 18 0.278866 0.322191
910 18 0.199942 0.214794
920 18 0.121017 0.107397
930 18 0.042093 0.000000
610 19 0.270869 8.299395
620 19 0.349793 8.096534
630 19 0.428717 7.893673
640 19 0.507642 7.690812
650 19 0.681065 7.488190
660 19 0.948987 7.285568
670 19 1.216909 7.083184
680 19 1.513455 6.908724
690 19 1.925335 6.846434
700 19 2.337005 6.784143
710 19 2.669750 6.794406
720 19 2.993445 6.812783
730 19 3.304302 6.811828
740 19 3.584852 6.765289
750 19 3.865613 6.718989
760 19 4.146163 6.672451
770 19 4.466070 6.663382
780 19 4.802814 6.670303
790 19 5.139558 6.676985
800 19 5.462622 6.689157
810 19 5.731175 6.722092
820 19 5.999729 6.754788
830 19 6.260074 6.764573
840 19 6.501899 6.720421
850 19 6.743513 6.676269
860 19 7.012066 6.618752
870 19 7.298509 6.552643
880 19 7.584952 6.486296
890 19 7.871395 6.419949
900 19 8.230028 6.402288
910 19 8.588450 6.384627
920 19 8.927088 6.349067
930 19 9.219003 6.272218
940 19 9.510918 6.195131
950 19 9.816514 6.107304
960 19 10.176409 5.976519
970 19 10.536094 5.845733
980 19 10.899146 5.706356
990 19 11.291032 5.492517
1000 19 11.682918 5.278439
1010 19 12.083433 5.082022
1020 19 12.517412 4.955055
1030 19 12.951602 4.828326
1040 19 13.385581 4.701598
1050 19 13.857654 4.682267
1060 19 14.329727 4.662935
1070 19 14.802011 4.643604
1080 19 15.274084 4.624272
630 20 0.163531 6.414459
640 20 0.438820 6.249307
650 20 0.713898 6.083916
660 20 0.989186 5.918763
670 20 1.115465 5.644304
680 20 1.241744 5.369845
690 20 1.283206 5.389416
700 20 1.324457 5.408986
710 20 1.365919 5.428556
720 20 1.407380 5.448126
730 20 1.448842 5.467696
740 20 1.490093 5.487266
750 20 1.494302 5.274382
760 20 1.459786 4.944554
770 20 1.402539 4.554106
780 20 1.287205 4.170819
790 20 1.085158 3.798509
800 20 0.883112 3.426200
810 20 0.640866 3.062960
820 20 0.393991 2.700913
830 20 0.147326 2.338866
860 21 13.996561 10.937301
870 21 13.945839 10.476449
880 21 13.895117 10.015597
890 21 13.794936 9.600329
900 21 13.645505 9.230645
910 21 13.496286 8.861200
920 21 13.322441 8.506551
930 21 13.111976 8.174098
940 21 12.901511 7.841645
950 21 12.683469 7.487474
960 21 12.460166 7.118506
970 21 12.236862 6.749776
980 21 11.951472 6.416607
990 21 11.520439 6.166492
1000 21 11.056785 5.939526
1010 21 10.462010 5.804684
1020 21 9.867236 5.669841
1030 21 9.277302 5.584639
1040 21 8.688000 5.505166
1050 21 8.098697 5.425453
1060 21 7.512973 5.330228
1070 21 6.927670 5.233332
1080 21 6.342156 5.136436
1090 21 5.741067 5.074862
1100 21 5.133034 5.028323
1110 21 4.525000 4.982023
1120 21 3.917387 4.940974
1130 21 3.313142 4.948611
1140 21 2.708896 4.956487
1150 21 2.104651 4.964124
1160 21 1.572385 5.041450
1170 21 1.039908 5.118537
1180 21 0.507642 5.195862
850 22 0.358633 8.737097
860 22 0.468495 8.508699
870 22 0.578358 8.280540
880 22 0.688221 8.052143
890 22 0.797873 7.823984
900 22 1.000972 7.531149
910 22 1.265948 7.195116
920 22 1.530923 6.859321
930 22 1.895659 6.756698
940 22 2.271550 6.679849
950 22 2.647441 6.611592
960 22 3.025225 6.618514
970 22 3.402800 6.625673
980 22 3.780374 6.632594
990 22 4.235821 6.624003
1000 22 4.724521 6.608490
1010 22 5.213431 6.593216
1020 22 5.680032 6.545006
1030 22 6.131901 6.474602
1040 22 6.583770 6.404436
1050 22 7.038374 6.323769
1060 22 7.504133 6.200859
1070 22 7.969682 6.077949
1080 22 8.435231 5.955039
1090 22 8.918880 5.868167
1100 22 9.404633 5.785591
1110 22 9.896069 5.696809
1120 22 10.401186 5.593470
1130 22 10.906302 5.489891
1140 22 11.404683 5.387984
1150 22 11.887490 5.289894
1160 22 12.392817 5.174860
1170 22 12.913087 5.048848
1180 22 13.433146 4.922597
1190 22 13.953416 4.796585
1200 22 14.473686 4.670572
1210 22 14.993955 4.544560
1080 23 14.863046 6.605149
1090 23 14.400023 6.471499
1100 23 13.937000 6.337850
1110 23 13.410416 6.309210
1120 23 12.876676 6.292027
1130 23 12.351776 6.263388
1140 23 11.904538 6.129022
1150 23 11.457300 5.994896
1160 23 11.010061 5.860530
1170 23 10.549564 5.781534
1180 23 10.087803 5.708504
1190 23 9.625832 5.635713
1200 23 9.155232 5.541203
1210 23 8.664217 5.396575
1220 23 8.172992 5.251948
1230 23 7.681977 5.107320
1240 23 7.229897 4.921642
1250 23 6.777818 4.735965
1260 23 6.328054 4.596110
1270 23 5.883763 4.562937
1280 23 5.439260 4.530002
1290 23 4.994968 4.496828
1300 23 4.521843 4.469621
1310 23 4.036089 4.445277
1320 23 3.550336 4.420695
1330 23 3.064793 4.396352
1340 23 2.616292 4.347666
1350 23 2.177472 4.293251
1360 23 1.738442 4.238598
1370 23 1.270578 4.179410
1380 23 0.735786 4.109960
1390 23 0.200784 4.040272
1090 24 15.313020 2.908547
1100 24 14.756340 2.916184
1110 24 14.199660 2.924060
1120 24 13.642980 2.931697
1130 24 13.098717 2.897807
1140 24 12.567082 2.822391
1150 24 12.035237 2.747213
1160 24 11.503602 2.671796
1170 24 10.980175 2.683491
1180 24 10.460116 2.732655
1190 24 9.940057 2.781819
1200 24 9.422944 2.826925
1210 24 8.912566 2.862486
1220 24 8.401978 2.898046
1230 24 7.891600 2.933368
1240 24 7.381011 2.968928
1250 24 6.890417 2.990169
1260 24 6.413082 3.001863
1270 24 5.935537 3.013557
1280 24 5.458202 3.025252
1290 24 4.975606 3.028354
1300 24 4.487748 3.022865
1310 24 3.999889 3.017376
1320 24 3.511821 3.011887
1330 24 3.019753 3.003056
1340 24 2.489802 2.963439
1350 24 1.959641 2.923583
1360 24 1.429689 2.883726
1370 24 0.899528 2.844109
1380 24 0.369577 2.804253
1100 25 15.048255 3.436701
1110 25 14.437907 3.460567
1120 25 13.827558 3.484433
1130 25 13.217209 3.508299
1140 25 12.654004 3.559850
1150 25 12.091010 3.611400
1160 25 11.527805 3.663189
1170 25 10.979965 3.709012
1180 25 10.468324 3.741470
1190 25 9.956473 3.774166
1200 25 9.444622 3.806624
1210 25 8.932771 3.839082
1220 25 8.436704 3.862470
1230 25 7.942322 3.884666
1240 25 7.447939 3.906861
1250 25 6.953767 3.929056
1260 25 6.472434 3.921896
1270 25 6.000150 3.895405
1280 25 5.527656 3.868914
1290 25 5.055372 3.842423
1300 25 4.583720 3.817602
1310 25 4.119013 3.807578
1320 25 3.654095 3.797555
1330 25 3.189388 3.787770
1340 25 2.724681 3.777746
1350 25 2.247978 3.749107
1360 25 1.743914 3.677032
1370 25 1.239850 3.604956
1380 25 0.735576 3.532642
1390 25 0.231512 3.460567
1160 26 0.411249 3.289925
1170 26 1.010233 3.436701
1180 26 1.609216 3.583477
1190 26 2.170737 3.787054
1200 26 2.716052 4.014974
1210 26 3.293779 4.206379
1220 26 3.904128 4.361508
1230 26 4.480381 4.540025
1240 26 5.022750 4.741932
1250 26 5.565118 4.943838
1260 26 6.106435 5.025459
1270 26 6.647751 5.093716
1280 26 7.180017 5.107320
1290 26 7.709968 5.107320
1300 26 8.238236 5.093716
1310 26 8.750508 4.958635
1320 26 9.262569 4.823315
1330 26 9.777578 4.679403
1340 26 10.317631 4.456494
1350 26 10.857895 4.233825
1360 26 11.404683 4.016167
1370 26 12.010823 3.844332
1380 26 12.616962 3.672497
1390 26 13.242044 3.564623
1400 26 13.879753 3.499707
1410 26 14.517673 3.434553
1420 26 15.155382 3.369399
1300 27 15.226730 6.947387
1310 27 14.675522 6.822329
1320 27 14.124314 6.697271
1330 27 13.560267 6.562190
1340 27 12.983803 6.416846
1350 27 12.391975 6.272934
1360 27 11.738481 6.134750
1370 27 11.091511 6.021864
1380 27 10.460116 5.967688
1390 27 9.832088 5.924252
1400 27 9.234578 5.977951
1410 27 8.637278 6.031888
1420 27 8.039767 6.085825
1430 27 7.375539 6.123056
1440 27 6.711101 6.160287
1450 27 6.046873 6.197756
1460 27 5.430000 6.252887
1470 27 4.824913 6.312552
1480 27 4.219825 6.372217
1490 27 3.630523 6.481046
1500 27 3.051744 6.622809
1510 27 2.472965 6.764573
1520 27 1.944066 6.965048
1530 27 1.489883 7.254065
1540 27 1.124936 7.563129
1550 27 0.849016 7.892241
1560 27 0.573307 8.221353
1570 27 0.372734 8.537100
1580 27 0.222462 8.844016
1590 27 0.072190 9.150933
1550 28 0.117019 4.893481
1560 28 0.630553 4.883934
1570 28 1.144088 4.874388
1580 28 1.650467 4.856250
1590 28 2.146113 4.825462
1600 28 2.641758 4.794675
1610 28 3.144770 4.777253
1620 28 3.665039 4.790379
1630 28 4.185309 4.803744
1640 28 4.705579 4.816871
1650 28 5.222481 4.809472
1660 28 5.737700 4.793005
1670 28 6.252918 4.776537
1680 28 6.748985 4.785845
1690 28 7.240000 4.801835
1700 28 7.731015 4.817825
1710 28 8.248128 4.801358
1720 28 8.771554 4.776776
1730 28 9.294981 4.752433
1740 28 9.818408 4.727851
1750 28 10.383296 4.611862
1760 28 10.952815 4.485372
1770 28 11.522333 4.359121
1780 28 12.087643 4.256020
1790 28 12.648953 4.176546
1800 28 13.210264 4.097073
1810 28 13.767996 4.013542
1820 28 14.311627 3.914021
1830 28 14.855259 3.814500
1550 29 0.119123 5.755758
1560 29 0.612243 5.714948
1570 29 1.105152 5.673898
1580 29 1.598272 5.633087
1590 29 2.097495 5.606119
1600 29 2.605558 5.600391
1610 29 3.113831 5.594424
1620 29 3.622105 5.588697
1630 29 4.133956 5.578911
1640 29 4.654646 5.560057
1650 29 5.175127 5.541203
1660 29 5.695817 5.522349
1670 29 6.216297 5.519724
1680 29 6.736567 5.532850
1690 29 7.257047 5.546215
1700 29 7.777317 5.559341
1710 29 8.284959 5.525929
1720 29 8.791128 5.487266
1730 29 9.297507 5.448603
1740 29 9.816935 5.400394
1750 29 10.388979 5.314715
1760 29 10.960812 5.229036
1770 29 11.532857 5.143357
1780 29 12.104901 5.060542
1790 29 12.676734 4.983933
1800 29 13.248568 4.907323
1810 29 13.820402 4.830952
1820 29 14.392236 4.754342
1830 29 14.964069 4.677732
1560 30 15.009740 4.559357
1570 30 14.343197 4.549333
1580 30 13.676654 4.539548
1590 30 13.036209 4.567949
1600 30 12.421651 4.634773
1610 30 11.807093 4.701598
1620 30 11.193166 4.711622
1630 30 10.579450 4.721407
1640 30 9.965102 4.679641
1650 30 9.350544 4.603270
1660 30 8.737669 4.526899
1670 30 8.139528 4.451721
1680 30 7.552961 4.391340
1690 30 7.013750 4.391340
1700 30 6.442127 4.404467
1710 30 5.849036 4.425946
1720 30 5.291093 4.389431
1730 30 4.785977 4.265328
1740 30 4.280860 4.141225
1750 30 3.746910 4.091822
1760 30 3.210014 4.050534
1770 30 2.672907 4.009485
1780 30 2.098969 4.041942
1790 30 1.524820 4.074639
1800 30 0.950881 4.107096
1810 30 0.376943 4.139554
1570 31 14.612382 3.777746
1580 31 13.943314 3.854356
1590 31 13.274245 3.930966
1600 31 12.623276 3.961753
1610 31 11.984094 3.961753
1620 31 11.344911 3.961753
1630 31 10.719619 3.937887
1640 31 10.096011 3.911395
1650 31 9.481874 3.888007
1660 31 8.905410 3.877744
1670 31 8.328946 3.867243
1680 31 7.763216 3.788247
1690 31 7.198959 3.701375
1700 31 6.650697 3.579897
1710 31 6.109592 3.443622
1720 31 5.568275 3.307109
1730 31 4.998967 3.250546
1740 31 4.426502 3.202815
1750 31 3.836779 3.188256
1760 31 3.220958 3.223578
1770 31 2.605137 3.259138
1780 31 2.011205 3.265105
1790 31 1.426533 3.258422
1800 31 0.841860 3.251740
1810 31 0.257188 3.245057
1660 32 0.039147 4.025952
1670 32 0.540053 4.050534
1680 32 1.040750 4.075355
1690 32 1.541446 4.099937
1700 32 2.028884 4.130485
1710 32 2.512953 4.162227
1720 32 2.997023 4.193969
1730 32 3.374387 4.373202
1740 32 3.725232 4.589189
1750 32 4.092284 4.746705
1760 32 4.466491 4.879161
1770 32 4.791659 4.892526
1780 32 5.111145 4.892526
1790 32 5.373595 4.895390
1800 32 5.407270 4.909709
1810 32 5.440944 4.924029
1820 32 5.474618 4.938349
1830 32 5.508293 4.952668
1840 32 5.541967 4.966988
1850 32 5.575642 4.981307
1860 32 5.609316 4.995627
1870 32 5.642991 5.009947
1880 32 5.676665 5.024266
1890 32 5.731596 5.043598
1900 32 5.871977 5.083454
1910 32 6.012357 5.123310
1920 32 6.079074 5.143596
1930 32 6.127271 5.159348
1940 32 6.175678 5.175099
1950 32 6.223874 5.190612
1960 32 6.272281 5.206364
1970 32 6.320478 5.221876
1980 32 6.487587 5.149085
1990 32 6.705629 5.038347
2000 32 6.923460 4.927370
2010 32 7.291564 4.842407
2020 32 7.676083 4.760070
2030 32 8.060814 4.677732
2040 32 8.512893 4.589428
2050 32 8.964972 4.500885
2060 32 9.414104 4.424753
2070 32 9.856081 4.377021
2080 32 10.298058 4.329289
2090 32 10.745928 4.293012
2100 32 11.207267 4.283943
2110 32 11.668607 4.274874
2120 32 12.177932 4.213539
2130 32 12.707462 4.130008
2140 32 13.237203 4.046477
2150 32 13.766944 3.962946
2160 32 14.296474 3.879415
2170 32 14.826215 3.795884
1660 33 -0.016416 4.842169
1670 33 0.459024 4.850999
1680 33 0.934676 4.859830
1690 33 1.410116 4.868660
1700 33 1.898606 4.902788
1710 33 2.387306 4.936917
1720 33 2.865903 4.997298
1730 33 3.305144 5.163405
1740 33 3.744385 5.329273
1750 33 4.198779 5.417577
1760 33 4.654857 5.497051
1770 33 4.970554 5.571752
1780 33 5.145872 5.641202
1790 33 5.304773 5.704447
1800 33 5.315928 5.710174
1810 33 5.326872 5.715664
1820 33 5.337816 5.721153
1830 33 5.348971 5.726642
1840 33 5.359915 5.732370
1850 33 5.370859 5.737859
1860 33 5.382014 5.743348
1870 33 5.392958 5.748837
1880 33 5.403902 5.754565
1890 33 5.414846 5.760054
1900 33 5.426001 5.765543
1910 33 5.436945 5.771033
1920 33 5.447889 5.776760
1930 33 5.459044 5.782250
1940 33 5.469988 5.787739
1950 33 5.480932 5.793228
1960 33 5.492087 5.798956
1970 33 5.721915 5.790364
1980 33 5.976367 5.780579
1990 33 6.309744 5.718289
2000 33 6.722256 5.603732
2010 33 7.134767 5.489175
2020 33 7.580532 5.454092
2030 33 8.026087 5.419009
2040 33 8.471852 5.383926
2050 33 8.914671 5.342638
2060 33 9.355595 5.297054
2070 33 9.796730 5.251709
2080 33 10.237654 5.206125
2090 33 10.670581 5.143835
2100 33 11.091511 5.056485
2110 33 11.512441 4.968897
2120 33 11.961785 4.898731
2130 33 12.454062 4.854818
2140 33 12.946130 4.810666
2150 33 13.438408 4.766514
2160 33 13.930475 4.722600
2170 33 14.422753 4.678448
2180 33 14.914820 4.634296
1820 34 0.208150 7.030679
1830 34 0.395253 6.933545
1840 34 0.582357 6.836171
1850 34 0.774091 6.714216
1860 34 0.972770 6.555269
1870 34 1.171659 6.396083
1880 34 1.370338 6.236897
1890 34 1.535343 6.166015
1900 34 1.691719 6.117089
1910 34 1.848305 6.068164
1920 34 2.004891 6.019239
1930 34 2.214514 5.998237
1940 34 2.430241 5.980337
1950 34 2.645967 5.962438
1960 34 2.861694 5.944538
1970 34 3.040379 6.005397
1980 34 3.215065 6.075324
1990 34 3.389541 6.145251
2000 34 3.564016 6.214940
2010 34 3.630523 6.261717
2020 34 3.669880 6.302767
2030 34 3.709448 6.343816
2040 34 3.748805 6.384866
2050 34 3.788372 6.425915
2060 34 3.827729 6.466965
2070 34 3.976528 6.494172
2080 34 4.289279 6.501093
2090 34 4.602030 6.508014
2100 34 4.914571 6.514697
2110 34 5.286884 6.467203
2120 34 5.665721 6.413505
2130 34 6.044558 6.359806
2140 34 6.423395 6.306108
2150 34 6.761613 6.211599
2160 34 7.095200 6.112555
2170 34 7.428997 6.013750
2180 34 7.762585 5.914706
2190 34 8.096593 5.824254
2200 34 8.430601 5.736188
2210 34 8.764399 5.647884
2220 34 9.098407 5.559819
2230 34 9.421050 5.482254
2240 34 9.698443 5.448365
2250 34 9.975625 5.414236
2260 34 10.253018 5.380108
2270 34 10.530201 5.345980
2280 34 10.807594 5.311851
2290 34 11.084776 5.277723
2300 34 11.339018 5.215433
2310 34 11.590945 5.149801
2320 34 11.842661 5.084408
2330 34 12.094378 5.018777
2340 34 12.346094 4.953384
2350 34 12.660318 4.886082
2360 34 12.990327 4.818303
2370 34 13.320126 4.750523
2380 34 13.650136 4.682983
2390 34 13.979934 4.615203
2400 34 14.309944 4.547424
2410 34 14.639743 4.479644
2420 34 14.969752 4.411865
1850 35 0.168372 5.767453
1860 35 0.378837 5.668409
1870 35 0.589302 5.569604
1880 35 0.799767 5.470560
1890 35 1.010233 5.371516
1900 35 1.231221 5.326171
1910 35 1.462733 5.334047
1920 35 1.694244 5.341922
1930 35 1.885557 5.349798
1940 35 2.036881 5.357197
1950 35 2.188206 5.364595
1960 35 2.357209 5.382972
1970 35 2.567674 5.426169
1980 35 2.778139 5.469605
1990 35 2.988605 5.513041
2000 35 3.156977 5.566740
2010 35 3.325349 5.620438
2020 35 3.493721 5.674137
2030 35 3.662093 5.727835
2040 35 3.773218 5.741200
2050 35 3.884344 5.754326
2060 35 3.995259 5.767691
2070 35 4.185309 5.760054
2080 35 4.493641 5.721153
2090 35 4.801972 5.682251
2100 35 5.110303 5.643588
2110 35 5.420108 5.600391
2120 35 5.741278 5.518769
2130 35 6.062447 5.437148
2140 35 6.383828 5.355287
2150 35 6.697842 5.267222
2160 35 6.995229 5.163405
2170 35 7.292616 5.059588
2180 35 7.590003 4.955771
2190 35 7.887390 4.851954
2200 35 8.190250 4.750046
2210 35 8.495424 4.648616
2220 35 8.800599 4.547185
2230 35 9.105773 4.445755
2240 35 9.447147 4.349814
2250 35 9.804096 4.256498
2260 35 10.160835 4.162943
2270 35 10.517783 4.069627
2280 35 10.870312 3.985857
2290 35 11.182853 3.989437
2300 35 11.495394 3.993017
2310 35 11.807935 3.996597
2320 35 12.120686 3.999938
2330 35 12.433226 4.003518
2340 35 12.745767 4.007098
2350 35 13.049679 3.985619
2360 35 13.333386 3.906145
2370 35 13.617093 3.826433
2380 35 13.900800 3.746959
2390 35 14.184507 3.667485
2400 35 14.468003 3.587773
2410 35 14.751710 3.508299
2420 35 15.035417 3.428825
2030 36 0.410407 5.266744
2040 36 1.147035 5.060781
2050 36 1.864721 4.880593
2060 36 2.538209 4.761263
2070 36 3.213171 4.651241
2080 36 3.891289 4.562937
2090 36 4.569408 4.474394
2100 36 5.275098 4.393250
2110 36 5.999097 4.316878
2120 36 6.724781 4.239791
2130 36 7.464777 4.155067
2140 36 8.204772 4.070343
2150 36 8.944767 3.985619
2160 36 9.726435 3.900417
2170 36 10.508312 3.815216
2180 36 11.293768 3.719036
2190 36 12.094378 3.578942
2200 36 12.895197 3.438849
2210 36 13.695807 3.298756
2220 36 14.496416 3.158662
2080 37 14.714037 4.725464
2090 37 14.045389 4.964124
2100 37 13.444932 5.150756
2110 37 12.861312 5.324261
2120 37 12.272010 5.497767
2130 37 11.678919 5.671511
2140 37 11.086460 5.811843
2150 37 10.495264 5.902773
2160 37 9.909539 6.018046
2170 37 9.337074 6.189881
2180 37 8.764609 6.361716
2190 37 8.178674 6.466010
2200 37 7.589372 6.553598
2210 37 7.000070 6.641186
2220 37 6.429288 6.698226
2230 37 5.863347 6.747390
2240 37 5.297196 6.796792
2250 37 4.695266 6.866958
2260 37 4.089337 6.939272
2270 37 3.483618 7.011586
2280 37 2.939777 7.114449
2290 37 2.437396 7.237597
2300 37 1.935016 7.360746
2310 37 1.497459 7.486519
2320 37 1.125146 7.615157
2330 37 0.752834 7.743556
2340 37 0.680013 7.927563
2350 37 0.640656 8.117774
2360 37 0.601088 8.307986
2370 37 0.561731 8.498198
2380 37 0.522164 8.688410
2390 37 0.482807 8.878622
2400 37 0.443240 9.068595
2520 38 14.971225 4.481076
2530 38 14.477895 4.538593
2540 38 13.984354 4.596349
2550 38 13.490814 4.653866
2560 38 12.927819 4.677732
2570 38 12.364825 4.701598
2580 38 11.801831 4.725464
2590 38 11.238837 4.749330
2600 38 10.722776 4.766275
2610 38 10.206505 4.783458
2620 38 9.690445 4.800403
2630 38 9.174174 4.817587
2640 38 8.644223 4.829758
2650 38 8.110694 4.840975
2660 38 7.577165 4.851954
2670 38 7.043636 4.863171
2680 38 6.513895 4.815200
2690 38 5.987732 4.708519
2700 38 5.461570 4.601838
2710 38 4.935407 4.494919
2720 38 4.418084 4.356019
2730 38 3.904549 4.203276
2740 38 3.387857 4.064138
2750 38 2.858327 3.979414
2760 38 2.328796 3.894689
2770 38 1.796109 3.811874
2780 38 1.237324 3.746243
2790 38 0.678540 3.680373
2800 38 0.119755 3.614503
2530 39 14.720561 5.039063
2540 39 14.216918 5.107320
2550 39 13.713275 5.175576
2560 39 13.140389 5.253380
2570 39 12.521411 5.337626
2580 39 11.902433 5.421873
2590 39 11.303029 5.497051
2600 39 10.781917 5.536907
2610 39 10.260595 5.576764
2620 39 9.739483 5.616381
2630 39 9.218372 5.656237
2640 39 8.719149 5.650748
2650 39 8.219925 5.645020
2660 39 7.720702 5.639531
2670 39 7.221479 5.634042
2680 39 6.733621 5.651941
2690 39 6.250814 5.680103
2700 39 5.768007 5.708265
2710 39 5.267100 5.678910
2720 39 4.724310 5.515667
2730 39 4.181521 5.352185
2740 39 3.638731 5.188941
2750 39 3.102466 5.036676
2760 39 2.572305 4.895151
2770 39 2.042353 4.753865
2780 39 1.502510 4.656014
2790 39 0.960563 4.569142
2800 39 0.418405 4.482508
2810 39 -0.123753 4.395636
2870 40 15.035838 3.835740
2880 40 14.527986 3.901610
2890 40 14.019923 3.967481
2900 40 13.511860 4.033351
2910 40 13.052625 4.098505
2920 40 12.593390 4.163420
2930 40 12.134366 4.228574
2940 40 11.634090 4.279648
2950 40 11.116557 4.324993
2960 40 10.598812 4.370100
2970 40 10.081279 4.415206
2980 40 9.629410 4.499453
2990 40 9.177542 4.583700
3000 40 8.725673 4.667947
3010 40 8.267070 4.748137
3020 40 7.804046 4.825701
3030 40 7.341023 4.903266
3040 40 6.878000 4.980830
3050 40 6.440232 5.027369
3060 40 6.019302 5.053144
3070 40 5.598372 5.078919
3080 40 5.177442 5.104694
3090 40 4.773349 5.174144
3100 40 4.371150 5.248368
3110 40 3.968951 5.322591
3120 40 3.566752 5.396814
3130 40 3.180128 5.496335
3140 40 2.817075 5.633565
3150 40 2.454023 5.770794
3160 40 2.090971 5.908023
3170 40 1.714449 6.072221
3180 40 1.317512 6.276753
3190 40 0.920574 6.481284
3200 40 0.523848 6.685816
3210 40 0.286443 6.921134
3220 40 0.066717 7.159794
2880 41 15.023631 4.255304
2890 41 14.567763 4.326902
2900 41 14.111686 4.398500
2910 41 13.653293 4.472723
2920 41 13.173222 4.569619
2930 41 12.692940 4.666515
2940 41 12.212869 4.763411
2950 41 11.776575 4.832145
2960 41 11.345122 4.897776
2970 41 10.913668 4.963408
2980 41 10.482215 5.029039
2990 41 10.044868 5.006605
3000 41 9.606890 4.974386
3010 41 9.168913 4.942167
3020 41 8.737880 4.929995
3030 41 8.335050 4.998252
3040 41 7.932220 5.066509
3050 41 7.529179 5.134527
3060 41 7.109511 5.183691
3070 41 6.682478 5.224502
3080 41 6.255654 5.265551
3090 41 5.829884 5.313044
3100 41 5.408953 5.386313
3110 41 4.988023 5.459820
3120 41 4.567093 5.533327
3130 41 4.159422 5.609221
3140 41 3.782900 5.690843
3150 41 3.406167 5.772465
3160 41 3.029645 5.854086
3170 41 2.666803 5.945254
3180 41 2.317852 6.045730
3190 41 1.968901 6.146206
3200 41 1.619950 6.246682
3210 41 1.279628 6.393696
3220 41 0.942884 6.560758
3230 41 0.606140 6.727820
3240 41 0.269395 6.894882
2930 42 -0.092605 5.761248
2940 42 0.454605 5.737382
2950 42 1.001814 5.713516
2960 42 1.549023 5.689650
2970 42 2.068662 5.697048
2980 42 2.570200 5.724971
2990 42 3.071528 5.753133
3000 42 3.568225 5.776760
3010 42 4.045981 5.783204
3020 42 4.523948 5.789648
3030 42 5.001703 5.796092
3040 42 5.493139 5.802297
3050 42 5.998256 5.808264
3060 42 6.503372 5.814230
3070 42 7.008488 5.820197
3080 42 7.509606 5.819958
3090 42 8.006514 5.813275
3100 42 8.503422 5.806832
3110 42 9.000330 5.800149
3120 42 9.480822 5.745735
3130 42 9.959630 5.686070
3140 42 10.438438 5.626405
3150 42 10.917246 5.566740
3160 42 11.470348 5.482016
3170 42 12.031659 5.394427
3180 42 12.592759 5.307078
3190 42 13.098927 5.244549
3200 42 13.598782 5.184884
3210 42 14.104109 5.086795
3220 42 14.615329 4.950520
3230 42 15.126338 4.814007
3030 43 14.736136 4.602077
3040 43 14.061174 4.651479
3050 43 13.386212 4.700882
3060 43 12.733139 4.685608
3070 43 12.101744 4.606134
3080 43 11.470348 4.526660
3090 43 10.812645 4.503749
3100 43 10.128633 4.537877
3110 43 9.444622 4.572006
3120 43 8.783551 4.676300
3130 43 8.132582 4.810427
3140 43 7.481403 4.944792
3150 43 6.823068 5.042643
3160 43 6.157788 5.104217
3170 43 5.492508 5.165791
3180 43 4.827017 5.218297
3190 43 4.161737 5.256721
3200 43 3.496457 5.295145
3210 43 2.828441 5.320443
3220 43 2.153900 5.314954
3230 43 1.479570 5.309703
3240 43 0.805029 5.304214
3250 43 0.130488 5.298725
3040 44 0.300755 4.866035
3050 44 0.781667 4.840498
3060 44 1.262791 4.814961
3070 44 1.756331 4.781788
3080 44 2.279337 4.731192
3090 44 2.802343 4.680596
3100 44 3.325349 4.630000
3110 44 3.863929 4.573915
3120 44 4.402509 4.517591
3130 44 4.940879 4.461506
3140 44 5.456729 4.423559
3150 44 5.957215 4.397784
3160 44 6.457911 4.372009
3170 44 6.958397 4.346234
3180 44 7.494873 4.314492
3190 44 8.035137 4.282273
3200 44 8.575611 4.250054
3210 44 9.108299 4.204231
3220 44 9.610889 4.104233
3230 44 10.113269 4.003995
3240 44 10.619438 3.902804
3250 44 11.159492 3.791588
3260 44 11.699755 3.680134
3270 44 12.238546 3.581568
3280 44 12.764709 3.599228
3290 44 13.290872 3.617128
3300 44 13.817034 3.634789
3310 44 14.343197 3.652450
3320 44 14.869360 3.670110
3040 45 0.112809 4.162943
3050 45 0.669069 4.060558
3060 45 1.225117 3.958411
3070 45 1.774431 3.864141
3080 45 2.261658 3.843855
3090 45 2.748674 3.823330
3100 45 3.235691 3.802805
3110 45 3.751120 3.761756
3120 45 4.285491 3.706625
3130 45 4.819651 3.651495
3140 45 5.353811 3.596365
3150 45 5.882500 3.575840
3160 45 6.408663 3.570351
3170 45 6.934825 3.564623
3180 45 7.460988 3.558895
3190 45 7.965683 3.493741
3200 45 8.448701 3.368922
3210 45 8.931929 3.244103
3220 45 9.414946 3.119284
3230 45 9.903646 3.001386
3240 45 10.442226 2.945301
3250 45 10.980807 2.889216
3260 45 11.519176 2.833130
3270 45 12.073752 2.806162
3280 45 12.634852 2.791604
3290 45 13.196162 2.777045
3300 45 13.744845 2.791604
3310 45 14.274586 2.849121
3320 45 14.804326 2.906638
3330 45 15.334277 2.964393
3130 46 0.535213 4.002564
3140 46 1.083895 4.045284
3150 46 1.632578 4.088004
3160 46 2.157688 4.146475
3170 46 2.666803 4.215925
3180 46 3.175919 4.285137
3190 46 3.670722 4.316640
3200 46 4.151003 4.310673
3210 46 4.631285 4.304468
3220 46 5.111566 4.298263
3230 46 5.632046 4.255066
3240 46 6.179256 4.186809
3250 46 6.726465 4.118552
3260 46 7.267992 4.055307
3270 46 7.759217 4.036931
3280 46 8.250232 4.018554
3290 46 8.741247 4.000416
3300 46 9.241102 3.984425
3310 46 9.775894 3.977982
3320 46 10.310475 3.971538
3330 46 10.845267 3.965094
3340 46 11.381322 3.965094
3350 46 11.918850 3.971538
3360 46 12.456378 3.977982
3370 46 12.993905 3.984425
3380 46 13.531433 3.990869
3390 46 14.068961 3.997313
3400 46 14.606489 4.003757
3410 46 15.144017 4.010201
3130 47 0.447028 3.271787
3140 47 0.880796 3.336941
3150 47 1.314355 3.402095
3160 47 1.753595 3.460567
3170 47 2.241243 3.460567
3180 47 2.728891 3.460567
3190 47 3.216538 3.460567
3200 47 3.704186 3.460567
3210 47 4.219194 3.441713
3220 47 4.734413 3.422859
3230 47 5.249421 3.404005
3240 47 5.769480 3.382764
3250 47 6.309113 3.352216
3260 47 6.848745 3.321667
3270 47 7.388378 3.291119
3280 47 7.921065 3.271310
3290 47 8.437125 3.277038
3300 47 8.953186 3.282766
3310 47 9.469457 3.288493
3320 47 9.983623 3.294937
3330 47 10.480321 3.309257
3340 47 10.977018 3.323576
3350 47 11.473716 3.337896
3360 47 11.970414 3.352216
3370 47 12.465217 3.362478
3380 47 12.942552 3.336941
3390 47 13.419887 3.311405
3400 47 13.897011 3.285868
3410 47 14.374346 3.260332
3420 47 14.851681 3.234795
3430 47 15.329016 3.209020
3190 48 0.294651 3.436701
3200 48 0.798294 3.393981
3210 48 1.301937 3.351500
3220 48 1.797162 3.315939
3230 48 2.258922 3.309495
3240 48 2.720893 3.302813
3250 48 3.182653 3.296130
3260 48 3.661041 3.286345
3270 48 4.150372 3.274412
3280 48 4.639703 3.262479
3290 48 5.129035 3.250546
3300 48 5.610789 3.245773
3310 48 6.087493 3.245773
3320 48 6.563986 3.245773
3330 48 7.050160 3.248160
3340 48 7.573587 3.259854
3350 48 8.097224 3.271310
3360 48 8.620861 3.283004
3370 48 9.145972 3.293505
3380 48 9.685815 3.293505
3390 48 10.225447 3.293505
3400 48 10.765080 3.293505
3410 48 11.299872 3.285152
3420 48 11.815511 3.243387
3430 48 12.331151 3.201621
3440 48 12.846790 3.159856
3450 48 13.365166 3.120716
3460 48 13.894486 3.091838
3470 48 14.423805 3.062721
3480 48 14.953125 3.033843
3210 49 14.772967 3.586341
3220 49 14.206395 3.687294
3230 49 13.639823 3.788247
3240 49 13.066726 3.911873
3250 49 12.491104 4.045284
3260 49 11.915482 4.178694
3270 49 11.363432 4.312344
3280 49 10.866945 4.446948
3290 49 10.370458 4.581552
3300 49 9.873971 4.716395
3310 49 9.381903 4.777492
3320 49 8.896150 4.728567
3330 49 8.410607 4.679641
3340 49 7.924853 4.630716
3350 49 7.423315 4.643604
3360 49 6.906202 4.718543
3370 49 6.389089 4.793721
3380 49 5.871977 4.868660
3390 49 5.412110 4.983455
3400 49 4.952244 5.098489
3410 49 4.475330 5.220206
3420 49 3.958638 5.357435
3430 49 3.442157 5.494903
3440 49 2.925465 5.632371
3450 49 2.457180 5.787500
3460 49 1.988895 5.942629
3470 49 1.520610 6.097758
3480 49 1.052326 6.252887
3490 49 0.688852 6.513265
3500 49 0.325169 6.773642
3210 50 14.912505 4.469382
3220 50 14.338357 4.621408
3230 50 13.764418 4.773196
3240 50 13.242254 4.843839
3250 50 12.719880 4.914721
3260 50 12.205924 4.998968
3270 50 11.710910 5.114957
3280 50 11.216107 5.231184
3290 50 10.721303 5.347173
3300 50 10.206085 5.425453
3310 50 9.677607 5.478674
3320 50 9.149129 5.531657
3330 50 8.620651 5.584639
3340 50 8.096593 5.636428
3350 50 7.612523 5.678194
3360 50 7.128453 5.719959
3370 50 6.644384 5.761725
3380 50 6.159051 5.806593
3390 50 5.661511 5.878907
3400 50 5.163972 5.951221
3410 50 4.666643 6.023535
3420 50 4.221088 6.064584
3430 50 3.788372 6.097758
3440 50 3.355656 6.130932
3450 50 2.922939 6.193699
3460 50 2.489171 6.374365
3470 50 2.055613 6.555269
3480 50 1.621844 6.735934
3490 50 1.282574 6.915168
3500 50 0.953617 7.094163
3510 50 0.624871 7.273157
3340 51 0.429559 3.242193
3350 51 1.029806 3.233363
3360 51 1.629842 3.224533
3370 51 2.173684 3.195893
3380 51 2.693322 3.158424
3390 51 3.212960 3.121193
3400 51 3.748594 3.076802
3410 51 4.300223 3.025252
3420 51 4.852063 2.973462
3430 51 5.403902 2.921912
3440 51 5.992152 2.893273
3450 51 6.589663 2.870123
3460 51 7.186963 2.846973
3470 51 7.781737 2.831460
3480 51 8.375459 2.819288
3490 51 8.968971 2.807117
3500 51 9.562693 2.794706
3510 51 10.182512 2.772272
3520 51 10.809067 2.747452
3530 51 11.435622 2.722392
3540 51 12.062176 2.697333
3550 51 12.688521 2.672512
3560 51 13.315075 2.647453
3570 51 13.941630 2.622394
3580 51 14.568184 2.597573
3590 51 15.194529 2.572514
3370 52 0.008208 4.073923
3380 52 0.566362 4.032396
3390 52 1.124515 3.990869
3400 52 1.681827 3.946478
3410 52 2.236613 3.895883
3420 52 2.791609 3.845287
3430 52 3.346395 3.794691
3440 52 3.940959 3.758892
3450 52 4.535523 3.723093
3460 52 5.130087 3.687294
3470 52 5.724651 3.651495
3480 52 6.344260 3.664860
3490 52 6.964080 3.677986
3500 52 7.583689 3.691351
3510 52 8.222240 3.683237
3520 52 8.888573 3.643619
3530 52 9.555116 3.603763
3540 52 10.221659 3.563907
3550 52 10.845057 3.516652
3560 52 11.457931 3.467488
3570 52 12.070805 3.418563
3580 52 12.695466 3.340044
3590 52 13.337595 3.217611
3600 52 13.979724 3.095179
3610 52 14.621853 2.972746
3620 52 15.264193 2.850553
3370 53 0.272763 6.794167
3380 53 0.761042 6.689157
3390 53 1.249321 6.584147
3400 53 1.793794 6.555746
3410 53 2.352369 6.546677
3420 53 2.902314 6.533073
3430 53 3.418374 6.502286
3440 53 3.934435 6.471499
3450 53 4.454073 6.422574
3460 53 5.007596 6.210405
3470 53 5.560909 5.998237
3480 53 6.125797 5.800865
3490 53 6.707734 5.625450
3500 53 7.289459 5.449797
3510 53 7.871395 5.274382
3520 53 8.450174 5.192283
3530 53 9.028953 5.110184
3540 53 9.607732 5.028323
3550 53 10.182723 4.861500
3560 53 10.756661 4.673436
3570 53 11.330600 4.485372
3580 53 11.897172 4.292535
3590 53 12.455957 4.095164
3600 53 13.014741 3.897553
3610 53 13.647189 3.682282
3620 53 14.328675 3.454839
3630 53 14.906191 3.296369
3570 54 15.102134 3.914975
3580 54 14.832739 4.029532
3590 54 14.563344 4.144089
3600 54 14.356457 4.256498
3610 54 14.295422 4.364372
3620 54 14.234176 4.472246
3630 54 14.115264 4.564369
3640 54 13.764418 4.594201
3650 54 13.413573 4.624034
3660 54 12.957705 4.614010
3670 54 12.475319 4.594201
3680 54 11.965362 4.588951
3690 54 11.413733 4.605418
3700 54 10.862104 4.621886
3710 54 10.356567 4.617351
3720 54 9.896911 4.592292
3730 54 9.437045 4.567233
3740 54 8.977389 4.542173
3750 54 8.523206 4.559118
3760 54 8.071337 4.594201
3770 54 7.619468 4.629284
3780 54 7.175387 4.678209
3790 54 6.749195 4.759831
3800 54 6.323214 4.841214
3810 54 5.897232 4.922836
3820 54 5.459675 4.993718
3830 54 4.976868 5.021641
3840 54 4.494061 5.049803
3850 54 4.011255 5.077726
3860 54 3.541075 5.023789
3870 54 3.074053 4.949088
3880 54 2.607031 4.874626
3890 54 2.148007 4.777492
3900 54 1.694034 4.665083
3910 54 1.240060 4.552674
3920 54 0.786087 4.440504
3930 54 0.332114 4.328095
3940 54 -0.121649 4.215925
3580 55 15.043204 4.673436
3590 55 14.950389 4.504942
3600 55 14.857574 4.336687
3610 55 14.764759 4.168193
3620 55 14.610067 4.003041
3630 55 14.208289 3.851015
3640 55 13.806511 3.699227
3650 55 13.267721 3.737412
3660 55 12.728930 3.775598
3670 55 12.215184 3.806146
3680 55 11.726274 3.829296
3690 55 11.237574 3.852446
3700 55 10.743612 3.866289
3710 55 10.242285 3.866289
3720 55 9.740746 3.866289
3730 55 9.239418 3.866289
3740 55 8.776395 3.906145
3750 55 8.313372 3.945762
3760 55 7.850349 3.985619
3770 55 7.405636 3.999222
3780 55 6.960923 4.012587
3790 55 6.516000 4.026191
3800 55 6.071287 4.039556
3810 55 5.626574 4.053159
3820 55 5.176600 4.125235
3830 55 4.724521 4.222608
3840 55 4.272442 4.319742
3850 55 3.802473 4.264135
3860 55 3.332294 4.208288
3870 55 2.862325 4.152681
3880 55 2.371310 4.036931
3890 55 1.880085 3.921181
3900 55 1.389070 3.805431
3910 55 0.869852 3.715217
3920 55 0.338849 3.635505
3580 56 0.153429 8.464070
3590 56 0.295914 8.127082
3600 56 0.438188 7.790095
3610 56 0.580673 7.453107
3620 56 0.780194 7.139508
3630 56 1.208912 6.918509
3640 56 1.637629 6.697510
3650 56 2.085920 6.538324
3660 56 2.553573 6.441189
3670 56 3.021437 6.343816
3680 56 3.467413 6.294652
3690 56 3.908127 6.257421
3700 56 4.348630 6.219952
3710 56 4.827228 6.166015
3720 56 5.331081 6.101099
3730 56 5.834935 6.035945
3740 56 6.319846 5.938810
3750 56 6.760560 5.767453
3760 56 7.201274 5.595856
3770 56 7.649986 5.436432
3780 56 8.172992 5.385836
3790 56 8.695997 5.335240
3800 56 9.219003 5.284405
3810 56 9.751690 5.219728
3820 56 10.286903 5.151710
3830 56 10.822116 5.083454
3840 56 11.352909 5.015913
3850 56 11.873179 4.949566
3860 56 12.393448 4.883218
3870 56 12.913718 4.816871
3880 56 13.458612 4.722839
3890 56 14.014030 4.616635
3900 56 14.569447 4.510670
3910 56 15.124865 4.404705
3660 57 0.211097 6.311358
3670 57 0.639393 5.940958
3680 57 1.067479 5.570558
3690 57 1.518927 5.236673
3700 57 2.062558 5.047655
3710 57 2.606189 4.858636
3720 57 3.110043 4.578688
3730 57 3.603794 4.275590
3740 57 4.097124 3.990392
3750 57 4.588139 3.775598
3760 57 5.079154 3.560804
3770 57 5.593321 3.369876
3780 57 6.199460 3.274412
3790 57 6.805600 3.178949
3800 57 7.380380 3.250546
3810 57 7.941480 3.393742
3820 57 8.502790 3.536938
3830 57 9.071046 3.669394
3840 57 9.642249 3.797316
3850 57 10.213661 3.924999
3860 57 10.674790 4.030964
3870 57 11.123712 4.134304
3880 57 11.572845 4.237882
3890 57 12.107005 4.242178
3900 57 12.650637 4.235495
3910 57 13.194479 4.228813
3920 57 13.725272 4.179888
3930 57 14.225968 4.031680
3940 57 14.726665 3.883472
3950 57 15.227572 3.735503
3630 58 14.856943 4.745989
3640 58 14.474317 4.930473
3650 58 14.042232 5.111138
3660 58 13.495023 5.282973
3670 58 12.947814 5.454808
3680 58 12.441434 5.550511
3690 58 11.945368 5.627359
3700 58 11.449302 5.703969
3710 58 11.042894 5.786307
3720 58 10.636486 5.868644
3730 58 10.235129 5.955755
3740 58 9.879443 6.087496
3750 58 9.523967 6.219236
3760 58 9.152496 6.352169
3770 58 8.718096 6.490831
3780 58 8.283486 6.629253
3790 58 7.840457 6.755743
3800 58 7.321450 6.771494
3810 58 6.802232 6.787485
3820 58 6.283015 6.801088
3830 58 5.764008 6.792974
3840 58 5.244791 6.785098
3850 58 4.728730 6.780325
3860 58 4.241082 6.803475
3870 58 3.753435 6.826864
3880 58 3.265787 6.850014
3890 58 2.778139 6.873402
3900 58 2.276180 6.758607
3910 58 1.774431 6.643812
3920 58 1.272472 6.529255
3930 58 0.770723 6.414459
3940 58 0.268764 6.299664
3650 59 14.997533 4.387044
3660 59 14.489891 4.583700
3670 59 13.982250 4.780117
3680 59 13.474818 4.976773
3690 59 12.954127 5.073669
3700 59 12.427965 5.127844
3710 59 11.920744 5.174144
3720 59 11.432465 5.212330
3730 59 10.944186 5.250516
3740 59 10.505787 5.340013
3750 59 10.067178 5.429510
3760 59 9.630042 5.613756
3770 59 9.193326 5.861246
3780 59 8.756822 6.108736
3790 59 8.273173 6.133557
3800 59 7.784052 6.133557
3810 59 7.295142 6.133557
3820 59 6.817386 6.130216
3830 59 6.350995 6.123772
3840 59 5.884394 6.117328
3850 59 5.418003 6.110884
3860 59 4.946772 6.084154
3870 59 4.474488 6.052413
3880 59 4.002205 6.020671
3890 59 3.529710 5.988690
3900 59 3.051744 5.951221
3910 59 2.560729 5.900625
3920 59 2.069503 5.850029
3930 59 1.578488 5.799433
3940 59 1.082422 5.688695
3950 59 0.586356 5.577718
3960 59 0.090290 5.466980
3760 60 0.385151 4.075832
3770 60 0.837230 4.049341
3780 60 1.289309 4.022850
3790 60 1.735285 4.009485
3800 60 2.175367 4.009485
3810 60 2.615450 4.009485
3820 60 3.057216 4.006382
3830 60 3.505296 3.991108
3840 60 3.953377 3.975595
3850 60 4.403141 3.965810
3860 60 4.867637 4.007098
3870 60 5.331923 4.048148
3880 60 5.794315 4.091584
3890 60 6.248078 4.143611
3900 60 6.702051 4.195878
3910 60 7.155814 4.248144
3920 60 7.639252 4.306139
3930 60 8.122901 4.364133
3940 60 8.606339 4.422366
3950 60 9.100932 4.466757
3960 60 9.621623 4.479167
3970 60 10.142103 4.491816
3980 60 10.662794 4.504465
3990 60 11.170436 4.522603
4000 60 11.665029 4.546469
4010 60 12.159622 4.570335
4020 60 12.654215 4.594201
4030 60 13.148808 4.618067
4040 60 13.643401 4.641933
4050 60 14.137994 4.665799
4060 60 14.632587 4.689665
4070 60 15.127180 4.713531
3760 61 0.153219 3.565816
3770 61 0.624871 3.532881
3780 61 1.096523 3.500185
3790 61 1.568386 3.467250
3800 61 2.008258 3.435508
3810 61 2.440343 3.404005
3820 61 2.872217 3.372740
3830 61 3.304302 3.341237
3840 61 3.762064 3.335271
3850 61 4.219825 3.329304
3860 61 4.677587 3.323338
3870 61 5.135349 3.317371
3880 61 5.585113 3.383003
3890 61 6.035087 3.448395
3900 61 6.484851 3.514027
3910 61 6.934615 3.579420
3920 61 7.384379 3.645051
3930 61 7.885496 3.668917
3940 61 8.392507 3.688487
3950 61 8.899307 3.708057
3960 61 9.406107 3.727389
3970 61 9.912907 3.746959
3980 61 10.434229 3.757699
3990 61 10.955761 3.768677
4000 61 11.477083 3.779417
4010 61 11.998405 3.790395
4020 61 12.513414 3.810681
4030 61 13.023791 3.837172
4040 61 13.534380 3.863663
4050 61 14.044968 3.890155
4060 61 14.555557 3.916646
4070 61 15.066145 3.943137
3760 62 0.224777 2.904012
3770 62 0.668227 2.929549
3780 62 1.111677 2.955086
3790 62 1.555127 2.980622
3800 62 2.017519 2.909263
3810 62 2.482015 2.826925
3820 62 2.946512 2.744588
3830 62 3.405115 2.744588
3840 62 3.863508 2.744588
3850 62 4.333266 2.758430
3860 62 4.848485 2.827403
3870 62 5.363493 2.896614
3880 62 5.878711 2.965587
3890 62 6.360677 3.033605
3900 62 6.793393 3.099952
3910 62 7.225899 3.166300
3920 62 7.658615 3.232408
3930 62 8.142685 3.245773
3940 62 8.639803 3.245773
3950 62 9.136922 3.245773
3960 62 9.633830 3.245773
3970 62 10.130317 3.248399
3980 62 10.621543 3.274890
3990 62 11.112558 3.301381
4000 62 11.603573 3.327872
4010 62 12.103007 3.341237
4020 62 12.610859 3.341237
4030 62 13.118711 3.341237
4040 62 13.626353 3.341237
4050 62 14.134205 3.341237
4060 62 14.642058 3.341237
4070 62 15.149910 3.341237
3800 63 15.292816 2.797809
3810 63 14.839474 2.724302
3820 63 14.385290 2.672990
3830 63 13.929212 2.672990
3840 63 13.525961 2.593516
3850 63 13.175116 2.434330
3860 63 12.847422 2.251755
3870 63 12.554665 2.033859
3880 63 12.267590 1.818588
3890 63 12.031869 1.627660
3900 63 11.796148 1.436732
3910 63 11.640615 1.186855
3920 63 11.538539 0.897600
3930 63 11.436464 0.608105
3940 63 11.331652 0.348921
3950 63 11.220316 0.159425
3960 63 11.108769 -0.030071
3970 63 10.997433 -0.219806
3860 64 15.006162 3.335509
3870 64 14.585232 3.040765
3880 64 14.176719 2.810935
3890 64 13.786938 2.678240
3900 64 13.397367 2.545784
3910 64 13.096191 2.328365
3920 64 12.833110 2.074908
3930 64 12.570029 1.821213
3940 64 12.306947 1.537924
3950 64 12.043866 1.224563
3960 64 11.780785 0.911442
3970 64 11.538539 0.620515
3980 64 11.344701 0.381856
3990 64 11.150862 0.143196
4000 64 10.957024 -0.095464
4010 64 10.762975 -0.334124
4010 65 12.622855 12.342769
4020 65 12.709988 12.011032
4030 65 12.797331 11.679295
4040 65 12.884674 11.347319
4050 65 12.971807 11.015582
4060 65 13.004218 10.733963
4070 65 12.999798 10.485518
4080 65 12.995589 10.237073
4090 65 12.991380 9.988629
4100 65 12.986960 9.740184
4110 65 12.987802 9.486488
4120 65 12.990959 9.230168
4130 65 12.994116 8.973847
4140 65 12.997062 8.717765
4150 65 13.000219 8.461445
4160 65 13.003376 8.205363
4170 65 13.006533 7.949042
4180 65 12.949287 7.663128
4190 65 12.885516 7.373872
4200 65 12.821745 7.084616
4210 65 12.697360 6.825670
4220 65 12.532776 6.587010
4230 65 12.330098 6.379854
4240 65 12.039236 6.246682
4250 65 11.748373 6.113271
4260 65 11.457300 5.979860
4270 65 11.095510 5.978189
4280 65 10.725723 5.991077
4290 65 10.355936 6.003965
4300 65 9.988464 6.029740
4310 65 9.630252 6.107066
4320 65 9.271830 6.184630
4330 65 8.913408 6.261956
4340 65 8.546988 6.343577
4350 65 8.172360 6.429495
4360 65 7.797732 6.515413
4370 65 7.423104 6.601330
4380 65 7.048477 6.687248
4390 65 6.664588 6.755266
4400 65 6.271229 6.805623
4410 65 5.878080 6.855741
4420 65 5.484931 6.906099
4430 65 5.109041 6.949057
4440 65 4.740727 6.988675
4450 65 4.372413 7.028531
4460 65 4.004099 7.068387
4470 65 3.635785 7.108005
4480 65 3.254632 7.082707
4490 65 2.871796 7.050249
4500 65 2.489171 7.017791
4510 65 2.106545 6.985095
4520 65 1.753385 7.012541
4530 65 1.429479 7.099652
4540 65 1.105784 7.186763
4550 65 0.781878 7.274112
4560 65 0.458183 7.361223
4570 65 0.134277 7.448572
4010 66 13.381161 12.284297
4020 66 13.395894 12.067833
4030 66 13.410626 11.851368
4040 66 13.425148 11.634904
4050 66 13.439881 11.418439
4060 66 13.470609 11.166176
4070 66 13.525540 10.859976
4080 66 13.580472 10.554014
4090 66 13.635403 10.247813
4100 66 13.690334 9.941851
4110 66 13.709066 9.662858
4120 66 13.718958 9.391024
4130 66 13.728639 9.118952
4140 66 13.738531 8.847119
4150 66 13.741267 8.567887
4160 66 13.737058 8.281495
4170 66 13.732848 7.995103
4180 66 13.728639 7.708712
4190 66 13.724430 7.422320
4200 66 13.658344 7.125666
4210 66 13.530591 6.818749
4220 66 13.402839 6.512071
4230 66 13.143546 6.227111
4240 66 12.827848 5.951698
4250 66 12.500996 5.693946
4260 66 12.073331 5.593947
4270 66 11.645455 5.493710
4280 66 11.217790 5.393711
4290 66 10.778550 5.409224
4300 66 10.339309 5.424737
4310 66 9.900068 5.440489
4320 66 9.460828 5.456002
4330 66 9.027059 5.498722
4340 66 8.601078 5.581775
4350 66 8.175307 5.665068
4360 66 7.749536 5.748360
4370 66 7.327764 5.830936
4380 66 6.942823 5.906591
4390 66 6.557882 5.982247
4400 66 6.172731 6.057902
4410 66 5.787791 6.133557
4420 66 5.398851 6.169833
4430 66 5.009911 6.206109
4440 66 4.621182 6.242624
4450 66 4.232243 6.278901
4460 66 3.855721 6.298948
4470 66 3.497930 6.295130
4480 66 3.140139 6.291072
4490 66 2.782349 6.287015
4500 66 2.424558 6.283197
4510 66 2.066767 6.279139
4520 66 1.723288 6.301096
4530 66 1.401487 6.361954
4540 66 1.079476 6.422813
4550 66 0.757674 6.483671
4560 66 0.435873 6.544529
4570 66 0.113862 6.605149
4310 67 15.159170 6.899416
4320 67 14.719088 6.812544
4330 67 14.279005 6.725910
4340 67 13.839133 6.639038
4350 67 13.403260 6.514458
4360 67 12.973911 6.333076
4370 67 12.544562 6.151695
4380 67 12.070174 6.050026
4390 67 11.590735 5.957187
4400 67 11.111295 5.864349
4410 67 10.635644 5.815185
4420 67 10.168832 5.867213
4430 67 9.701810 5.919479
4440 67 9.234367 5.978905
4450 67 8.762504 6.102292
4460 67 8.290852 6.225680
4470 67 7.821094 6.327349
4480 67 7.358913 6.341430
4490 67 6.896731 6.355272
4500 67 6.434550 6.369353
4510 67 5.972158 6.383434
4520 67 5.511029 6.400140
4530 67 5.059371 6.440951
4540 67 4.607713 6.481762
4550 67 4.155844 6.522334
4560 67 3.704186 6.563144
4570 67 3.290201 6.559326
4580 67 2.876216 6.555269
4590 67 2.462021 6.551450
4600 67 2.048036 6.547393
4610 67 1.634051 6.543574
4620 67 1.220066 6.539756
4630 67 0.799767 6.601807
4640 67 0.378837 6.671496
4650 67 -0.042093 6.741185
4350 68 0.082292 3.932636
4360 68 0.521533 3.984664
4370 68 0.960773 4.036453
4380 68 1.402539 4.046954
4390 68 1.845989 4.030009
4400 68 2.289650 4.012826
4410 68 2.726575 3.989676
4420 68 3.162028 3.965094
4430 68 3.597480 3.940273
4440 68 4.019884 3.919510
4450 68 4.440814 3.898985
4460 68 4.861744 3.878460
4470 68 5.313192 3.857697
4480 68 5.810731 3.835979
4490 68 6.308271 3.814261
4500 68 6.796129 3.799703
4510 68 7.197907 3.850299
4520 68 7.599685 3.900894
4530 68 8.001463 3.951729
4540 68 8.399452 3.945285
4550 68 8.796179 3.924999
4560 68 9.193116 3.904474
4570 68 9.567533 3.902804
4580 68 9.889335 3.944808
4590 68 10.211346 3.987051
4600 68 10.533147 4.029055
4610 68 10.834533 4.157692
4620 68 11.133604 4.295876
4630 68 11.368062 4.445993
4640 68 11.602731 4.595872
4650 68 11.837189 4.745989
4660 68 12.088695 4.903266
4670 68 12.357248 5.067702
4680 68 12.625802 5.232377
4690 68 12.933712 5.420441
4700 68 13.267931 5.624018
4710 68 13.602150 5.827595
4720 68 13.935947 6.016375
4730 68 14.267640 6.146683
4740 68 14.599333 6.276753
4750 68 14.930816 6.406822
4360 69 0.638341 2.784444
4370 69 1.410116 2.816186
4380 69 2.181892 2.847927
4390 69 2.923781 2.886829
4400 69 3.636206 2.932652
4410 69 4.348630 2.978713
4420 69 5.076839 2.983247
4430 69 5.806943 2.983247
4440 69 6.536836 2.983247
4450 69 7.310927 2.999954
4460 69 8.103538 3.023820
4470 69 8.896360 3.047686
4480 69 9.713596 3.066062
4490 69 10.541566 3.081814
4500 69 11.369325 3.097804
4510 69 12.185930 3.118568
4520 69 12.997694 3.141240
4530 69 13.809458 3.163913
4540 69 14.621222 3.186586
4550 69 15.433196 3.209497
4460 70 5.126720 4.551481
4470 70 5.572274 4.537400
4480 70 6.018039 4.523319
4490 70 6.460227 4.511386
4500 70 6.869792 4.517830
4510 70 7.279146 4.524274
4520 70 7.688711 4.530718
4530 70 8.084596 4.546469
4540 70 8.459435 4.576302
4550 70 8.834273 4.606134
4560 70 9.190380 4.644558
4570 70 9.470930 4.717588
4580 70 9.751480 4.790379
4590 70 10.032240 4.863409
4600 70 10.294059 4.940258
4610 70 10.543460 5.019732
4620 70 10.792861 5.099444
4630 70 11.047103 5.186555
4640 70 11.301976 5.274382
4650 70 11.574950 5.422828
4660 70 11.848133 5.571036
4670 70 12.121107 5.719482
4680 70 12.367140 5.874134
4690 70 12.549824 6.043821
4700 70 12.732508 6.213269
4710 70 12.915402 6.382956
4720 70 13.140389 6.506343
4730 70 13.407680 6.583669
4740 70 13.675181 6.661234
4750 70 13.942472 6.738559
4760 70 14.240911 6.881278
4770 70 14.546927 7.040464
4780 70 14.853154 7.199650
4790 70 15.159170 7.358598
4530 71 0.170056 5.573661
4540 71 0.608665 5.225695
4550 71 1.047064 4.877490
4560 71 1.478728 4.550526
4570 71 1.907445 4.232154
4580 71 2.336163 3.914021
4590 71 2.703003 3.634550
4600 71 3.069844 3.354841
4610 71 3.436685 3.075370
4620 71 3.803315 2.795661
4670 72 0.523848 4.110915
4680 72 1.108520 4.170580
4690 72 1.692981 4.230245
4700 72 2.277653 4.289910
4710 72 2.820864 4.201128
4720 72 3.359444 4.095879
4730 72 3.898024 3.990631
4740 72 4.437867 3.954832
4750 72 4.978973 3.988960
4760 72 5.520289 4.023088
4770 72 6.061395 4.057217
4780 72 6.606500 4.090629
4790 72 7.160654 4.122371
4800 72 7.715020 4.154351
4810 72 8.266228 4.153396
4820 72 8.811122 4.076071
4830 72 9.355806 3.998984
4840 72 9.900489 3.921658
4850 72 10.444752 3.982039
4860 72 10.988804 4.057694
4870 72 11.533067 4.133588
4880 72 12.077119 4.209243
4890 72 12.628328 4.288001
4900 72 13.181219 4.367474
4910 72 13.734322 4.446948
4920 72 14.287214 4.526660
4930 72 14.840316 4.606134
4750 73 14.720561 4.651718
4760 73 14.107476 4.599929
4770 73 13.509124 4.540980
4780 73 12.968860 4.453392
4790 73 12.428596 4.365804
4800 73 11.882018 4.321174
4810 73 11.308922 4.446948
4820 73 10.736036 4.572960
4830 73 10.163150 4.698973
4840 73 9.599314 4.709951
4850 73 9.041581 4.644320
4860 73 8.483849 4.578688
4870 73 7.926116 4.513057
4880 73 7.387325 4.411149
4890 73 6.861163 4.285375
4900 73 6.335000 4.159363
4910 73 5.808837 4.033351
4920 73 5.254893 3.982993
4930 73 4.701159 3.932875
4940 73 4.147215 3.882518
4950 73 3.598112 3.828103
4960 73 3.067108 3.756983
4970 73 2.536315 3.685623
4980 73 2.005312 3.614503
4990 73 1.474519 3.543143
5000 73 0.943726 3.472023
5010 73 0.412722 3.400663
5020 73 -0.118071 3.329543
4750 74 15.048255 5.178918
4760 74 14.502309 5.208750
4770 74 13.956573 5.238583
4780 74 13.410626 5.268415
4790 74 12.831637 5.299441
4800 74 12.244650 5.330944
4810 74 11.657452 5.362208
4820 74 11.070465 5.393711
4830 74 10.507471 5.399678
4840 74 9.944476 5.405644
4850 74 9.381482 5.411611
4860 74 8.818488 5.417577
4870 74 8.266649 5.407076
4880 74 7.714809 5.396337
4890 74 7.162759 5.385836
4900 74 6.610920 5.375096
4910 74 6.041822 5.347173
4920 74 5.455466 5.301589
4930 74 4.869321 5.256243
4940 74 4.282965 5.210659
4950 74 3.721023 5.154336
4960 74 3.215907 5.072475
4970 74 2.710791 4.990615
4980 74 2.205674 4.908993
4990 74 1.695086 4.866751
5000 74 1.183235 4.834532
5010 74 0.671173 4.802312
5020 74 0.159322 4.769855
4820 75 15.271348 4.353155
4830 75 14.555767 4.448619
4840 75 13.840186 4.544083
4850 75 13.130287 4.643604
4860 75 12.470689 4.778685
4870 75 11.811302 4.914005
4880 75 11.155282 5.046939
4890 75 10.530411 5.158870
4900 75 9.905751 5.270563
4910 75 9.280880 5.382494
4920 75 8.682528 5.498006
4930 75 8.087332 5.613994
4940 75 7.491927 5.729983
4950 75 6.894837 5.837380
4960 75 6.295222 5.932128
4970 75 5.695607 6.026876
4980 75 5.095781 6.121863
4990 75 4.496166 6.216610
5000 75 3.896551 6.311358
5010 75 3.296725 6.406106
5020 75 2.703003 6.512787
5030 75 2.161687 6.724001
5040 75 1.620581 6.935454
5050 75 1.079476 7.146906
5060 75 0.694535 7.416353
5070 75 0.413985 7.724702
5080 75 0.133224 8.032812
5000 76 15.024052 3.889439
5010 76 14.634060 3.896360
5020 76 14.244068 3.903520
5030 76 13.854076 3.910441
5040 76 13.600045 3.902804
5050 76 13.481553 3.880370
5060 76 13.363272 3.858174
5070 76 13.236151 3.842423
5080 76 13.088825 3.842423
5090 76 12.941500 3.842423
5100 76 12.794174 3.842423
5110 76 12.629169 3.843855
5120 76 12.423124 3.848867
5130 76 12.216868 3.853640
5140 76 12.010612 3.858413
5150 76 11.804567 3.863425
5160 76 11.552430 3.887768
5170 76 11.231471 3.941467
5180 76 10.910511 3.995165
5190 76 10.589552 4.048864
5200 76 10.273433 4.101369
5210 76 9.964471 4.152203
5220 76 9.655508 4.203038
5230 76 9.346545 4.253634
5240 76 9.037372 4.304468
5250 76 8.776816 4.377975
5260 76 8.537096 4.461268
5270 76 8.297166 4.544560
5280 76 8.057446 4.627852
5290 76 7.834774 4.698495
5300 76 7.637989 4.750285
5310 76 7.441415 4.802312
5320 76 7.244630 4.854102
5330 76 7.047845 4.906130
5340 76 6.818649 4.985365
5350 76 6.581244 5.071759
5360 76 6.344050 5.158154
5370 76 6.106645 5.244310
5380 76 5.865873 5.330228
5390 76 5.594794 5.411134
5400 76 5.323715 5.492039
5410 76 5.052636 5.572945
5420 76 4.781557 5.653851
5430 76 4.510478 5.734756
5440 76 4.262550 5.796331
5450 76 4.108279 5.780340
5460 76 3.954008 5.764350
5470 76 3.799527 5.748599
5480 76 3.645256 5.732608
5490 76 3.490985 5.716618
5500 76 3.336503 5.700867
5510 76 3.182232 5.684876
5520 76 2.960192 5.658624
5530 76 2.708896 5.627837
5540 76 2.457601 5.597050
5550 76 2.206516 5.566263
5560 76 1.955221 5.535475
5570 76 1.704136 5.504688
5580 76 1.438950 5.461491
5590 76 1.160084 5.405883
5600 76 0.881007 5.350514
5610 76 0.601930 5.294906
5620 76 0.323064 5.239299
5030 77 14.916504 7.484610
5040 77 14.587126 7.162897
5050 77 14.269534 6.854548
5060 77 14.059069 6.665291
5070 77 13.848604 6.475795
5080 77 13.645295 6.291788
5090 77 13.471030 6.128068
5100 77 13.296554 5.964347
5110 77 13.122289 5.800865
5120 77 12.902564 5.733563
5130 77 12.663686 5.707788
5140 77 12.424808 5.682013
5150 77 12.185930 5.656237
5160 77 11.902223 5.630223
5170 77 11.618516 5.604448
5180 77 11.335019 5.578434
5190 77 11.051312 5.552420
5200 77 10.783180 5.558387
5210 77 10.538199 5.611847
5220 77 10.293428 5.665545
5230 77 10.048657 5.719005
5240 77 9.803886 5.772703
5250 77 9.574058 5.818526
5260 77 9.359383 5.856711
5270 77 9.144709 5.894897
5280 77 8.930035 5.933083
5290 77 8.715360 5.971268
5300 77 8.502790 6.071744
5310 77 8.292325 6.234510
5320 77 8.081860 6.397276
5330 77 7.871395 6.559803
5340 77 7.660509 6.713262
5350 77 7.444782 6.783189
5360 77 7.229266 6.853116
5370 77 7.013539 6.922805
5380 77 6.798023 6.992732
5390 77 6.527365 7.026860
5400 77 6.256917 7.060989
5410 77 5.986259 7.095117
5420 77 5.756010 7.129484
5430 77 5.565960 7.164567
5440 77 5.376121 7.199412
5450 77 5.186071 7.234256
5460 77 4.971186 7.279124
5470 77 4.718628 7.338789
5480 77 4.466070 7.398454
5490 77 4.213511 7.458119
5500 77 3.935698 7.509908
5510 77 3.620000 7.549525
5520 77 3.304302 7.589382
5530 77 2.988605 7.629238
5540 77 2.676274 7.660980
5550 77 2.376782 7.660980
5560 77 2.077501 7.660980
5570 77 1.778220 7.660980
5580 77 1.478938 7.660980
5590 77 1.215015 7.638307
5600 77 0.966245 7.605610
5610 77 0.717476 7.573153
5620 77 0.468706 7.540456
5630 77 0.219936 7.507999
5040 78 15.144017 7.370292
5050 78 14.904718 7.023042
5060 78 14.665630 6.676031
5070 78 14.432434 6.344532
5080 78 14.208500 6.036661
5090 78 13.984354 5.728551
5100 78 13.741898 5.461968
5110 78 13.456297 5.291326
5120 78 13.170696 5.120923
5130 78 12.872888 5.022357
5140 78 12.563083 4.995866
5150 78 12.253068 4.969374
5160 78 11.943264 4.942883
5170 78 11.607151 4.946224
5180 78 11.268092 4.952907
5190 78 10.929032 4.959589
5200 78 10.620701 4.961976
5210 78 10.383928 4.954339
5220 78 10.147154 4.946940
5230 78 9.910381 4.945031
5240 78 9.674029 4.993718
5250 78 9.437887 5.042643
5260 78 9.201535 5.091330
5270 78 8.965393 5.140016
5280 78 8.731145 5.198249
5290 78 8.504474 5.294668
5300 78 8.277803 5.390848
5310 78 8.051132 5.487266
5320 78 7.824461 5.583685
5330 78 7.597790 5.680103
5340 78 7.355335 5.759577
5350 78 7.113089 5.839289
5360 78 6.870634 5.918763
5370 78 6.635965 6.005158
5380 78 6.404453 6.094655
5390 78 6.172942 6.184153
5400 78 5.941430 6.273650
5410 78 5.734332 6.347873
5420 78 5.537547 6.415175
5430 78 5.340763 6.482716
5440 78 5.143978 6.550257
5450 78 4.944036 6.612547
5460 78 4.714418 6.628776
5470 78 4.484801 6.645005
5480 78 4.255184 6.661234
5490 78 4.025566 6.677701
5500 78 3.766694 6.700135
5510 78 3.495405 6.725194
5520 78 3.223905 6.750254
5530 78 2.952615 6.775313
5540 78 2.641337 6.789871
5550 78 2.325639 6.803236
5560 78 2.009942 6.816363
5570 78 1.711923 6.837842
5580 78 1.455366 6.878653
5590 78 1.198599 6.919464
5600 78 0.942042 6.960036
5610 78 0.676435 6.981276
5620 78 0.375891 6.924475
5630 78 0.075136 6.867674
5060 79 0.182684 3.930250
5070 79 0.671173 4.006859
5080 79 1.159873 4.083708
5090 79 1.642680 4.150294
5100 79 2.074134 4.126428
5110 79 2.505587 4.102562
5120 79 2.937041 4.078696
5130 79 3.371862 4.050057
5140 79 3.836779 3.977743
5150 79 4.301907 3.905668
5160 79 4.766824 3.833592
5170 79 5.231742 3.761278
5180 79 5.692450 3.691590
5190 79 6.152316 3.622617
5200 79 6.611972 3.553406
5210 79 7.071628 3.484433
5220 79 7.545174 3.478467
5230 79 8.018721 3.472500
5240 79 8.492267 3.466534
5250 79 8.965814 3.460567
5260 79 9.419156 3.478944
5270 79 9.872497 3.497321
5280 79 10.325839 3.515698
5290 79 10.780444 3.546007
5300 79 11.248097 3.683953
5310 79 11.715961 3.821659
5320 79 12.183615 3.959605
5330 79 12.651268 4.097550
5340 79 13.047784 4.243849
5350 79 13.397157 4.395636
5360 79 13.746318 4.547662
5370 79 14.095480 4.699450
5380 79 14.444220 4.828088
5390 79 14.791488 4.863887
5400 79 15.138755 4.899686
5090 80 0.002947 3.856026
5100 80 0.521743 3.941228
5110 80 1.040329 4.026429
5120 80 1.558915 4.111870
5130 80 2.050351 4.163420
5140 80 2.535052 4.206856
5150 80 3.019753 4.250292
5160 80 3.500245 4.277738
5170 80 3.976317 4.288955
5180 80 4.452389 4.300411
5190 80 4.928461 4.311867
5200 80 5.396746 4.267953
5210 80 5.846931 4.095641
5220 80 6.296906 3.923328
5230 80 6.747090 3.751016
5240 80 7.081309 3.613548
5250 80 7.365647 3.490877
5260 80 7.650196 3.368444
5270 80 7.934535 3.245773
5280 80 8.247286 3.168448
5290 80 8.560247 3.090883
5300 80 8.872999 3.013557
5310 80 9.231421 2.946971
5320 80 9.695917 2.905922
5330 80 10.160414 2.864634
5340 80 10.646378 2.828357
5350 80 11.164964 2.799241
5360 80 11.683339 2.770124
5370 80 12.201925 2.741008
5380 80 12.726825 2.712607
5390 80 13.267510 2.685400
5400 80 13.807984 2.658432
5410 80 14.348459 2.631224
5420 80 14.888933 2.604017
5090 81 15.168010 6.986766
5100 81 14.839053 6.927101
5110 81 14.510307 6.867436
5120 81 14.181350 6.807771
5130 81 13.905640 6.743810
5140 81 13.683179 6.675553
5150 81 13.460717 6.607535
5160 81 13.238255 6.539279
5170 81 12.941079 6.391787
5180 81 12.643902 6.244534
5190 81 12.346936 6.097042
5200 81 12.048707 5.987258
5210 81 11.750057 5.902534
5220 81 11.451407 5.817810
5230 81 11.158229 5.699912
5240 81 10.870523 5.548840
5250 81 10.582817 5.397769
5260 81 10.301425 5.216626
5270 81 10.026137 5.005412
5280 81 9.751059 4.794198
5290 81 9.454303 4.790141
5300 81 9.155232 4.808995
5310 81 8.856161 4.827849
5320 81 8.554775 4.837157
5330 81 8.233606 4.761979
5340 81 7.912436 4.686562
5350 81 7.591056 4.611146
5360 81 7.263151 4.565323
5370 81 6.919251 4.588712
5380 81 6.575140 4.611862
5390 81 6.231241 4.635251
5400 81 5.885446 4.661503
5410 81 5.531865 4.699689
5420 81 5.178284 4.737874
5430 81 4.824702 4.776060
5440 81 4.471121 4.814245
5450 81 4.095651 4.841214
5460 81 3.632628 4.823315
5470 81 3.169605 4.805415
5480 81 2.706581 4.787516
5490 81 2.251977 4.750046
5500 81 1.831046 4.634296
5510 81 1.410116 4.518546
5520 81 0.989186 4.402796
5530 81 0.586356 4.258407
5540 81 0.185420 4.110676
5100 82 15.069302 6.109691
5110 82 14.816744 6.125681
5120 82 14.564186 6.141433
5130 82 14.311627 6.157423
5140 82 14.077169 6.027831
5150 82 13.842501 5.898238
5160 82 13.608043 5.768646
5170 82 13.288977 5.629746
5180 82 12.885095 5.481538
5190 82 12.481212 5.333092
5200 82 12.077330 5.184645
5210 82 11.770472 4.994195
5220 82 11.488028 4.793243
5230 82 11.205583 4.592292
5240 82 10.923139 4.391340
5250 82 10.660058 4.288955
5260 82 10.396976 4.186809
5270 82 10.123372 4.090629
5280 82 9.807674 4.019031
5290 82 9.491976 3.947433
5300 82 9.168071 3.892780
5310 82 8.811543 3.906145
5320 82 8.454804 3.919271
5330 82 8.098276 3.932636
5340 82 7.733751 3.923806
5350 82 7.364174 3.900656
5360 82 6.994597 3.877267
5370 82 6.625021 3.854117
5380 82 6.285120 3.880131
5390 82 5.974894 3.955548
5400 82 5.664879 4.030725
5410 82 5.354653 4.106142
5420 82 4.966977 4.139316
5430 82 4.546046 4.154112
5440 82 4.125116 4.169148
5450 82 3.695557 4.137884
5460 82 3.257579 4.060558
5470 82 2.819601 3.982993
5480 82 2.381623 3.905668
5490 82 1.963850 3.830251
5500 82 1.551338 3.755312
5510 82 1.138616 3.680611
5520 82 0.725894 3.605672
5530 82 0.313172 3.530733
5130 83 0.147326 6.730206
5140 83 0.491015 6.451690
5150 83 0.834915 6.173413
5160 83 1.178605 5.894897
5170 83 1.574700 5.789648
5180 83 1.971006 5.684399
5190 83 2.367101 5.578911
5200 83 2.805921 5.442637
5210 83 3.272943 5.285360
5220 83 3.740175 5.128322
5230 83 4.207198 4.971045
5240 83 4.642650 4.808756
5250 83 5.046532 4.640978
5260 83 5.450415 4.473201
5270 83 5.854297 4.305661
5280 83 6.276701 4.130246
5290 83 6.703524 3.952922
5300 83 7.130558 3.775598
5310 83 7.557381 3.613787
5320 83 7.984204 3.487774
5330 83 8.411028 3.361762
5340 83 8.837851 3.235750
5350 83 9.306767 3.198041
5360 83 9.793783 3.198041
5370 83 10.281010 3.198041
5380 83 10.754767 3.205678
5390 83 11.175697 3.244341
5400 83 11.596628 3.282766
5410 83 12.017558 3.316417
5420 83 12.438488 3.307348
5430 83 12.859418 3.298040
5440 83 13.291714 3.331929
5450 83 13.735164 3.408539
5460 83 14.178614 3.485388
5470 83 14.623537 3.547678
5480 83 15.069302 3.603763
5150 84 0.189419 5.799433
5160 84 0.649285 5.587265
5170 84 1.109151 5.375096
5180 84 1.557442 5.211853
5190 84 1.978372 5.162450
5200 84 2.399302 5.113048
5210 84 2.831177 5.000400
5220 84 3.279257 4.792527
5230 84 3.727337 4.584655
5240 84 4.169314 4.383703
5250 84 4.596979 4.198981
5260 84 5.024644 4.014019
5270 84 5.449784 3.827387
5280 84 5.863979 3.633595
5290 84 6.278385 3.439565
5300 84 6.692790 3.245773
5310 84 7.142975 3.133126
5320 84 7.593160 3.020478
5330 84 8.043345 2.907592
5340 84 8.537938 2.808310
5350 84 9.099038 2.728597
5360 84 9.660349 2.649124
5370 84 10.220186 2.582299
5380 84 10.767395 2.630031
5390 84 11.314604 2.677763
5400 84 11.843503 2.716665
5410 84 12.208450 2.677047
5420 84 12.573186 2.637191
5430 84 12.937290 2.592084
5440 84 13.294029 2.498768
5450 84 13.650977 2.405213
5460 84 14.102636 2.443160
5470 84 14.578287 2.513804
5480 84 15.053727 2.584686
5120 85 0.341164 2.907354
5130 85 0.686958 2.898762
5140 85 1.032752 2.890409
5150 85 1.163662 2.893034
5160 85 1.202598 2.900194
5170 85 1.241323 2.907592
5180 85 1.280259 2.914991
5190 85 1.319195 2.922389
5200 85 1.357921 2.929549
5210 85 1.398751 2.939095
5220 85 1.447369 2.957472
5230 85 1.495986 2.975849
5240 85 1.544393 2.994226
5250 85 1.593010 3.012603
5260 85 1.641628 3.030979
5270 85 1.690245 3.049356
5280 85 1.963639 3.077518
5290 85 2.333216 3.109737
5300 85 2.703003 3.141956
5310 85 3.072791 3.174175
5320 85 3.630313 3.116181
5330 85 4.187624 3.058187
5340 85 4.745146 2.999954
5350 85 5.284989 2.972508
5360 85 5.783371 3.016421
5370 85 6.281752 3.060573
5380 85 6.780344 3.104487
5390 85 7.290090 3.123102
5400 85 7.811202 3.116181
5410 85 8.332314 3.109499
5420 85 8.853636 3.102577
5430 85 9.374747 3.095656
5440 85 9.895859 3.088974
5450 85 10.416971 3.082053
5460 85 10.938082 3.075370
5470 85 11.459404 3.068449
5480 85 11.980516 3.061767
5490 85 12.501628 3.054845
5500 85 13.009269 3.068926
5510 85 13.516911 3.083007
5520 85 14.024343 3.096850
5530 85 14.531984 3.110930
5540 85 15.039626 3.125011
5290 86 0.414195 3.612355
5300 86 0.947935 3.629300
5310 86 1.481464 3.646483
5320 86 1.957326 3.615696
5330 86 2.408352 3.564623
5340 86 2.859379 3.513311
5350 86 3.329137 3.469159
5360 86 3.801210 3.425961
5370 86 4.273073 3.382525
5380 86 4.691899 3.303768
5390 86 5.075156 3.201383
5400 86 5.458623 3.099236
5410 86 5.867557 3.129069
5420 86 6.283015 3.191836
5430 86 6.698263 3.254604
5440 86 7.113721 3.317371
5450 86 7.522654 3.276560
5460 86 7.931588 3.235511
5470 86 8.340522 3.194700
5480 86 8.783761 3.161288
5490 86 9.261517 3.135512
5500 86 9.739483 3.109737
5510 86 10.217239 3.083962
5520 86 10.704255 3.088258
5530 86 11.193587 3.100191
5540 86 11.682918 3.112124
5550 86 12.172250 3.124057
5560 86 12.663054 3.136944
5570 86 13.154069 3.150309
5580 86 13.645084 3.163674
5590 86 14.136310 3.176801
5600 86 14.627325 3.190166
5610 86 15.118340 3.203292
5320 87 0.440714 3.750777
5330 87 0.943094 3.758415
5340 87 1.445474 3.766290
5350 87 1.944066 3.761756
5360 87 2.437396 3.739560
5370 87 2.930727 3.717126
5380 87 3.409535 3.678225
5390 87 3.830465 3.573931
5400 87 4.251395 3.469398
5410 87 4.672325 3.365103
5420 87 5.122300 3.356989
5430 87 5.572274 3.348636
5440 87 6.015514 3.348158
5450 87 6.399402 3.418563
5460 87 6.783080 3.488729
5470 87 7.166968 3.558895
5480 87 7.558854 3.530972
5490 87 7.954108 3.461044
5500 87 8.349361 3.391356
5510 87 8.744615 3.321428
5520 87 9.205744 3.311405
5530 87 9.710860 3.341237
5540 87 10.215976 3.371070
5550 87 10.721093 3.400902
5560 87 11.230208 3.463192
5570 87 11.742269 3.546962
5580 87 12.254121 3.630970
5590 87 12.766182 3.714740
5600 87 13.268352 3.840752
5610 87 13.769469 3.971299
5620 87 14.270587 4.102085
5630 87 14.771704 4.232870
5320 88 0.516692 4.335255
5330 88 1.087052 4.366042
5340 88 1.657202 4.396829
5350 88 2.184207 4.399216
5360 88 2.645967 4.359599
5370 88 3.107938 4.319742
5380 88 3.569699 4.279886
5390 88 3.985788 4.147191
5400 88 4.390723 3.991108
5410 88 4.798604 3.872255
5420 88 5.219535 3.902088
5430 88 5.650988 3.949820
5440 88 6.089387 4.009485
5450 88 6.516210 4.061751
5460 88 6.896521 4.084901
5470 88 7.276621 4.108051
5480 88 7.653564 4.122609
5490 88 8.001252 4.060319
5500 88 8.349151 3.998029
5510 88 8.773028 3.925238
5520 88 9.216057 3.850060
5530 88 9.663716 3.932398
5540 88 10.111796 4.032635
5550 88 10.559876 4.132633
5560 88 11.053628 4.216403
5570 88 11.558744 4.295876
5580 88 12.063860 4.375350
5590 88 12.555928 4.496112
5600 88 13.044838 4.626898
5610 88 13.533538 4.757683
5620 88 14.051493 4.843839
5630 88 14.581865 4.910664
5640 88 15.112237 4.977489
5320 89 14.920293 6.823761
5330 89 14.385290 6.694407
5340 89 13.850288 6.565054
5350 89 13.276560 6.400379
5360 89 12.692940 6.226873
5370 89 12.115635 6.093223
5380 89 11.542117 5.986304
5390 89 10.968810 5.879146
5400 89 10.392978 5.938810
5410 89 9.815882 6.069596
5420 89 9.238787 6.200620
5430 89 8.679581 6.329258
5440 89 8.132372 6.456464
5450 89 7.585163 6.583908
5460 89 7.076889 6.736173
5470 89 6.594503 6.905144
5480 89 6.110434 7.074354
5490 89 5.619418 7.243325
5500 89 5.128403 7.412296
5510 89 4.699896 7.460983
5520 89 4.286964 7.479121
5530 89 3.889606 7.492486
5540 89 3.554124 7.485087
5550 89 3.218853 7.477450
5560 89 2.883372 7.470052
5570 89 2.612714 7.504180
5580 89 2.342266 7.538308
5590 89 2.072029 7.569812
5600 89 1.804317 7.591530
5610 89 1.536395 7.613248
5620 89 1.268473 7.634966
5630 89 1.006444 7.884365
5640 89 0.744836 8.159301
5650 89 0.483438 8.433999
5660 89 0.270658 8.953084
5670 89 0.090290 9.634935
5340 90 12.080697 12.386444
5350 90 12.070385 12.147784
5360 90 12.060072 11.909124
5370 90 12.049969 11.670464
5380 90 12.039657 11.431804
5390 90 12.036079 11.287893
5400 90 12.033343 11.154720
5410 90 12.030607 11.021548
5420 90 12.027871 10.888137
5430 90 12.025135 10.754965
5440 90 12.022398 10.621554
5450 90 12.019662 10.488382
5460 90 12.021557 10.320604
5470 90 12.041340 10.014881
5480 90 12.060914 9.708919
5490 90 12.080697 9.403196
5500 90 12.108058 9.086733
5510 90 12.135629 8.770270
5520 90 12.162989 8.453807
5530 90 12.190560 8.137345
5540 90 12.210975 7.817779
5550 90 12.221078 7.493918
5560 90 12.230969 7.170056
5570 90 12.241072 6.846195
5580 90 12.218762 6.550734
5590 90 12.067228 6.369353
5600 90 11.915693 6.187971
5610 90 11.575581 6.075563
5620 90 11.154651 5.992509
5630 90 10.753083 5.986781
5640 90 10.380771 6.096803
5650 90 10.008458 6.207064
5660 90 9.641196 6.378422
5670 90 9.275197 6.565292
5680 90 8.921616 6.728536
5690 90 8.580452 6.868390
5700 90 8.239288 7.008484
5710 90 7.880024 7.055977
5720 90 7.508553 7.041896
5730 90 7.137293 7.027815
5740 90 6.765190 7.012541
5750 90 6.391194 6.992732
5760 90 6.016987 6.972923
5770 90 5.642780 6.952876
5780 90 5.284568 6.948341
5790 90 4.937091 6.953831
5800 90 4.589613 6.959320
5810 90 4.242135 6.965048
5820 90 3.904759 6.966241
5830 90 3.590956 6.957649
5840 90 3.277152 6.948819
5850 90 2.963349 6.940227
5860 90 2.649545 6.931635
5870 90 2.335742 6.922805
5880 90 2.070135 6.990584
5890 90 1.816735 7.077456
5900 90 1.563124 7.164090
5910 90 1.309724 7.250962
5920 90 1.105573 7.386282
5930 90 0.975506 7.594632
5940 90 0.845228 7.802982
5950 90 0.715160 8.011093
5960 90 0.585093 8.219444
5970 90 0.455026 8.427794
5370 91 15.049939 4.229768
5380 91 14.623537 4.290865
5390 91 14.197134 4.352200
5400 91 13.770943 4.413297
5410 91 13.344540 4.474633
5420 91 12.864890 4.562221
5430 91 12.371981 4.656491
5440 91 11.879072 4.750523
5450 91 11.386162 4.844794
5460 91 10.970073 4.900402
5470 91 10.554194 4.955771
5480 91 10.138104 5.011378
5490 91 9.722015 5.066748
5500 91 9.330760 5.101115
5510 91 8.950239 5.126651
5520 91 8.569508 5.151949
5530 91 8.188987 5.177486
5540 91 7.808256 5.202784
5550 91 7.469196 5.156484
5560 91 7.130137 5.109945
5570 91 6.791078 5.063645
5580 91 6.447809 5.020448
5590 91 6.098647 4.982501
5600 91 5.749486 4.944554
5610 91 5.400324 4.906607
5620 91 5.051163 4.868660
5630 91 4.715260 4.900879
5640 91 4.379358 4.932859
5650 91 4.043456 4.965078
5660 91 3.707343 4.997059
5670 91 3.371441 5.029278
5680 91 3.034065 4.986797
5690 91 2.696479 4.925938
5700 91 2.358682 4.864841
5710 91 2.020886 4.803744
5720 91 1.687088 4.721645
5730 91 1.356869 4.618783
5740 91 1.026649 4.515921
5750 91 0.696640 4.412820
5760 91 0.366420 4.309957
5770 91 0.036410 4.206856
5370 92 15.147805 3.093986
5380 92 14.675732 3.202337
5390 92 14.203869 3.310927
5400 92 13.731796 3.419279
5410 92 13.268352 3.504958
5420 92 12.817325 3.556031
5430 92 12.366298 3.607104
5440 92 11.915272 3.658416
5450 92 11.468244 3.723093
5460 92 11.037422 3.842423
5470 92 10.606389 3.961753
5480 92 10.175567 4.081083
5490 92 9.744535 4.200412
5500 92 9.396425 4.241701
5510 92 9.048316 4.282989
5520 92 8.700207 4.324277
5530 92 8.352308 4.365565
5540 92 8.004199 4.406853
5550 92 7.669138 4.392056
5560 92 7.337656 4.363178
5570 92 7.005963 4.334301
5580 92 6.666693 4.255304
5590 92 6.319636 4.126189
5600 92 5.972579 3.997313
5610 92 5.625732 3.868198
5620 92 5.262891 3.755073
5630 92 4.896050 3.646006
5640 92 4.529209 3.536938
5650 92 4.175838 3.467250
5660 92 3.853406 3.489684
5670 92 3.531184 3.512118
5680 92 3.205384 3.528346
5690 92 2.848224 3.489445
5700 92 2.490855 3.450543
5710 92 2.133485 3.411642
5720 92 1.776326 3.372979
5730 92 1.420429 3.343862
5740 92 1.064953 3.317371
5750 92 0.709478 3.290880
5760 92 0.354002 3.264389
5770 92 -0.001473 3.237898
5380 93 15.006162 3.842423
5390 93 14.563554 3.834308
5400 93 14.120736 3.825955
5410 93 13.679601 3.830728
5420 93 13.252988 3.953400
5430 93 12.826375 4.075832
5440 93 12.399762 4.198503
5450 93 11.975465 4.291103
5460 93 11.554535 4.338835
5470 93 11.133604 4.386567
5480 93 10.712674 4.434299
5490 93 10.296795 4.537877
5500 93 9.881547 4.647422
5510 93 9.466300 4.756967
5520 93 9.066206 4.849806
5530 93 8.726304 4.874149
5540 93 8.386193 4.898731
5550 93 8.046292 4.923074
5560 93 7.708495 4.940258
5570 93 7.376171 4.940258
5580 93 7.043846 4.940258
5590 93 6.711522 4.940258
5600 93 6.405085 4.894435
5610 93 6.124535 4.802551
5620 93 5.843985 4.710667
5630 93 5.563224 4.619022
5640 93 5.193227 4.510670
5650 93 4.763457 4.391340
5660 93 4.346946 4.288239
5670 93 3.982842 4.249338
5680 93 3.618948 4.210675
5690 93 3.254843 4.172012
5700 93 2.859589 4.134781
5710 93 2.433398 4.098982
5720 93 2.007206 4.063183
5730 93 1.581014 4.027384
5740 93 1.243007 3.984664
5750 93 0.993185 3.934784
5760 93 0.743152 3.885143
5770 93 0.493330 3.835502
5780 93 0.243298 3.785622
5410 94 14.919661 3.330975
5420 94 14.476211 3.467488
5430 94 14.032761 3.603763
5440 94 13.604254 3.736219
5450 94 13.210474 3.859368
5460 94 12.816694 3.982516
5470 94 12.419757 4.098743
5480 94 12.011033 4.187525
5490 94 11.602100 4.276068
5500 94 11.193166 4.364849
5510 94 10.783390 4.481315
5520 94 10.373194 4.609714
5530 94 9.962997 4.738352
5540 94 9.553011 4.866751
5550 94 9.139237 5.077726
5560 94 8.724831 5.308987
5570 94 8.310215 5.540487
5580 94 7.853085 5.697287
5590 94 7.353020 5.779386
5600 94 6.853165 5.861246
5610 94 6.352468 5.948596
5620 94 5.849667 6.048117
5630 94 5.347077 6.147399
5640 94 4.844275 6.246920
5650 94 4.353681 6.276753
5660 94 3.868559 6.276753
5670 94 3.383227 6.276753
5680 94 2.897473 6.284629
5690 94 2.406248 6.364341
5700 94 1.915232 6.443815
5710 94 1.441686 6.528539
5720 94 1.125988 6.660518
5730 94 0.810291 6.792497
5740 94 0.494593 6.924237
5750 94 0.178895 7.056216
5420 95 14.768126 4.157215
5430 95 14.333937 4.261509
5440 95 13.899958 4.366042
5450 95 13.476712 4.464848
5460 95 13.079144 4.551004
5470 95 12.681786 4.637399
5480 95 12.284217 4.723555
5490 95 11.881808 4.819735
5500 95 11.477504 4.920210
5510 95 11.073201 5.020686
5520 95 10.668897 5.121162
5530 95 10.314685 5.303021
5540 95 9.965733 5.493949
5550 95 9.616993 5.684876
5560 95 9.208059 5.881293
5570 95 8.709046 6.085825
5580 95 8.210033 6.290356
5590 95 7.710810 6.494888
5600 95 7.240631 6.582476
5610 95 6.773609 6.657176
5620 95 6.306797 6.731638
5630 95 5.837881 6.784143
5640 95 5.368544 6.826864
5650 95 4.898996 6.869822
5660 95 4.429449 6.912542
5670 95 3.998837 6.929965
5680 95 3.577907 6.941182
5690 95 3.156977 6.952160
5700 95 2.736046 6.963377
5710 95 2.360156 7.002995
5720 95 2.029515 7.071251
5730 95 1.698664 7.139269
5740 95 1.368023 7.207526
5750 95 1.168292 7.385089
5760 95 0.968771 7.562413
5770 95 0.769040 7.739976
5780 95 0.586356 7.918971
5790 95 0.557943 8.112524
5800 95 0.529530 8.306077
5810 95 0.501117 8.499630
5820 95 0.472705 8.692945
5430 96 0.316329 2.629792
5440 96 0.845859 2.652942
5450 96 1.375389 2.676092
5460 96 1.904288 2.696856
5470 96 2.425400 2.696856
5480 96 2.946512 2.696856
5490 96 3.467623 2.696856
5500 96 3.988735 2.696856
5510 96 4.484380 2.765112
5520 96 4.977079 2.841245
5530 96 5.469778 2.917139
5540 96 5.962477 2.993033
5550 96 6.479589 3.041242
5560 96 7.021537 3.061528
5570 96 7.563274 3.081814
5580 96 8.105222 3.102100
5590 96 8.646959 3.122386
5600 96 9.163440 3.126443
5610 96 9.673608 3.126443
5620 96 10.183565 3.126443
5630 96 10.693732 3.126443
5640 96 11.203900 3.126443
5650 96 11.714067 3.126443
5660 96 12.225076 3.136706
5670 96 12.736086 3.147923
5680 96 13.247305 3.159378
5690 96 13.758315 3.170834
5700 96 14.269534 3.182051
5710 96 14.780754 3.193507
5430 97 0.315698 3.579897
5440 97 0.806713 3.553406
5450 97 1.297938 3.526915
5460 97 1.788953 3.500423
5470 97 2.273023 3.479183
5480 97 2.746570 3.465818
5490 97 3.220116 3.452691
5500 97 3.693663 3.439326
5510 97 4.175207 3.472739
5520 97 4.658645 3.518084
5530 97 5.142084 3.563191
5540 97 5.634993 3.608298
5550 97 6.212088 3.654598
5560 97 6.789184 3.700659
5570 97 7.366279 3.746959
5580 97 7.850980 3.768677
5590 97 8.335681 3.790395
5600 97 8.820382 3.812113
5610 97 9.337706 3.818557
5620 97 9.868709 3.818557
5630 97 10.399923 3.818557
5640 97 10.931137 3.818557
5650 97 11.461930 3.800657
5660 97 11.992512 3.764620
5670 97 12.522884 3.728582
5680 97 13.053467 3.692783
5690 97 13.583839 3.656745
5700 97 14.114422 3.620708
5710 97 14.645004 3.584909
5720 97 15.175376 3.548871
5710 98 14.964069 2.529794
5720 98 14.485682 2.630986
5730 98 14.007505 2.732177
5740 98 13.529118 2.833608
5750 98 13.062096 2.860338
5760 98 12.599915 2.855087
5770 98 12.137944 2.849837
5780 98 11.675762 2.844825
5790 98 11.213371 2.837188
5800 98 10.747822 2.808310
5810 98 10.282273 2.779193
5820 98 9.816514 2.750316
5830 98 9.383797 2.770363
5840 98 8.959289 2.802821
5850 98 8.534992 2.835278
5860 98 8.110483 2.867497
5870 98 7.685975 2.899955
5880 98 7.261467 2.932174
5890 98 6.791078 2.883726
5900 98 6.315427 2.826448
5910 98 5.839986 2.768931
5920 98 5.364545 2.711414
5930 98 4.889104 2.653897
5940 98 4.397668 2.644351
5950 98 3.890658 2.682297
5960 98 3.383648 2.720244
5970 98 2.876637 2.758191
5980 98 2.372573 2.789694
5990 98 1.895659 2.763203
6000 98 1.418535 2.736712
6010 98 0.941410 2.710221
6020 98 0.464496 2.683491
5860 99 0.479229 5.796808
5870 99 0.888163 5.789887
5880 99 1.297096 5.782966
5890 99 1.706030 5.776283
5900 99 2.105072 5.744303
5910 99 2.503062 5.709697
5920 99 2.901051 5.674853
5930 99 3.299041 5.640247
5940 99 3.696820 5.605403
5950 99 4.109121 5.572945
5960 99 4.543100 5.543828
5970 99 4.976868 5.514473
5980 99 5.410637 5.485357
5990 99 5.844406 5.456002
6000 99 6.297537 5.436670
6010 99 6.770031 5.426885
6020 99 7.242525 5.417100
6030 99 7.715020 5.407315
6040 99 8.187514 5.397530
6050 99 8.663375 5.411611
6060 99 9.141131 5.441443
6070 99 9.619097 5.471276
6080 99 10.097064 5.501108
6090 99 10.575030 5.530941
6100 99 10.938293 5.566263
6110 99 11.272932 5.603016
6120 99 11.607361 5.639770
6130 99 11.942001 5.676523
6140 99 12.343989 5.842631
6150 99 12.753554 6.023296
6160 99 13.163119 6.203961
6170 99 13.573737 6.400140
6180 99 13.988774 6.659324
6190 99 14.403601 6.918509
6200 99 14.818638 7.177455
5860 100 0.261819 4.935246
5870 100 0.623398 4.910903
5880 100 0.984766 4.886321
5890 100 1.346345 4.861977
5900 100 1.732970 4.833338
5910 100 2.177893 4.795391
5920 100 2.622606 4.757444
5930 100 3.067529 4.719498
5940 100 3.512452 4.681551
5950 100 3.959270 4.646468
5960 100 4.406508 4.611623
5970 100 4.853746 4.576779
5980 100 5.300985 4.541935
5990 100 5.748854 4.508284
6000 100 6.200302 4.483224
6010 100 6.651960 4.458404
6020 100 7.103618 4.433583
6030 100 7.555277 4.408762
6040 100 8.021036 4.407331
6050 100 8.519838 4.460313
6060 100 9.018851 4.513295
6070 100 9.517653 4.566278
6080 100 10.016666 4.619499
6090 100 10.515468 4.672482
6100 100 10.977229 4.733817
6110 100 11.434569 4.796107
6120 100 11.892121 4.858398
6130 100 12.349672 4.920449
6140 100 12.791648 5.035722
6150 100 13.196583 5.274382
6160 100 13.601729 5.513041
6170 100 14.006874 5.751701
6180 100 14.395813 5.966495
6190 100 14.746659 6.125681
6200 100 15.097294 6.284629
5920 101 14.562081 3.954116
5930 101 13.842501 3.938603
5940 101 13.122921 3.923328
5950 101 12.416389 3.866289
5960 101 11.729641 3.746959
5970 101 11.042683 3.627629
5980 101 10.355936 3.508299
5990 101 9.644774 3.432644
6000 101 8.917407 3.385867
6010 101 8.189829 3.339089
6020 101 7.462461 3.292551
6030 101 6.734884 3.245773
6040 101 6.062237 3.276799
6050 101 5.389801 3.308063
6060 101 4.717155 3.339089
6070 101 4.044508 3.370354
6080 101 3.360917 3.387060
6090 101 2.660910 3.382048
6100 101 1.960693 3.377275
6110 101 1.260686 3.372502
6120 101 0.560469 3.367490
6130 101 -0.139538 3.362717
5980 102 14.685413 3.531449
5990 102 13.875333 3.625481
6000 102 13.065464 3.719513
6010 102 12.280639 3.785383
6020 102 11.596628 3.739083
6030 102 10.912616 3.692544
6040 102 10.228604 3.646244
6050 102 9.537226 3.642426
6060 102 8.841218 3.666769
6070 102 8.145000 3.691351
6080 102 7.448781 3.715694
6090 102 6.750668 3.693260
6100 102 6.051714 3.650540
6110 102 5.352549 3.608059
6120 102 4.653594 3.565339
6130 102 3.954429 3.522857
6140 102 3.250213 3.481569
6150 102 2.498431 3.453169
6160 102 1.746860 3.424768
6170 102 0.995290 3.396368
6180 102 0.243508 3.367967
6070 103 0.131541 7.060034
6080 103 0.499855 6.864094
6090 103 0.868169 6.667916
6100 103 1.249531 6.468397
6110 103 1.748755 6.236419
6120 103 2.247767 6.004681
6130 103 2.746780 5.772942
6140 103 3.245582 5.653612
6150 103 3.743964 5.609699
6160 103 4.242556 5.565785
6170 103 4.740937 5.521872
6180 103 5.222271 5.419725
6190 103 5.699395 5.303021
6200 103 6.176520 5.186316
6210 103 6.653434 5.069611
6220 103 7.151394 4.979637
6230 103 7.697761 4.952191
6240 103 8.244129 4.924745
6250 103 8.790496 4.897060
6260 103 9.336864 4.869615
6270 103 9.877338 4.831429
6280 103 10.362881 4.696586
6290 103 10.848635 4.561982
6300 103 11.334388 4.427378
6310 103 11.823088 4.298502
6320 103 12.324205 4.192537
6330 103 12.825323 4.086333
6340 103 13.326440 3.980368
6350 103 13.827558 3.874165
6360 103 14.328675 3.768200
6370 103 14.829793 3.661996
6070 104 0.363263 8.043790
6080 104 0.729683 7.796300
6090 104 1.095892 7.548809
6100 104 1.477044 7.317071
6110 104 1.916495 7.148577
6120 104 2.355946 6.980083
6130 104 2.795398 6.811589
6140 104 3.278625 6.686532
6150 104 3.772798 6.572452
6160 104 4.266970 6.458373
6170 104 4.761142 6.344293
6180 104 5.263732 6.234987
6190 104 5.800418 6.145490
6200 104 6.337104 6.055992
6210 104 6.873790 5.966495
6220 104 7.401637 5.887976
6230 104 7.894546 5.852893
6240 104 8.387245 5.818049
6250 104 8.880154 5.783204
6260 104 9.374537 5.745735
6270 104 9.883021 5.686070
6280 104 10.391715 5.626405
6290 104 10.900409 5.566740
6300 104 11.392055 5.435954
6310 104 11.867075 5.234048
6320 104 12.341884 5.032142
6330 104 12.816694 4.829997
6340 104 13.282874 4.715918
6350 104 13.742951 4.660549
6360 104 14.203027 4.604941
6370 104 14.663104 4.549572
6380 104 15.123181 4.493964
6130 105 15.153488 4.062706
6140 105 14.522093 4.154590
6150 105 13.890697 4.246235
6160 105 13.261617 4.315924
6170 105 12.641166 4.297070
6180 105 12.020925 4.278216
6190 105 11.400474 4.259361
6200 105 10.772025 4.241701
6210 105 10.130949 4.225472
6220 105 9.490082 4.209004
6230 105 8.849006 4.192775
6240 105 8.208139 4.176546
6250 105 7.634201 4.279648
6260 105 7.060052 4.382749
6270 105 6.486114 4.485611
6280 105 5.912175 4.588712
6290 105 5.351075 4.687278
6300 105 4.798604 4.782742
6310 105 4.246134 4.878206
6320 105 3.693663 4.973670
6330 105 3.122881 4.997059
6340 105 2.540103 4.972716
6350 105 1.957326 4.948134
6360 105 1.374548 4.923790
6370 105 0.811974 4.863648
6380 105 0.258030 4.788232
6140 106 14.784543 3.214032
6150 106 14.124945 3.253649
6160 106 13.465558 3.293505
6170 106 12.817325 3.324054
6180 106 12.185930 3.340760
6190 106 11.554535 3.357227
6200 106 10.923139 3.373934
6210 106 10.292796 3.390162
6220 106 9.671293 3.401379
6230 106 9.050000 3.412835
6240 106 8.428707 3.424291
6250 106 7.807203 3.435508
6260 106 7.267571 3.481330
6270 106 6.736988 3.531210
6280 106 6.206616 3.580852
6290 106 5.676034 3.630493
6300 106 5.135980 3.683714
6310 106 4.509846 3.767245
6320 106 3.883713 3.850776
6330 106 3.257369 3.934307
6340 106 2.635023 4.006859
6350 106 2.046773 3.979652
6360 106 1.458523 3.952445
6370 106 0.870063 3.925476
6380 106 0.281813 3.898269
6280 107 0.142064 2.480630
6290 107 0.720843 2.465594
6300 107 1.299622 2.450797
6310 107 1.878401 2.435762
6320 107 2.411720 2.451752
6330 107 2.939987 2.471322
6340 107 3.468465 2.490892
6350 107 3.996732 2.510224
6360 107 4.525000 2.529794
6370 107 5.019172 2.560820
6380 107 5.513344 2.592084
6390 107 6.007306 2.623110
6400 107 6.501478 2.654374
6410 107 7.025536 2.679195
6420 107 7.594213 2.694230
6430 107 8.162889 2.709505
6440 107 8.731566 2.724779
6450 107 9.300243 2.740053
6460 107 9.870182 2.753418
6470 107 10.440753 2.765828
6480 107 11.011114 2.778477
6490 107 11.581685 2.791126
6500 107 12.137523 2.735041
6510 107 12.691678 2.671319
6520 107 13.246043 2.607836
6530 107 13.800197 2.544113
6540 107 14.354352 2.480391
6550 107 14.908717 2.416908
6290 108 0.222672 3.077995
6300 108 0.765883 3.070358
6310 108 1.308883 3.062483
6320 108 1.852093 3.054845
6330 108 2.406248 3.088974
6340 108 2.960192 3.123102
6350 108 3.514346 3.157230
6360 108 4.068501 3.191120
6370 108 4.620341 3.226442
6380 108 5.152396 3.271549
6390 108 5.684452 3.316417
6400 108 6.216718 3.361523
6410 108 6.748774 3.406630
6420 108 7.280830 3.451498
6430 108 7.842140 3.477273
6440 108 8.410817 3.498275
6450 108 8.979494 3.519277
6460 108 9.548171 3.540041
6470 108 10.116637 3.561043
6480 108 10.682367 3.579420
6490 108 11.221789 3.574408
6500 108 11.761001 3.569396
6510 108 12.300423 3.564384
6520 108 12.839634 3.559611
6530 108 13.390843 3.556031
6540 108 13.969622 3.556031
6550 108 14.548401 3.556031
6560 108 15.127180 3.556031
6400 109 0.448080 3.412835
6410 109 0.936991 3.412835
6420 109 1.425691 3.412835
6430 109 1.919652 3.417131
6440 109 2.425189 3.430973
6450 109 2.930727 3.445054
6460 109 3.436053 3.459135
6470 109 3.941591 3.473216
6480 109 4.447128 3.487297
6490 109 4.952665 3.501378
6500 109 5.458202 3.515220
6510 109 5.963739 3.529301
6520 109 6.469277 3.543382
6530 109 6.976497 3.558418
6540 109 7.498240 3.581806
6550 109 8.019983 3.605434
6560 109 8.541726 3.629061
6570 109 9.063259 3.652450
6580 109 9.585002 3.676077
6590 109 10.106745 3.699466
6600 109 10.628488 3.723093
6610 109 11.198217 3.681805
6620 109 11.767736 3.640278
6630 109 12.337465 3.598990
6640 109 12.907194 3.557702
6650 109 13.476712 3.516175
6660 109 14.046441 3.474887
6670 109 14.616170 3.433599
6680 109 15.185689 3.392072
6400 110 0.398831 2.562490
6410 110 0.919312 2.606404
6420 110 1.440002 2.650317
6430 110 1.960693 2.694230
6440 110 2.475491 2.724302
6450 110 2.981238 2.733609
6460 110 3.487196 2.742678
6470 110 3.993155 2.751986
6480 110 4.499113 2.761055
6490 110 4.999599 2.769886
6500 110 5.478828 2.777284
6510 110 5.958057 2.784683
6520 110 6.437286 2.791842
6530 110 6.916515 2.799241
6540 110 7.395744 2.806639
6550 110 7.874973 2.814038
6560 110 8.417342 2.813799
6570 110 8.986860 2.810219
6580 110 9.556379 2.806639
6590 110 10.125897 2.803298
6600 110 10.695416 2.799718
6610 110 11.264935 2.796138
6620 110 11.834243 2.792558
6630 110 12.393869 2.775852
6640 110 12.952444 2.757475
6650 110 13.511018 2.739099
6660 110 14.069593 2.720722
6670 110 14.628167 2.702345
6480 111 14.943023 5.274382
6490 111 14.485893 5.414236
6500 111 14.028552 5.554091
6510 111 13.576894 5.682251
6520 111 13.175747 5.704685
6530 111 12.774601 5.727119
6540 111 12.373454 5.749553
6550 111 12.143837 5.731176
6560 111 11.933372 5.708504
6570 111 11.540433 5.696093
6580 111 11.102035 5.686070
6590 111 10.664688 5.693230
6600 111 10.229236 5.726165
6610 111 9.793783 5.759100
6620 111 9.385481 5.764350
6630 111 9.003908 5.741916
6640 111 8.622545 5.719721
6650 111 8.241393 5.699435
6660 111 7.861293 5.683922
6670 111 7.480982 5.668648
6680 111 7.084045 5.648123
6690 111 6.619549 5.606835
6700 111 6.155052 5.565785
6710 111 5.705709 5.556716
6720 111 5.292145 5.622586
6730 111 4.878371 5.688218
6740 111 4.464175 5.727835
6750 111 4.048928 5.727835
6760 111 3.633680 5.727835
6770 111 3.218432 5.727835
6780 111 2.803185 5.718766
6790 111 2.387937 5.705878
6800 111 1.972689 5.692991
6810 111 1.557442 5.680103
6820 111 1.212069 5.612801
6830 111 0.866695 5.545499
6840 111 0.521322 5.478197
6850 111 0.175949 5.410895
6510 112 14.877147 4.440743
6520 112 14.449061 4.623556
6530 112 14.021186 4.806608
6540 112 13.557741 4.904936
6550 112 13.041260 4.875820
6560 112 12.524568 4.846942
6570 112 12.013138 4.817348
6580 112 11.549062 4.780594
6590 112 11.084987 4.743841
6600 112 10.620911 4.707087
6610 112 10.169885 4.683937
6620 112 9.770422 4.714486
6630 112 9.371169 4.745034
6640 112 8.971707 4.775583
6650 112 8.569297 4.797062
6660 112 8.159311 4.797062
6670 112 7.749536 4.797062
6680 112 7.339760 4.797062
6690 112 6.920093 4.806370
6700 112 6.490954 4.825224
6710 112 6.061816 4.843839
6720 112 5.632678 4.862693
6730 112 5.203539 4.881309
6740 112 4.779452 4.883934
6750 112 4.363363 4.862216
6760 112 3.947273 4.840498
6770 112 3.530973 4.818780
6780 112 3.114884 4.797062
6790 112 2.685956 4.824508
6800 112 2.256817 4.852192
6810 112 1.827889 4.879638
6820 112 1.398751 4.907323
6830 112 0.969823 4.934769
6840 112 0.631395 4.801358
6850 112 0.315698 4.627852
6520 113 15.008898 5.192044
6530 113 14.615118 5.322830
6540 113 14.221338 5.453854
6550 113 13.827558 5.584639
6560 113 13.385581 5.568649
6570 113 12.943604 5.552898
6580 113 12.501628 5.536907
6590 113 11.967888 5.494187
6600 113 11.434359 5.451706
6610 113 10.917457 5.421396
6620 113 10.468114 5.440727
6630 113 10.018771 5.460059
6640 113 9.569428 5.479390
6650 113 9.147445 5.459343
6660 113 8.752823 5.399678
6670 113 8.358201 5.340013
6680 113 7.971787 5.300634
6690 113 7.605157 5.308271
6700 113 7.238737 5.315908
6710 113 6.860110 5.322114
6720 113 6.434129 5.322114
6730 113 6.008358 5.322114
6740 113 5.582377 5.322114
6750 113 5.156395 5.322114
6760 113 4.735465 5.351946
6770 113 4.314535 5.381778
6780 113 3.893605 5.411611
6790 113 3.472674 5.441443
6800 113 3.058479 5.465309
6810 113 2.670592 5.465309
6820 113 2.282915 5.465309
6830 113 1.895238 5.465309
6840 113 1.508403 5.428078
6850 113 1.122410 5.335478
6860 113 0.736628 5.242640
6870 113 0.350845 5.149801
6530 114 0.315698 6.229021
6540 114 0.751150 6.179618
6550 114 1.186602 6.130216
6560 114 1.623949 6.082484
6570 114 2.078974 6.050265
6580 114 2.534210 6.018046
6590 114 2.989236 5.985826
6600 114 3.444682 5.966495
6610 114 3.900550 5.966495
6620 114 4.356628 5.966495
6630 114 4.812706 5.966495
6640 114 5.263732 5.985110
6650 114 5.694975 6.078188
6660 114 6.126008 6.171504
6670 114 6.557251 6.264581
6680 114 6.990809 6.340952
6690 114 7.444572 6.266252
6700 114 7.898335 6.191790
6710 114 8.352097 6.117089
6720 114 8.848164 5.983678
6730 114 9.349071 5.843824
6740 114 9.849767 5.703969
6750 114 10.344992 5.703969
6760 114 10.840216 5.703969
6770 114 11.335440 5.703969
6780 114 11.827087 5.734040
6790 114 12.316629 5.783920
6800 114 12.806171 5.833800
6810 114 13.295502 5.883680
6820 114 13.758946 5.954562
6830 114 14.161145 6.073892
6840 114 14.563554 6.193222
6850 114 14.965963 6.312552
6530 115 0.210465 6.945000
6540 115 0.759569 6.924237
6550 115 1.308462 6.903473
6560 115 1.826837 6.863856
6570 115 2.331953 6.816124
6580 115 2.837070 6.768392
6590 115 3.292516 6.748822
6600 115 3.726495 6.741423
6610 115 4.160685 6.734025
6620 115 4.611291 6.724479
6630 115 5.078313 6.712784
6640 115 5.545545 6.701090
6650 115 6.012567 6.689396
6660 115 6.490113 6.679849
6670 115 6.983022 6.673644
6680 115 7.475931 6.667439
6690 115 7.968840 6.661234
6700 115 8.447649 6.597989
6710 115 8.917196 6.497036
6720 115 9.386744 6.396083
6730 115 9.903436 6.341907
6740 115 10.419917 6.287492
6750 115 10.923771 6.270070
6760 115 11.424678 6.261956
6770 115 11.925374 6.253603
6780 115 12.474267 6.310165
6790 115 13.028422 6.373887
6800 115 13.582787 6.437371
6810 115 13.981197 6.583192
6820 115 14.362350 6.737843
6830 115 14.743291 6.892734
6840 115 15.124444 7.047624
6530 116 0.273605 3.675361
6540 116 0.694535 3.729059
6550 116 1.115465 3.782758
6560 116 1.536395 3.836456
6570 116 1.957326 3.890155
6580 116 2.384359 3.965094
6590 116 2.811182 4.040272
6600 116 3.238216 4.115211
6610 116 3.698924 4.155544
6620 116 4.193517 4.161511
6630 116 4.688110 4.167477
6640 116 5.182703 4.173444
6650 116 5.685504 4.139077
6660 116 6.196724 4.064138
6670 116 6.707734 3.988960
6680 116 7.218953 3.914021
6690 116 7.679661 4.017122
6700 116 8.140370 4.120461
6710 116 8.601288 4.223562
6720 116 9.076097 4.313299
6730 116 9.584371 4.371532
6740 116 10.092644 4.429765
6750 116 10.600707 4.487998
6760 116 11.105192 4.552674
6770 116 11.594102 4.644081
6780 116 12.083223 4.735249
6790 116 12.572133 4.826656
6800 116 13.039787 4.945986
6810 116 13.501968 5.072237
6820 116 13.964150 5.198488
6830 116 14.426331 5.324977
6840 116 14.888512 5.451228
6600 117 0.527215 4.676539
6610 117 0.953196 4.670811
6620 117 1.379388 4.664844
6630 117 1.805370 4.659117
6640 117 2.234087 4.648854
6650 117 2.687429 4.599929
6660 117 3.140771 4.551004
6670 117 3.594113 4.502078
6680 117 4.043245 4.443129
6690 117 4.475961 4.343608
6700 117 4.908467 4.244087
6710 117 5.341184 4.144805
6720 117 5.800839 4.110915
6730 117 6.278806 4.120939
6740 117 6.756772 4.130724
6750 117 7.234738 4.140748
6760 117 7.712704 4.150771
6770 117 8.179306 4.183945
6780 117 8.643171 4.222846
6790 117 9.107036 4.261748
6800 117 9.571111 4.300650
6810 117 10.034976 4.339790
6820 117 10.535883 4.352200
6830 117 11.041000 4.361746
6840 117 11.546116 4.371293
6850 117 12.051232 4.380839
6860 117 12.556348 4.390386
6870 117 13.030316 4.374395
6880 117 13.500705 4.355780
6890 117 13.971095 4.337165
6900 117 14.441695 4.318310
6910 117 14.912084 4.299695
6610 118 0.556470 3.836218
6620 118 0.995921 3.871301
6630 118 1.435583 3.906384
6640 118 1.877770 3.933113
6650 118 2.344792 3.886575
6660 118 2.812024 3.840036
6670 118 3.279046 3.793498
6680 118 3.746279 3.746959
6690 118 4.172681 3.661280
6700 118 4.598873 3.575601
6710 118 5.025275 3.489922
6720 118 5.457571 3.411642
6730 118 5.943114 3.399470
6740 118 6.428867 3.387060
6750 118 6.914621 3.374888
6760 118 7.405846 3.361523
6770 118 7.919171 3.344101
6780 118 8.432495 3.326679
6790 118 8.945819 3.309257
6800 118 9.456197 3.304722
6810 118 9.940267 3.415938
6820 118 10.424337 3.527392
6830 118 10.907144 3.632641
6840 118 11.379217 3.683237
6850 118 11.851080 3.733833
6860 118 12.323153 3.784667
6870 118 12.775232 3.729059
6880 118 13.222471 3.646960
6890 118 13.669709 3.564861
6900 118 14.156094 3.525960
6910 118 14.668576 3.515459
6920 118 15.180848 3.505196
6770 119 14.986800 3.722138
6780 119 14.372241 3.712592
6790 119 13.757683 3.703045
6800 119 13.161646 3.536461
6810 119 12.578237 3.265343
6820 119 12.021346 3.050550
6830 119 11.504865 2.920241
6840 119 10.971125 2.808071
6850 119 10.368774 2.766783
6860 119 9.766212 2.725734
6870 119 9.177542 2.692321
6880 119 8.620861 2.676808
6890 119 8.064181 2.661534
6900 119 7.508132 2.646976
6910 119 6.954399 2.636713
6920 119 6.400875 2.626212
6930 119 5.847352 2.615950
6940 119 5.293618 2.605449
6950 119 4.763457 2.626928
6960 119 4.249080 2.669171
6970 119 3.734493 2.711653
6980 119 3.220116 2.754134
6990 119 2.705950 2.782057
7000 119 2.194941 2.679911
7010 119 1.683721 2.577526
7020 119 1.216699 2.644589
7030 119 0.749677 2.711653
7040 119 0.282865 2.778955
6810 120 0.708426 3.953638
6820 120 0.964772 4.005666
6830 120 1.221329 4.057933
6840 120 1.495565 4.105665
6850 120 1.930176 4.113302
6860 120 2.364576 4.121177
6870 120 2.799186 4.128815
6880 120 3.220116 4.140509
6890 120 3.641046 4.152203
6900 120 4.061977 4.163659
6910 120 4.482907 4.175353
6920 120 4.970134 4.240985
6930 120 5.464727 4.312583
6940 120 5.959320 4.384181
6950 120 6.453913 4.455778
6960 120 6.921566 4.534536
6970 120 7.386483 4.614010
6980 120 7.851190 4.693722
6990 120 8.316108 4.773196
7000 120 8.784182 4.845271
7010 120 9.283406 4.850999
7020 120 9.782629 4.856488
7030 120 10.281852 4.861977
7040 120 10.781286 4.867467
7050 120 11.280298 4.846942
7060 120 11.779522 4.819496
7070 120 12.278534 4.792289
7080 120 12.789333 4.754819
7090 120 13.327914 4.693722
7100 120 13.866283 4.632864
7110 120 14.404653 4.571767
7120 120 14.943023 4.510670
6810 121 0.160374 3.224771
6820 121 0.548472 3.217373
6830 121 0.936570 3.209974
6840 121 1.324667 3.202576
6850 121 1.762435 3.195655
6860 121 2.275128 3.189450
6870 121 2.787821 3.183244
6880 121 3.300514 3.177278
6890 121 3.795949 3.209497
6900 121 4.274336 3.279902
6910 121 4.752723 3.350545
6920 121 5.231110 3.420950
6930 121 5.715180 3.484433
6940 121 6.252077 3.484433
6950 121 6.788973 3.484433
6960 121 7.325870 3.484433
6970 121 7.862766 3.484433
6980 121 8.389350 3.489206
6990 121 8.874682 3.513550
7000 121 9.360015 3.537893
7010 121 9.845558 3.562475
7020 121 10.330890 3.586818
7030 121 10.829061 3.594217
7040 121 11.357539 3.562475
7050 121 11.886228 3.530494
7060 121 12.414705 3.498753
7070 121 12.943183 3.467011
7080 121 13.456508 3.495650
7090 121 13.966044 3.539802
7100 121 14.475580 3.583716
7110 121 14.985116 3.627629
6980 122 0.231512 3.174175
6990 122 0.736628 3.346010
7000 122 1.241744 3.517845
7010 122 1.743283 3.671304
7020 122 2.241453 3.806624
7030 122 2.739624 3.941944
7040 122 3.240531 4.049341
7050 122 3.744385 4.128815
7060 122 4.248238 4.208288
7070 122 4.764509 4.266999
7080 122 5.331292 4.242655
7090 122 5.897864 4.218073
7100 122 6.464436 4.193730
7110 122 7.027220 4.180604
7120 122 7.580322 4.194207
7130 122 8.133635 4.207811
7140 122 8.686737 4.221653
7150 122 9.232683 4.210198
7160 122 9.776946 4.192775
7170 122 10.320999 4.175353
7180 122 10.865051 4.157931
7190 122 11.381953 4.130485
7200 122 11.887069 4.098505
7210 122 12.392186 4.066763
7220 122 12.897302 4.035021
7230 122 13.401787 3.971060
7240 122 13.904377 3.778462
7250 122 14.406758 3.586102
7260 122 14.909138 3.393504
6980 123 -0.049880 4.266760
6990 123 0.495856 4.399216
7000 123 1.041381 4.531911
7010 123 1.587117 4.664367
7020 123 2.102546 4.749330
7030 123 2.614608 4.828804
7040 123 3.126880 4.908516
7050 123 3.659778 4.983933
7060 123 4.194780 5.058872
7070 123 4.729993 5.133811
7080 123 5.277834 5.200874
7090 123 5.844406 5.256005
7100 123 6.411188 5.311135
7110 123 6.977760 5.366266
7120 123 7.501187 5.405883
7130 123 7.981468 5.430465
7140 123 8.461750 5.454808
7150 123 8.942031 5.479390
7160 123 9.451778 5.493471
7170 123 9.981097 5.500631
7180 123 10.510417 5.508030
7190 123 11.040579 5.477242
7200 123 11.572214 5.357913
7210 123 12.104059 5.238583
7220 123 12.635694 5.119253
7230 123 13.156384 4.977966
7240 123 13.665920 4.814723
7250 123 14.175457 4.651241
7260 123 14.684993 4.487998
7010 124 0.403672 3.907577
7020 124 0.907526 3.965333
7030 124 1.411379 4.023327
7040 124 1.915232 4.081083
7050 124 2.422453 4.203515
7060 124 2.929885 4.325948
7070 124 3.437106 4.448141
7080 124 3.948536 4.565562
7090 124 4.497639 4.638353
7100 124 5.046532 4.710906
7110 124 5.595636 4.783458
7120 124 6.144739 4.856250
7130 124 6.679110 4.894912
7140 124 7.198749 4.899924
7150 124 7.718387 4.904698
7160 124 8.238236 4.909471
7170 124 8.757874 4.914483
7180 124 9.273724 4.928325
7190 124 9.786628 4.948134
7200 124 10.299742 4.968181
7210 124 10.812645 4.987990
7220 124 11.325759 5.007799
7230 124 11.859078 4.983694
7240 124 12.397658 4.948611
7250 124 12.936238 4.913528
7260 124 13.453351 4.834293
7270 124 13.938683 4.688233
7280 124 14.423805 4.542412
7290 124 14.909138 4.396591
7010 125 0.148799 3.285868
7020 125 0.705058 3.311405
7030 125 1.261317 3.336941
7040 125 1.817577 3.362478
7050 125 2.346686 3.477273
7060 125 2.872849 3.602092
7070 125 3.399012 3.726911
7080 125 3.925174 3.851731
7090 125 4.468174 3.930250
7100 125 5.027801 3.962946
7110 125 5.587428 3.995404
7120 125 6.147054 4.027861
7130 125 6.700788 4.056262
7140 125 7.201274 4.045522
7150 125 7.701550 4.035021
7160 125 8.202036 4.024282
7170 125 8.702522 4.013781
7180 125 9.212689 4.045284
7190 125 9.729171 4.104949
7200 125 10.245862 4.164614
7210 125 10.762344 4.224278
7220 125 11.283876 4.269385
7230 125 11.824140 4.256498
7240 125 12.364615 4.243610
7250 125 12.904879 4.230722
7260 125 13.395473 4.168671
7270 125 13.835976 4.057694
7280 125 14.276480 3.946717
7290 125 14.716983 3.835740
7300 125 15.157487 3.724763
7300 126 14.989325 5.582253
7310 126 14.694674 5.590128
7320 126 14.400023 5.598243
7330 126 14.105372 5.606119
7340 126 13.801881 5.608505
7350 126 13.494812 5.608505
7360 126 13.187533 5.608505
7370 126 12.880465 5.608505
7380 126 12.518044 5.661488
7390 126 12.155623 5.714470
7400 126 11.792991 5.767691
7410 126 11.401737 5.808741
7420 126 10.967337 5.831652
7430 126 10.532726 5.854802
7440 126 10.117689 5.880816
7450 126 9.747902 5.913035
7460 126 9.378115 5.945254
7470 126 9.008538 5.977473
7480 126 8.592238 6.029740
7490 126 8.145000 6.095371
7500 126 7.697761 6.161003
7510 126 7.250523 6.226634
7520 126 6.832329 6.290595
7530 126 6.433497 6.353363
7540 126 6.034877 6.416130
7550 126 5.636045 6.478898
7560 126 5.258681 6.527107
7570 126 4.886789 6.571498
7580 126 4.514687 6.615888
7590 126 4.142795 6.660279
7600 126 3.785425 6.704670
7610 126 3.442788 6.749060
7620 126 3.100151 6.793451
7630 126 2.757514 6.837842
7640 126 2.437396 6.892256
7650 126 2.207358 6.986527
7660 126 1.977320 7.081036
7670 126 1.747281 7.175307
7680 126 1.517243 7.269577
7690 126 1.294571 7.476496
7700 126 1.072741 7.695824
7710 126 0.850910 7.915152
7720 126 0.665280 8.130423
7730 126 0.624450 8.329227
7740 126 0.583409 8.528031
7750 126 0.542579 8.727073
7330 127 14.770020 3.061528
7340 127 14.325729 3.214032
7350 127 13.881437 3.366535
7360 127 13.436934 3.518800
7370 127 12.993695 3.554122
7380 127 12.551297 3.511402
7390 127 12.108689 3.468443
7400 127 11.666291 3.425723
7410 127 11.235048 3.417131
7420 127 10.808857 3.423098
7430 127 10.382665 3.429064
7440 127 9.956683 3.435030
7450 127 9.507340 3.436701
7460 127 9.048106 3.436701
7470 127 8.588871 3.436701
7480 127 8.129636 3.436701
7490 127 7.689132 3.444816
7500 127 7.291985 3.471784
7510 127 6.894837 3.498753
7520 127 6.497900 3.525960
7530 127 6.100752 3.552928
7540 127 5.703604 3.579897
7550 127 5.332975 3.683714
7560 127 4.962346 3.787531
7570 127 4.591717 3.891109
7580 127 4.221299 3.994926
7590 127 3.884134 4.128815
7600 127 3.597059 4.307809
7610 127 3.309985 4.486804
7620 127 3.023121 4.665799
7630 127 2.736046 4.844794
7640 127 2.495485 4.986081
7650 127 2.254923 5.127367
7660 127 2.014362 5.268654
7670 127 1.774010 5.409702
7680 127 1.536816 5.553136
7690 127 1.329929 5.714948
7700 127 1.123042 5.876759
7710 127 0.916155 6.038570
7720 127 0.709057 6.200382
7730 127 0.502170 6.362193
7740 127 0.295283 6.524004
7340 128 14.670891 4.590144
7350 128 14.305945 4.550526
7360 128 13.941209 4.510670
7370 128 13.547850 4.479883
7380 128 13.111555 4.462461
7390 128 12.675051 4.444800
7400 128 12.238757 4.427378
7410 128 11.803936 4.402557
7420 128 11.372482 4.360792
7430 128 10.941029 4.319026
7440 128 10.509575 4.277261
7450 128 10.079595 4.258168
7460 128 9.652772 4.291342
7470 128 9.225949 4.324277
7480 128 8.799125 4.357451
7490 128 8.379037 4.404944
7500 128 7.961685 4.458404
7510 128 7.544543 4.511864
7520 128 7.127190 4.565323
7530 128 6.709838 4.618783
7540 128 6.292486 4.672482
7550 128 5.960793 4.730237
7560 128 5.638781 4.788709
7570 128 5.316559 4.847181
7580 128 4.994548 4.905652
7590 128 4.672325 4.964124
7600 128 4.290542 5.075101
7610 128 3.908758 5.186077
7620 128 3.526974 5.297054
7630 128 3.145191 5.408031
7640 128 2.782770 5.559580
7650 128 2.428557 5.728313
7660 128 2.074344 5.897284
7670 128 1.720131 6.066016
7680 128 1.400014 6.251932
7690 128 1.102627 6.449065
7700 128 0.805240 6.646198
7710 128 0.507852 6.843331
7720 128 0.210465 7.040464
7330 129 14.997533 5.395621
7340 129 14.650687 5.331183
7350 129 14.303630 5.266744
7360 129 13.956783 5.202068
7370 129 13.609726 5.137630
7380 129 13.156595 5.131186
7390 129 12.691467 5.131186
7400 129 12.226550 5.131186
7410 129 11.761632 5.131186
7420 129 11.333546 5.143119
7430 129 10.930085 5.162927
7440 129 10.526833 5.182975
7450 129 10.123372 5.202784
7460 129 9.719910 5.222592
7470 129 9.270146 5.266983
7480 129 8.808807 5.317579
7490 129 8.347467 5.367936
7500 129 7.885917 5.418532
7510 129 7.424578 5.468889
7520 129 7.028693 5.535953
7530 129 6.676795 5.614233
7540 129 6.324687 5.692275
7550 129 5.972579 5.770317
7560 129 5.620471 5.848358
7570 129 5.263311 5.921627
7580 129 4.859639 5.950982
7590 129 4.455757 5.980099
7600 129 4.052085 6.009454
7610 129 3.648413 6.038570
7620 129 3.270417 6.082484
7630 129 2.995550 6.184630
7640 129 2.720682 6.287015
7650 129 2.445605 6.389161
7660 129 2.170737 6.491547
7670 129 1.865142 6.613740
7680 129 1.487567 6.782234
7690 129 1.109993 6.950728
7700 129 0.732208 7.118983
7710 129 0.602351 7.317787
7720 129 0.499644 7.519693
7730 129 0.397148 7.721599
7740 129 0.294651 7.923505
7360 130 14.921976 4.176546
7370 130 14.444220 4.008769
7380 130 13.966254 3.841229
7390 130 13.488498 3.673452
7400 130 12.996221 3.528108
7410 130 12.470058 3.435269
7420 130 11.943895 3.342669
7430 130 11.417732 3.249830
7440 130 10.837269 3.111885
7450 130 10.233655 2.955086
7460 130 9.629831 2.798047
7470 130 9.026217 2.641009
7480 130 8.512051 2.635282
7490 130 8.007987 2.646260
7500 130 7.503713 2.657477
7510 130 6.999649 2.668455
7520 130 6.524418 2.700197
7530 130 6.068341 2.745781
7540 130 5.612473 2.791126
7550 130 5.156395 2.836710
7560 130 4.701159 2.916661
7570 130 4.246975 3.048640
7580 130 3.792792 3.180380
7590 130 3.338608 3.312359
7600 130 2.999970 3.473455
7610 130 2.738151 3.653882
7620 130 2.476332 3.834308
7630 130 2.214514 4.014735
7640 130 1.937752 4.210675
7650 130 1.645837 4.422366
7660 130 1.354133 4.633819
7670 130 1.062428 4.845271
7680 130 0.777458 5.053383
7690 130 0.553313 5.230468
7700 130 0.329378 5.407554
7710 130 0.105233 5.584639
7500 131 15.006162 4.224278
7510 131 14.480000 4.295876
7520 131 13.953837 4.367474
7530 131 13.427674 4.439072
7540 131 12.852052 4.474155
7550 131 12.276219 4.509238
7560 131 11.700597 4.544321
7570 131 11.185589 4.581791
7580 131 10.710780 4.620454
7590 131 10.235971 4.659355
7600 131 9.761161 4.698257
7610 131 9.275618 4.731669
7620 131 8.765240 4.751955
7630 131 8.254652 4.772241
7640 131 7.744274 4.792527
7650 131 7.233686 4.812814
7660 131 6.774661 4.823553
7670 131 6.349732 4.828088
7680 131 5.924803 4.832622
7690 131 5.499874 4.837157
7700 131 5.074945 4.841691
7710 131 4.636336 4.853147
7720 131 4.165946 4.881309
7730 131 3.695557 4.909471
7740 131 3.225167 4.937394
7750 131 2.754567 4.965556
7760 131 2.284388 4.994911
7770 131 1.815262 5.029755
7780 131 1.346135 5.064600
7790 131 0.877008 5.099444
7800 131 0.407671 5.134050
7810 131 -0.061456 5.168894
7630 132 0.081029 3.313075
7640 132 0.582567 3.327156
7650 132 1.083895 3.341237
7660 132 1.585223 3.355318
7670 132 2.102967 3.373695
7680 132 2.658595 3.402334
7690 132 3.214223 3.430973
7700 132 3.769851 3.459612
7710 132 4.325479 3.488252
7720 132 4.848485 3.517129
7730 132 5.295092 3.546246
7740 132 5.741909 3.575601
7750 132 6.188516 3.604718
7760 132 6.635334 3.634073
7770 132 7.106144 3.610207
7780 132 7.613154 3.507106
7790 132 8.120165 3.404243
7800 132 8.627175 3.301142
7810 132 9.134186 3.198041
7820 132 9.656771 3.222623
7830 132 10.179355 3.247444
7840 132 10.700467 3.276799
7850 132 11.209793 3.348397
7860 132 11.719118 3.419995
7870 132 12.228444 3.491593
7880 132 12.737769 3.563191
7890 132 13.248358 3.630016
7900 132 13.771153 3.652927
7910 132 14.293948 3.676077
7920 132 14.816744 3.699227
7670 133 15.131179 4.620931
7680 133 14.644373 4.650764
7690 133 14.157777 4.680596
7700 133 13.670972 4.710428
7710 133 13.181219 4.691336
7720 133 12.688100 4.623079
7730 133 12.194980 4.555061
7740 133 11.701860 4.486804
7750 133 11.228314 4.533104
7760 133 10.754767 4.579643
7770 133 10.281221 4.625943
7780 133 9.848715 4.681073
7790 133 9.477875 4.749330
7800 133 9.107036 4.817587
7810 133 8.736407 4.885605
7820 133 8.369145 4.959112
7830 133 8.016826 5.053383
7840 133 7.664297 5.147892
7850 133 7.311979 5.242163
7860 133 6.959450 5.336433
7870 133 6.527786 5.487027
7880 133 6.087072 5.643588
7890 133 5.646358 5.800149
7900 133 5.227532 5.955517
7910 133 4.817967 6.110407
7920 133 4.408402 6.265058
7930 133 3.998837 6.419949
7940 133 3.612002 6.516606
7950 133 3.225167 6.613502
7960 133 2.838332 6.710159
7970 133 2.465599 6.830682
7980 133 2.125066 7.006097
7990 133 1.784534 7.181512
8000 133 1.444212 7.356927
8010 133 1.262791 7.547616
8020 133 1.099049 7.739976
8030 133 0.935307 7.932097
8040 133 0.789244 8.128514
8050 133 0.684012 8.334716
8060 133 0.578779 8.540680
8070 133 0.473546 8.746882
8080 133 0.368314 8.953084
7700 134 14.932500 3.518800
7710 134 14.353720 3.570828
7720 134 13.774941 3.623094
7730 134 13.196162 3.675361
7740 134 12.713355 3.731446
7750 134 12.230548 3.787770
7760 134 11.747741 3.843855
7770 134 11.235259 3.894212
7780 134 10.703414 3.940512
7790 134 10.171358 3.987051
7800 134 9.639302 4.033351
7810 134 9.144919 4.099937
7820 134 8.650537 4.166523
7830 134 8.156154 4.233109
7840 134 7.661982 4.299695
7850 134 7.215586 4.431197
7860 134 6.790025 4.590144
7870 134 6.364465 4.749330
7880 134 5.938904 4.908516
7890 134 5.511871 5.051712
7900 134 5.079154 5.131186
7910 134 4.646649 5.210659
7920 134 4.213932 5.290372
7930 134 3.794896 5.432374
7940 134 3.384700 5.615904
7950 134 2.974503 5.799433
7960 134 2.564517 5.982963
7970 134 2.164002 6.146206
7980 134 1.767907 6.300619
7990 134 1.371812 6.455032
8000 134 0.997815 6.675076
8010 134 0.675383 7.047863
8020 134 0.353160 7.420888
8030 134 0.030938 7.793674
7760 135 0.140801 2.856519
7770 135 0.488910 2.893273
7780 135 0.837020 2.930026
7790 135 1.185129 2.966780
7800 135 1.533238 3.003534
7810 135 1.881137 3.040049
7820 135 2.273023 3.061528
7830 135 2.693953 3.072506
7840 135 3.114884 3.083723
7850 135 3.535814 3.094702
7860 135 3.959480 3.108544
7870 135 4.389250 3.128830
7880 135 4.819020 3.148877
7890 135 5.248789 3.169163
7900 135 5.678770 3.189211
7910 135 6.108539 3.209497
7920 135 6.538309 3.229544
7930 135 6.980496 3.245773
7940 135 7.471511 3.245773
7950 135 7.962526 3.245773
7960 135 8.453752 3.245773
7970 135 8.944767 3.245773
7980 135 9.435782 3.245773
7990 135 9.920273 3.234079
8000 135 10.378245 3.175369
8010 135 10.836007 3.116897
8020 135 11.293768 3.058187
8030 135 11.751740 2.999476
8040 135 12.209502 2.941005
8050 135 12.683259 2.920719
8060 135 13.173011 2.939095
8070 135 13.662764 2.957472
8080 135 14.152516 2.975849
8090 135 14.642268 2.994226
8100 135 15.132020 3.012603
7770 136 -0.049249 3.810442
7780 136 0.389571 3.830728
7790 136 0.828601 3.851253
7800 136 1.267631 3.871778
7810 136 1.703505 3.891109
7820 136 2.111176 3.901133
7830 136 2.519057 3.910918
7840 136 2.926728 3.920942
7850 136 3.334609 3.930966
7860 136 3.746279 3.942421
7870 136 4.167209 3.957695
7880 136 4.588139 3.972970
7890 136 5.009070 3.988244
7900 136 5.430000 4.003279
7910 136 5.848825 4.029293
7920 136 6.265967 4.062228
7930 136 6.683320 4.095164
7940 136 7.100672 4.128099
7950 136 7.518024 4.160795
7960 136 7.935166 4.193730
7970 136 8.425339 4.229290
7980 136 8.933613 4.265328
7990 136 9.441886 4.301366
8000 136 9.950159 4.337403
8010 136 10.458432 4.373441
8020 136 10.948816 4.362224
8030 136 11.421310 4.303752
8040 136 11.893804 4.245281
8050 136 12.366298 4.186809
8060 136 12.838793 4.128337
8070 136 13.298869 4.119029
8080 136 13.750527 4.142179
8090 136 14.202186 4.165568
8100 136 14.654054 4.188718
8110 136 15.105712 4.212107
8010 137 8.848374 -0.159186
8020 137 9.088094 0.026491
8030 137 9.327603 0.212169
8040 137 9.567323 0.397846
8050 137 9.860290 0.791873
8060 137 10.175988 1.275159
8070 137 10.491686 1.758445
8080 137 10.807383 2.241731
8090 137 11.139076 2.553660
8100 137 11.477715 2.792320
8110 137 11.823298 3.023581
8120 137 12.179405 3.243864
8130 137 12.535723 3.464147
8140 137 12.953496 3.508299
8150 137 13.395683 3.508299
8160 137 13.918268 3.508299
8170 137 14.440853 3.508299
8180 137 14.963438 3.508299
8010 138 8.117008 -0.276845
8020 138 8.362410 0.033412
8030 138 8.608023 0.343670
8040 138 8.853636 0.653928
8050 138 9.145972 1.154397
8060 138 9.449883 1.702360
8070 138 9.760740 2.245550
8080 138 10.133895 2.744588
8090 138 10.507050 3.243625
8100 138 10.881888 3.470829
8110 138 11.257147 3.668201
8120 138 11.729221 3.868675
8130 138 12.265907 4.071536
8140 138 12.748082 4.194685
8150 138 13.193637 4.265089
8160 138 13.665710 4.314969
8170 138 14.140940 4.362701
8180 138 14.615960 4.410433
8190 138 15.090980 4.458165
8360 139 0.244560 3.588250
8370 139 0.796400 3.672020
8380 139 1.348029 3.756028
8390 139 1.899869 3.839798
8400 139 2.447499 3.897076
8410 139 2.988605 3.914021
8420 139 3.529710 3.930966
8430 139 4.071027 3.948149
8440 139 4.610870 3.962946
8450 139 5.145030 3.969151
8460 139 5.679401 3.975118
8470 139 6.213561 3.981323
8480 139 6.671744 3.989915
8490 139 6.952294 4.004473
8500 139 7.233054 4.018792
8510 139 7.513604 4.033351
8520 139 7.789945 4.077980
8530 139 8.123953 4.121655
8540 139 8.544883 4.162943
8550 139 8.975074 4.204470
8560 139 9.489661 4.244087
8570 139 10.004038 4.283943
8580 139 10.518625 4.323800
8590 139 10.966074 4.348620
8600 139 11.346805 4.358883
8610 139 11.727326 4.368906
8620 139 12.108058 4.379169
8630 139 12.488579 4.389192
8640 139 12.795226 4.351245
8650 139 13.083143 4.300888
8660 139 13.387475 4.305661
8670 139 13.693702 4.316401
8680 139 14.085377 4.260077
8690 139 14.513884 4.174876
8700 139 14.942181 4.089674
8400 140 15.224625 6.578896
8410 140 14.636796 6.447156
8420 140 14.048967 6.315416
8430 140 13.461138 6.183675
8440 140 12.849947 6.065300
8450 140 12.233074 5.950027
8460 140 11.616201 5.834755
8470 140 11.009009 5.720198
8480 140 10.402869 5.605641
8490 140 9.821986 5.607789
8500 140 9.278775 5.784875
8510 140 8.735565 5.961960
8520 140 8.200142 6.101338
8530 140 7.682608 6.152888
8540 140 7.164864 6.204439
8550 140 6.647330 6.256228
8560 140 6.123061 6.329258
8570 140 5.594163 6.416369
8580 140 5.065474 6.503718
8590 140 4.536786 6.591068
8600 140 4.048507 6.634742
8610 140 3.600637 6.634742
8620 140 3.152557 6.634742
8630 140 2.704687 6.634742
8640 140 2.245031 6.645243
8650 140 1.777167 6.663143
8660 140 1.309514 6.680804
8670 140 0.983714 6.874596
8680 140 0.673488 7.088196
8690 140 0.431453 7.505851
8700 140 0.189419 7.923505
8710 140 0.151745 8.136629
8720 140 0.114283 8.349752
8730 140 0.076609 8.562875
8580 141 7.183174 -0.374696
8590 141 6.941139 0.305485
8600 141 6.699104 0.985665
8610 141 6.367201 1.865365
8620 141 6.012567 2.794945
8630 141 5.731596 3.166300
8640 141 5.458834 3.475603
8650 141 5.235109 3.766768
8660 141 5.207538 3.984664
8670 141 5.180178 4.202560
8680 141 5.012648 4.289671
8690 141 4.829753 4.362224
8700 141 4.536996 4.360315
8710 141 4.170787 4.308287
8720 141 3.781848 4.262225
8730 141 3.339239 4.229290
8740 141 2.896421 4.196355
8750 141 2.447920 4.143611
8760 141 1.990789 4.061274
8770 141 1.533449 3.978936
8780 141 1.082212 3.905668
8790 141 0.637078 3.841468
8800 141 0.191944 3.777269
8600 142 7.726174 -0.289733
8610 142 7.610208 -0.034606
8620 142 7.494031 0.220522
8630 142 7.377854 0.475649
8640 142 7.053107 0.856311
8650 142 6.704997 1.251055
8660 142 6.351416 1.641502
8670 142 5.984996 2.021449
8680 142 5.618577 2.401634
8690 142 5.180599 2.597812
8700 142 4.695056 2.671080
8710 142 4.209302 2.744588
8720 142 3.800158 2.757953
8730 142 3.374387 2.763680
8740 142 2.883372 2.739815
8750 142 2.392357 2.715949
8760 142 1.918389 2.702584
8770 142 1.512823 2.731700
8780 142 1.107257 2.760817
8790 142 0.701691 2.789933
8800 142 0.296124 2.819050
8620 143 15.186110 4.795869
8630 143 14.726875 4.958635
8640 143 14.267640 5.121401
8650 143 13.798514 5.223308
8660 143 13.319495 5.264597
8670 143 12.840476 5.305646
8680 143 12.371139 5.241924
8690 143 11.908116 5.108274
8700 143 11.456037 4.984171
8710 143 11.101403 4.946463
8720 143 10.744875 4.908755
8730 143 10.379297 4.871285
8740 143 10.016245 4.891571
8750 143 9.659507 5.047177
8760 143 9.302558 5.202784
8770 143 8.969392 5.272472
8780 143 8.636015 5.341922
8790 143 8.287064 5.369845
8800 143 7.927589 5.369845
8810 143 7.571482 5.375812
8820 143 7.229477 5.405644
8830 143 6.887471 5.435477
8840 143 6.545465 5.465309
8850 143 6.181992 5.552182
8860 143 5.818308 5.638815
8870 143 5.454835 5.725687
8880 143 5.079575 5.848597
8890 143 4.699475 5.987258
8900 143 4.319375 6.125920
8910 143 3.953798 6.191074
8920 143 3.598322 6.207541
8930 143 3.242636 6.224009
8940 143 2.785085 6.165299
8950 143 2.283967 6.074369
8960 143 1.785796 5.979383
8970 143 1.289309 5.881532
8980 143 0.792822 5.783443
8990 143 0.296335 5.685592
8650 144 14.926396 4.597065
8660 144 14.527144 4.671050
8670 144 14.128102 4.745273
8680 144 13.707172 4.792050
8690 144 13.235309 4.775583
8700 144 12.763657 4.759115
8710 144 12.326731 4.732862
8720 144 11.942001 4.691813
8730 144 11.557481 4.650525
8740 144 11.144759 4.656014
8750 144 10.704045 4.708281
8760 144 10.263542 4.760547
8770 144 9.834193 4.807324
8780 144 9.431152 4.841453
8790 144 9.028322 4.875581
8800 144 8.625492 4.909471
8810 144 8.220767 4.930711
8820 144 7.815622 4.948611
8830 144 7.410477 4.966510
8840 144 7.005331 4.984410
8850 144 6.587558 5.044791
8860 144 6.166628 5.115673
8870 144 5.745697 5.186555
8880 144 5.323715 5.246936
8890 144 4.892051 5.210182
8900 144 4.460177 5.173428
8910 144 4.028513 5.136675
8920 144 3.609056 5.100399
8930 144 3.238216 5.066509
8940 144 2.867377 5.032381
8950 144 2.496537 4.998252
8960 144 2.125698 4.964124
8970 144 1.674671 4.782265
8980 144 1.223644 4.600406
8990 144 0.772617 4.418548
9000 144 0.321801 4.236689
8660 145 14.863257 2.380632
8670 145 14.247015 2.440296
8680 145 13.630562 2.499961
8690 145 13.020634 2.523589
8700 145 12.416810 2.510940
8710 145 11.813196 2.498291
8720 145 11.209582 2.485880
8730 145 10.603232 2.510701
8740 145 9.995830 2.551512
8750 145 9.388638 2.592561
8760 145 8.781236 2.633372
8770 145 8.173833 2.674422
8780 145 7.566431 2.715233
8790 145 6.959239 2.756282
8800 145 6.382354 2.793990
8810 145 5.818729 2.830267
8820 145 5.255103 2.866782
8830 145 4.691688 2.903058
8840 145 4.128063 2.939573
8850 145 3.564437 2.975849
8860 145 3.015544 2.986350
8870 145 2.470439 2.990407
8880 145 1.925335 2.994226
8890 145 1.380020 2.998044
8900 145 0.834915 3.002102
8910 145 0.289810 3.005920
8660 146 15.027209 3.150309
8670 146 14.443589 3.193745
8680 146 13.860180 3.237182
8690 146 13.233415 3.289448
8700 146 12.596126 3.343862
8710 146 11.958628 3.398516
8720 146 11.324496 3.447202
8730 146 10.698362 3.482046
8740 146 10.072018 3.517129
8750 146 9.445674 3.551974
8760 146 8.829853 3.589921
8770 146 8.255073 3.640517
8780 146 7.680293 3.690874
8790 146 7.105723 3.741470
8800 146 6.530943 3.791827
8810 146 5.956163 3.842423
8820 146 5.403692 3.860322
8830 146 4.851221 3.878222
8840 146 4.298750 3.896121
8850 146 3.746279 3.914021
8860 146 3.186863 3.964378
8870 146 2.627446 4.014496
8880 146 2.068030 4.064854
8890 146 1.511350 4.099698
8900 146 0.965824 4.073207
8910 146 0.420088 4.046716
8920 146 -0.125437 4.019986
8660 147 15.060252 5.432374
8670 147 14.519146 5.523304
8680 147 13.977830 5.614233
8690 147 13.526803 5.673182
8700 147 13.098507 5.724494
8710 147 12.670000 5.775567
8720 147 12.206976 5.743825
8730 147 11.743953 5.711845
8740 147 11.280930 5.680103
8750 147 10.866524 5.642872
8760 147 10.452329 5.605403
8770 147 10.037923 5.568172
8780 147 9.643090 5.566501
8790 147 9.253099 5.573422
8800 147 8.863107 5.580343
8810 147 8.465117 5.606596
8820 147 8.054921 5.661726
8830 147 7.644724 5.716857
8840 147 7.234528 5.771987
8850 147 6.846220 5.830220
8860 147 6.479379 5.891556
8870 147 6.112538 5.952891
8880 147 5.745697 6.014227
8890 147 5.273414 5.967688
8900 147 4.801130 5.921150
8910 147 4.328846 5.874611
8920 147 3.856563 5.828072
8930 147 3.444682 5.743825
8940 147 3.039327 5.655283
8950 147 2.627657 5.568172
8960 147 2.190521 5.485595
8970 147 1.753385 5.402781
8980 147 1.312460 5.277723
8990 147 0.869010 5.124265
9000 147 0.425350 4.971045
8550 148 0.461550 8.765258
8560 148 0.573938 8.613948
8570 148 0.686116 8.462876
8580 148 0.798294 8.311805
8590 148 0.846280 8.173382
8600 148 0.878060 8.038301
8610 148 0.909841 7.903219
8620 148 0.941621 7.768138
8630 148 0.973401 7.633056
8640 148 1.050010 7.527807
8650 148 1.171870 7.452391
8660 148 1.293729 7.377213
8670 148 1.415588 7.301797
8680 148 1.467363 7.181273
8690 148 1.489251 7.041180
8700 148 1.510929 6.901325
8710 148 1.505036 6.866481
8720 148 1.491987 6.857889
8730 148 1.478938 6.849059
8740 148 1.465889 6.840467
8750 148 1.452841 6.831637
8760 148 1.439792 6.823045
8770 148 1.426953 6.814453
8780 148 1.413905 6.805623
8790 148 1.400856 6.797031
8800 148 1.387807 6.788439
8810 148 1.374758 6.779609
8820 148 1.361920 6.771017
8830 148 1.348871 6.762425
8840 148 1.335822 6.753595
8850 148 1.322773 6.745003
8860 148 1.309724 6.736173
8870 148 1.296676 6.727581
8880 148 1.283837 6.718989
8890 148 1.270788 6.710159
8900 148 1.257739 6.701567
8910 148 1.244691 6.692975
8920 148 1.231642 6.684145
8930 148 1.218803 6.675553
8940 148 1.205755 6.666962
8950 148 1.192706 6.658131
8960 148 1.179657 6.649539
8970 148 1.166608 6.640709
8980 148 1.072320 6.576748
8990 148 0.787771 6.383195
9000 148 0.503433 6.189642
9010 148 0.219094 5.996089
